"domain","cc","geoloc_cc",size_mobile,"price_mobile",size_desktop,"price_desktop"
"247ureports.com","NG","US-AZ",78442,"0.0003",78442,"0.0003"
"263chat.com","ZW","US-UT",243528,"0.0072",243510,"0.0072"
"7sur7.cd","CD","US-CO",303144,"0.0056",303144,"0.0056"
"abangui.com","CF","US",52725,"0.0006",52725,"0.0006"
"abcafricanews.com","UG","US-UT",91168,"0.0006",91150,"0.0006"
"abidjantv.net","CI","CA-QC",357685,"0.0043",357678,"0.0043"
"abujavoice.com","NG","US-TX",23785,"0.0001",23143,"0.0001"
"acpcongo.com","CD","US-NJ",113181,"0.0021",113181,"0.0021"
"actualites.visages-du-benin.com","BJ","US-CA",109710,"0.0009",109710,"0.0009"
"addisfortune.net","ET","US-CA",11234,"0.0001",72560,"0.0004"
"africanreporter.co.za","ZA","US",125084,"0.0013",284838,"0.0029"
"africansearchlight.com","NG","US-AZ",20978,"0.0001",20978,"0.0001"
"ain-oulmene.com","DZ","FR",41495,"0.0003",150175,"0.0011"
"akhbarachark.dz","DZ","FR",266092,"0.0019",266092,"0.0019"
"akhbarelyom.com","EG","US",140570,"0.0002",99995,"0.0002"
"albayane.press.ma","MA","MA",126524,"0.0005",126524,"0.0005"
"albertonrecord.co.za","ZA","US",125850,"0.0013",288300,"0.0030"
"alexnews.co.za","ZA","US",106785,"0.0011",279804,"0.0029"
"algerienetwork.com","DZ","US-UT",232029,"0.0016",232029,"0.0016"
"allsbc.com","SO","US-TX",51644,NULL,51644,NULL
"almaugif.com","SS","US-CA",218412,"0.0013",218412,"0.0013"
"alnabaa.tv","LY","US",58999,"0.0010",59174,"0.0010"
"aminata.com","GQ","US-NJ",266299,NULL,266299,NULL
"angolanas.net","AO","US-WA",6808,"0.0001",6264,"0.0001"
"ar.leaders.com.tn","TN","FR",61005,"0.0002",59467,"0.0002"
"assudan.net","SD","US-CA",153109,"0.0008",153109,"0.0008"
"atoptogo.blogspot.com","TG","US-CA",31594,"0.0003",28258,"0.0002"
"awate.com","ER","US-CA",93228,NULL,93228,NULL
"awoko.org","SL","US-UT",34704,"0.0003",34704,"0.0003"
"bamendaonline.net","CM","US-WA",6857,"0.0001",6495,"0.0001"
"bayanealyaoume.press.ma","MA","MA",379757,"0.0016",540510,"0.0023"
"bbstv.ug","UG","US-VA",63797,"0.0004",63796,"0.0004"
"bedfordviewedenvalenews.co.za","ZA","US",125530,"0.0013",268275,"0.0028"
"bel-abbes.info","DZ","FR",4442,"0.0000",171436,"0.0012"
"beninsite.net","BJ","US-AZ",117663,"0.0009",117686,"0.0009"
"benonicitytimes.co.za","ZA","US",111766,"0.0012",291721,"0.0030"
"bereamail.co.za","ZA","US",105849,"0.0011",276650,"0.0029"
"bizwatchnigeria.ng","NG","US-NJ",263838,"0.0009",263838,"0.0009"
"blanknewsonline.wordpress.com","NG","US-CA",164030,"0.0006",166978,"0.0006"
"boksburgadvertiser.co.za","ZA","US",111327,"0.0012",298218,"0.0031"
"brakpanherald.co.za","ZA","US",109681,"0.0011",279509,"0.0029"
"breezefmchipata.com","ZM","DK",36665,"0.0006",36658,"0.0006"
"bulawayo24.com","ZW","GB",62475,"0.0018",82171,"0.0024"
"burundi-24.com","BI","FR",17808,"0.0001",17808,"0.0001"
"businessdayonline.com","NG","US-MI",81733,"0.0003",146812,"0.0005"
"businessnews.com.ng","NG","US",44844,"0.0002",44844,"0.0002"
"businessworldng.com","NG","VG",11658,"0.0000",20116,"0.0001"
"buzzghana.com","GH","US",99925,"0.0005",101253,"0.0005"
"buzzkenya.com","KE","US",241197,"0.0010",241197,"0.0010"
"buzznigeria.com","NG","US",122459,"0.0004",123609,"0.0004"
"buzzsouthafrica.com","ZA","US",113911,"0.0012",114794,"0.0012"
"cameroonjournal.com","CM","US-CA",146892,"0.0013",146892,"0.0013"
"cameroonwebnews.com","CM","US-MA",11783,"0.0001",11783,"0.0001"
"capitalradio.co.ug","UG","US",84269,"0.0005",85013,"0.0005"
"centrafrique-presse.over-blog.com","CF","FR",89677,"0.0010",249408,"0.0029"
"citizen.co.za","ZA","ZA",229326,"0.0024",229326,"0.0024"
"city1051fm.com","NG","US-TX",71350,"0.0002",71350,"0.0002"
"citybuzz.co.za","ZA","US",104980,"0.0011",242911,"0.0025"
"comarochronicle.co.za","ZA","US",113073,"0.0012",287477,"0.0030"
"completesportsnigeria.com","NG","US",134408,"0.0005",134408,"0.0005"
"congo-liberty.com","CG","US-AZ",29181,"0.0003",105744,"0.0011"
"congopanorama.info","CD","JP",10583,"0.0002",10583,"0.0002"
"crossriverwatch.com","NG","US",114787,"0.0004",114787,"0.0004"
"crtv.cm","CM","CM",403686,"0.0035",403686,"0.0035"
"cyberzena.com","ET","DE",10984,"0.0001",11011,"0.0001"
"dailypost.ng","NG","US",137249,"0.0005",138110,"0.0005"
"dailypost.ug","UG","US-CA",106926,"0.0007",106926,"0.0007"
"dailyreviewonline.com.ng","NG","DE",8924,"0.0000",9394,"0.0000"
"dailystar.com.ng","NG","US",76281,"0.0003",77054,"0.0003"
"diasporasaharaui-en.blogspot.com","EH","US-CA",41562,NULL,290435,NULL
"dieson.mobi","ZA","ZA",35661,"0.0004",60738,"0.0006"
"diplomat.so","SO","BG",130381,NULL,130381,NULL
"eagle.co.ug","UG","US-CA",49593,"0.0003",144504,"0.0009"
"eaglereporters.com","NG","US-MA",63639,"0.0002",20786,"0.0001"
"ecadforum.com","ET","US",114170,"0.0007",114170,"0.0007"
"echosdesidibelabbes.info","DZ","GB",22952,"0.0002",22952,"0.0002"
"economiaemercado.sapo.ao","AO","PT",85503,"0.0017",85503,"0.0017"
"ectv.org","ET","US-TX",36934,"0.0002",36935,"0.0002"
"edennewspaper.org","CM","AU",63105,"0.0006",69984,"0.0006"
"egypttoday.com","EG","US",69210,"0.0001",69210,"0.0001"
"el-youm.info","DZ","FR",215303,"0.0015",215303,"0.0015"
"elmassar-ar.com","DZ","FR",74378,"0.0005",74378,"0.0005"
"elraaed.com","DZ","FR",184886,"0.0013",184886,"0.0013"
"elwaha-dz.com","DZ","GB",64133,"0.0005",184751,"0.0013"
"elwatani.com","DZ","FR",108623,"0.0008",108623,"0.0008"
"es.groups.yahoo.com","EH","GB",49952,NULL,57695,NULL
"ethiopiaforums.com","ET","US-UT",75804,"0.0004",75804,"0.0004"
"ethiopianreview.com","ET","FR",17777,"0.0001",17777,"0.0001"
"evasion.lepays.bf","BF","FR",80947,"0.0006",80947,"0.0006"
"ewn.co.za","ZA","ZA",218312,"0.0023",223137,"0.0023"
"exposeghana.com","GH","US-TX",57380,"0.0003",57380,"0.0003"
"eyeradio.org","SS","SG",41664,"0.0003",41664,"0.0003"
"faso-actu.net","BF","FR",99914,"0.0008",99914,"0.0008"
"flashpointnews.wordpress.com","NG","US",420706,"0.0015",448559,"0.0016"
"focus.rw","RW","US-TX",52320,"0.0002",52320,"0.0002"
"foroyaa.gm","GM","US-CA",279433,"0.0290",279433,"0.0290"
"fourwaysreview.co.za","ZA","US",111157,"0.0012",293549,"0.0030"
"fr.alakhbar.info","MR","DE",31321,"0.0006",31321,"0.0006"
"gabonreview.com","GA","FR",111068,"0.0012",111068,"0.0012"
"gainako.com","GM","US-AZ",172133,"0.0178",172133,"0.0178"
"germistoncitynews.co.za","ZA","US",112632,"0.0012",297788,"0.0031"
"ghananewslink.com","GH","US-TX",94371,"0.0004",94371,"0.0004"
"ghheadlines.com","GH","DE",216591,"0.0010",216591,"0.0010"
"gistyinka.net","NG","US-AZ",18067,"0.0001",17999,"0.0001"
"globalvillageextra.com","NG","US-TX",195981,"0.0007",195981,"0.0007"
"gloryfm.com","NG","VG",16255,"0.0001",26990,"0.0001"
"gnnliberia.com","LR","US-AZ",101974,"0.0005",101973,"0.0005"
"goldenpennewspaper.blogspot.com","NG","US-CA",39931,"0.0001",137074,"0.0005"
"guinea-forum.org","GQ","CA-ON",31191,NULL,59931,NULL
"guineeactu.info","GQ","CH",59469,NULL,59380,NULL
"guineenews.org","GQ","US",298946,NULL,300097,NULL
"haatuf.net","SO","US-IL",48614,NULL,48614,NULL
"happyghana.com","GH","US-VA",73458,"0.0003",72205,"0.0003"
"hebdo.ahram.org.eg","EG","EG",104865,"0.0002",104865,"0.0002"
"heritageliberia.net","LR","US",7597,"0.0000",7597,"0.0000"
"highwaymail.co.za","ZA","US",110918,"0.0011",283497,"0.0029"
"hmetro.co.zw","ZW","US-UT",90957,"0.0027",90957,"0.0027"
"iharare.com","ZW","US-AZ",132265,"0.0039",135481,"0.0040"
"imvahonshya.co.rw","RW","US-TX",92360,"0.0003",92360,"0.0003"
"ireports-ng.com","NG","LT",202882,"0.0007",202882,"0.0007"
"isoexpress.co.za","ZA","ZA",61008,"0.0006",112472,"0.0012"
"itvradionigeria.com","NG","US-AZ",185038,"0.0006",185038,"0.0006"
"jamboleonews.blogspot.com","TZ","US-CA",22250,"0.0001",19080,"0.0001"
"joburgeastexpress.co.za","ZA","US",110677,"0.0011",280935,"0.0029"
"jornaldeangola.sapo.ao","AO","PT",78560,"0.0016",78558,"0.0016"
"jornaldeeconomia.sapo.ao","AO","PT",2599,"0.0001",36787,"0.0007"
"jornaldosdesportos.sapo.ao","AO","PT",2575,"0.0001",57124,"0.0011"
"jornalf8.net","AO","PT",166282,"0.0033",166282,"0.0033"
"journal.rdpcpdm.cm","CM","US-CA",275662,"0.0024",275662,"0.0024"
"kabyleuniversel.com","DZ","US-MA",248344,"0.0018",248344,"0.0018"
"kampalasun.co.ug","UG","US-UT",164250,"0.0010",164250,"0.0010"
"kemptonexpress.co.za","ZA","US",109070,"0.0011",294861,"0.0031"
"kfm.co.ug","UG","US-TX",20899,"0.0001",20899,"0.0001"
"krugersdorpnews.co.za","ZA","US",109238,"0.0011",291021,"0.0030"
"kwekwebiz.com","ZW","US-FL",155208,"0.0046",155208,"0.0046"
"ladysmithgazette.co.za","ZA","US",108248,"0.0011",278671,"0.0029"
"laghouatinfo.net","DZ","FR",107078,"0.0008",892554,"0.0063"
"lalternative-togo.com","TG","US-MA",63121,"0.0005",70002,"0.0006"
"landbou.com","ZA","ZA",74129,"0.0008",115110,"0.0012"
"latribunedelacapitale.com","BJ","US-TX",161417,"0.0013",161417,"0.0013"
"lautrefraternite.com","BJ","US-FL",87065,"0.0007",87583,"0.0007"
"lavoixdesidibelabbes.info","DZ","FR",109740,"0.0008",109740,"0.0008"
"leadership.ng","NG","US",234466,"0.0008",234466,"0.0008"
"leboncoin.nu","MU","GB",90502,"0.0006",90502,"0.0006"
"lechiffredaffaires.net","DZ","FR",102207,"0.0007",102207,"0.0007"
"lecitoyendz.com","DZ","US-OK",56933,"0.0004",56933,"0.0004"
"lecombat.info","ML","US-WA",56241,"0.0007",56241,"0.0007"
"leconfrere.info","BJ","FR",69559,"0.0005",69559,"0.0005"
"lecourrier-dalgerie.com","DZ","FR",120623,"0.0009",121098,"0.0009"
"ledaily.mg","MG","US",101837,"0.0007",101837,"0.0007"
"lefaso.net","BF","FR",105999,"0.0008",105999,"0.0008"
"lejournaldaffaire.com","DZ","FR",76844,"0.0005",76838,"0.0005"
"lejournaldemayotte.com","YT","FR",45081,NULL,103745,NULL
"lelynx.net","GQ","US-AZ",48726,NULL,48726,NULL
"lepays.bf","BF","FR",374181,"0.0029",257050,"0.0020"
"lequotidienalgerie.org","DZ","CA-QC",168206,"0.0012",168206,"0.0012"
"lestimes.com","LS","ZA",266190,"0.0022",266194,"0.0022"
"letempstg.com","TG","US-AZ",152608,"0.0012",733375,"0.0058"
"levenementprecis.com","BJ","US-FL",143440,"0.0011",143440,"0.0011"
"lexpressguinee.com","GQ","FR",82988,NULL,82988,NULL
"liberal.sapo.cv","CV","PT",294074,"0.0014",294074,"0.0014"
"lindaikeji.blogspot.com","NG","US-CA",91324,"0.0003",171019,"0.0006"
"lnt.ma","MA","FR",47711,"0.0002",50832,"0.0002"
"lobservateurdumaroc.info","MA","US",140869,"0.0006",140869,"0.0006"
"lowvelder.co.za","ZA","US",118074,"0.0012",289122,"0.0030"
"lusakastar.com","ZM","DE",105056,"0.0016",105056,"0.0016"
"lusakavoice.com","ZM","US",154648,"0.0024",154598,"0.0024"
"majira-hall.blogspot.com","TZ","US-CA",85006,"0.0003",85007,"0.0003"
"malawi24.com","MW","US",33181,"0.0002",60514,"0.0003"
"malawiana.net","MW","US-UT",176625,"0.0010",175655,"0.0009"
"malawilive.com","MW","US-TX",23753,"0.0001",23265,"0.0001"
"maliactu.net","ML","US",130003,"0.0016",130000,"0.0016"
"manicapost.co.zw","ZW","US-UT",206176,"0.0061",208569,"0.0062"
"maravi.blogspot.com","ZM","US-CA",49383,"0.0008",261270,"0.0040"
"maritzburgsun.co.za","ZA","US",110808,"0.0011",275624,"0.0029"
"marocpress.ma","MA","US",143775,"0.0006",144145,"0.0006"
"mauritiustimes.com","MU","US-AZ",77015,"0.0005",77015,"0.0005"
"mayotte.la1ere.fr","YT","EU",203204,NULL,203204,NULL
"mbc.intnet.mu","MU","MU",110276,"0.0008",110276,"0.0008"
"mediamaxnetwork.co.ke","KE","US",197038,"0.0008",184153,"0.0007"
"mg.co.za","ZA","US",158182,"0.0016",165344,"0.0017"
"midrandreporter.co.za","ZA","US",108328,"0.0011",307085,"0.0032"
"monroviainquirer.com","LR","US-IL",134850,"0.0006",134850,"0.0006"
"moroccantimes.com","MA","US-TX",16181,"0.0001",27096,"0.0001"
"moroccomedia.com","MA","US-UT",74403,"0.0003",74403,"0.0003"
"mtanzania.co.tz","TZ","CA-QC",77564,"0.0002",77565,"0.0002"
"mthathaexpress.co.za","ZA","ZA",61008,"0.0006",112474,"0.0012"
"mubasher-misr.aljazeera.net","EG","DE",120469,"0.0002",120469,"0.0002"
"mzalendo.net","TZ","US-MI",96814,"0.0003",96742,"0.0003"
"naijabizcom.com","NG","US-CA",58683,"0.0002",58683,"0.0002"
"nationalmirroronline.net","NG","US-WA",58417,"0.0002",68071,"0.0002"
"nbs.ug","UG","US-CA",211969,"0.0013",211969,"0.0013"
"nehandaradio.com","ZW","US",177984,"0.0052",177037,"0.0052"
"nehandatv.com","ZW","US",88381,"0.0026",88401,"0.0026"
"new.elfagr.org","EG","US",124242,"0.0002",124242,"0.0002"
"newcastleadvertiser.co.za","ZA","US",110744,"0.0011",288589,"0.0030"
"newctzen.com","SL","GB",62872,"0.0006",69751,"0.0007"
"newmail-ng.com","NG","US-KS",267409,"0.0009",267409,"0.0009"
"news.aniamey.com","NE","US",95470,"0.0023",95470,"0.0023"
"news.bestnaira.com","NG","US",20327,"0.0001",20623,"0.0001"
"news.google.com","BW","US-CA",593376,"0.0185",1082056,"0.0338"
"news.google.com","EG","US-CA",503520,"0.0008",1112625,"0.0018"
"news.google.com","ET","US-CA",595199,"0.0034",1118710,"0.0065"
"news.google.com","GH","US-CA",591426,"0.0028",1114829,"0.0052"
"news.google.com","KE","US-CA",594284,"0.0023",1120888,"0.0044"
"news.google.com","MA","US-CA",596419,"0.0026",1121778,"0.0049"
"news.google.com","NA","US-CA",593760,"0.0037",1123564,"0.0071"
"news.google.com","NG","US-CA",595311,"0.0021",1124045,"0.0039"
"news.google.com","SN","US-CA",593488,"0.0040",1116160,"0.0075"
"news.google.com","TZ","US-CA",593301,"0.0018",1117385,"0.0035"
"news.google.com","UG","US-CA",595205,"0.0038",1119079,"0.0071"
"news.google.com","ZA","US-CA",593287,"0.0061",1118327,"0.0116"
"news.google.com","ZW","US-CA",598860,"0.0177",1104771,"0.0326"
"news.maraviexpress.com","MW","GB",154743,"0.0008",154743,"0.0008"
"news.sudanvisiondaily.com","SD","US-WA",6907,"0.0000",6371,"0.0000"
"newsdiaryonline.com","NG","US",289548,"0.0010",289548,"0.0010"
"newsducamer.com","CM","US-AZ",198100,"0.0017",172855,"0.0015"
"newsinvestigatorsng.com","NG","CA-QC",88093,"0.0003",88093,"0.0003"
"newslexpoint.com","UG","GB",366603,"0.0023",368540,"0.0023"
"newsly.ma","MA","FR",38216,"0.0002",38216,"0.0002"
"newsofthesouth.com","ZW","GB",69050,"0.0020",69050,"0.0020"
"newsvyb.com","ZW","US-WA",10531,"0.0003",10531,"0.0003"
"newzimbabwevision.com","ZW","DE",70266,"0.0021",70266,"0.0021"
"ngex.com","NG","US-IL",85980,"0.0003",85829,"0.0003"
"nhasimugweru.blogspot.com","ZW","US-CA",43152,"0.0013",125619,"0.0037"
"nigerdiaspora.net","NE","US",224009,"0.0054",224009,"0.0054"
"nigeriaindependent.com","NG","US-TX",27401,"0.0001",27401,"0.0001"
"nigerianbeacon.com","NG","US",205008,"0.0007",203381,"0.0007"
"nigerianinquirer.com","NG","DE",10595,"0.0000",11020,"0.0000"
"nigeriantimes.ng","NG","US-AZ",155596,"0.0005",207051,"0.0007"
"nigeriapoliticsonline.com","NG","US-UT",203044,"0.0007",203216,"0.0007"
"nigeriastandardnewspaper.com","NG","US-NJ",586129,"0.0020",586128,"0.0020"
"northcliffmelvilletimes.co.za","ZA","US",128907,"0.0013",294438,"0.0030"
"northeasterntribune.co.za","ZA","US",109779,"0.0011",294245,"0.0030"
"northglennews.co.za","ZA","US",109408,"0.0011",288856,"0.0030"
"noticiasdonorte.publ.cv","CV","US-CA",64739,"0.0003",64739,"0.0003"
"novagazeta.co.ao","AO","PT",21726,"0.0004",21726,"0.0004"
"ntv.nation.co.ke","KE","US",39547,"0.0002",39547,"0.0002"
"observer24.com.na","NA","DE",86592,"0.0005",86592,"0.0005"
"ogavendor.com","NG","DE",80132,"0.0003",100955,"0.0004"
"ontveg.com","EG","US-AZ",320487,"0.0005",320326,"0.0005"
"opais.co.ao","AO","US",85492,"0.0017",85494,"0.0017"
"ouest-info.org","DZ","FR",134628,"0.0010",134628,"0.0010"
"patsakacommunityradio.org","ZW","US-CA",97975,"0.0029",97942,"0.0029"
"plentynews.com","NG","AU",1442,"0.0000",1442,"0.0000"
"pointblanknews.com","NG","US-CA",104899,"0.0004",104899,"0.0004"
"politicosl.com","SL","US-TX",67031,"0.0007",67031,"0.0007"
"polokwaneexpress.co.za","ZA","ZA",101593,"0.0011",271022,"0.0028"
"ppbdi.com","BI","US-TX",123230,"0.0004",122675,"0.0004"
"pulse.ng","NG","DE",107860,"0.0004",146404,"0.0005"
"puntlandi.com","SO","DK",145782,NULL,145782,NULL
"puntlandnews24.com","SO","US-TX",103046,NULL,103046,NULL
"quotidienlemessager.net","CM","US-TX",16485,"0.0001",27404,"0.0002"
"radiodemocracy.sl","SL","NL",97259,"0.0010",97259,"0.0010"
"radiodespertarangola.net","AO","US-FL",114346,"0.0023",114346,"0.0023"
"radiookapi.net","CD","US",61782,"0.0012",111495,"0.0021"
"radioonefm90.com","UG","MU",44528,"0.0003",44528,"0.0003"
"randburgsun.co.za","ZA","US",108373,"0.0011",282377,"0.0029"
"rasd.tv","EH","DE",22309,NULL,26146,NULL
"realnewsmagazine.net","NG","US-UT",110083,"0.0004",110083,"0.0004"
"rekordcenturion.co.za","ZA","US",123331,"0.0013",284396,"0.0029"
"rekordeast.co.za","ZA","US",109838,"0.0011",300597,"0.0031"
"reporters365.com","NG","US-GA",257995,"0.0009",257995,"0.0009"
"reunion.la1ere.fr","RE","EU",151869,NULL,151869,NULL
"risingsunchatsworth.co.za","ZA","US",113047,"0.0012",287730,"0.0030"
"royaltimes.net","NG","US-PA",78487,"0.0003",77960,"0.0003"
"rwandawire.com","RW","US-CA",37271,"0.0001",37271,"0.0001"
"saharaoccidental.blogspot.com","EH","US-CA",37970,NULL,93675,NULL
"saharareporters.com","NG","US",175135,"0.0006",159861,"0.0006"
"salonepost.com","SL","US-IL",11652,"0.0001",11652,"0.0001"
"sandtonchronicle.co.za","ZA","US",125782,"0.0013",296680,"0.0031"
"sandtonmag.co.za","ZA","US-NJ",48790,"0.0005",48790,"0.0005"
"sawtdjelfa.com","DZ","FR",47209,"0.0003",164882,"0.0012"
"scannewsnigeria.com","NG","US-TX",89664,"0.0003",89664,"0.0003"
"sedibengster.com","ZA","ZA",63248,"0.0007",183572,"0.0019"
"senego.com","SN","US",125606,"0.0008",125976,"0.0008"
"silverbirdtv.com","NG","NL",148366,"0.0005",148390,"0.0005"
"siyimbali.com","SZ","US",58413,NULL,58413,NULL
"slconcordtimes.com","SL","US-CA",53408,"0.0005",53408,"0.0005"
"slpublicopinion.wordpress.com","SL","US-CA",54648,"0.0005",57425,"0.0006"
"somaliaone.net","SO","BG",112922,NULL,112922,NULL
"somalilandpress.com","SO","US-AZ",67769,NULL,197751,NULL
"sosanews.com","SS","US",31100,"0.0002",31590,"0.0002"
"source.co.zw","ZW","US-TX",123548,"0.0036",123548,"0.0036"
"southafricatoday.net","ZA","US",57915,"0.0006",196735,"0.0020"
"southcoastherald.co.za","ZA","US",108385,"0.0011",284795,"0.0029"
"southcoastsun.co.za","ZA","US",118984,"0.0012",277586,"0.0029"
"southernafrican.news","NA","DE",129805,"0.0008",128145,"0.0008"
"southlandssun.co.za","ZA","US",103266,"0.0011",270923,"0.0028"
"southsudantoday.net","SS","US-FL",5153,"0.0000",1104,"0.0000"
"southsudantribune.org","SS","US-IL",46218,"0.0003",46218,"0.0003"
"sport.elkhabar.com","DZ","US",288586,"0.0020",288586,"0.0020"
"sport.ennaharonline.com","DZ","FR",227756,"0.0016",227756,"0.0016"
"sportbrief.co.zw","ZW","GB",203206,"0.0060",203206,"0.0060"
"spr.fm","SO","US-MA",10933,NULL,19160,NULL
"standardtimespress.org","SL","BG",56534,"0.0006",56534,"0.0006"
"startvtz.com","TZ","US-MA",31147,"0.0001",31151,"0.0001"
"stfrancischronicle.com","ZA","US-CA",63270,"0.0007",54361,"0.0006"
"sthelenaonline.org","SH","GB",110433,NULL,110433,NULL
"suna-sd.net","SD","SD",72570,"0.0004",72570,"0.0004"
"sundayexpress.co.ls","LS","ZA",101828,"0.0009",101828,"0.0009"
"sunnewsonline.com","NG","US",134223,"0.0005",134223,"0.0005"
"tahrirnews.com","EG","US",177848,"0.0003",177848,"0.0003"
"tchadinfos.com","TD","US-AZ",153097,"0.0031",153097,"0.0031"
"telquel.ma","MA","US",242605,"0.0010",148574,"0.0006"
"theabujatimes.com","NG","US-FL",195681,"0.0007",195463,"0.0007"
"theadvocatengr.com","NG","US-TX",82392,"0.0003",82392,"0.0003"
"thebftonline.com","GH","US",33877,"0.0002",33879,"0.0002"
"thecitizenng.com","NG","US-KS",181787,"0.0006",181796,"0.0006"
"theeagleonline.com.ng","NG","US-KS",177170,"0.0006",177170,"0.0006"
"theglobenewspaper.blogspot.com","ZM","US-CA",22880,"0.0004",286529,"0.0044"
"theheraldghana.com","GH","US",42966,"0.0002",42966,"0.0002"
"theinsider.ug","UG","US-UT",172770,"0.0011",172770,"0.0011"
"theinvestigatornews.com","UG","US-TX",57436,"0.0004",261270,"0.0017"
"theliberiandialogue.org","LR","US-UT",58511,"0.0003",58511,"0.0003"
"theliberiantimes.weebly.com","LR","US-CA",17534,"0.0001",17534,"0.0001"
"theneighbourhoodonline.com","NG","GB",283426,"0.0010",283471,"0.0010"
"thenewcrusadingguideonline.com","GH","US-CA",141777,"0.0007",141777,"0.0007"
"thenewrisingsun.net","SL","US-PA",28734,"0.0003",28734,"0.0003"
"thenews-chronicle.com","NG","US-AZ",87989,"0.0003",87977,"0.0003"
"thepeoplesvoice.org.zw","ZW","GB",83539,"0.0025",83539,"0.0025"
"thepointernewsonline.com","NG","US-UT",150719,"0.0005",150721,"0.0005"
"therainbow.com.ng","NG","ZA",32342,"0.0001",32342,"0.0001"
"thesoutherndaily.co.zw","ZW","US",92642,"0.0027",93207,"0.0027"
"thesummary.com.ng","NG","US",46455,"0.0002",47264,"0.0002"
"theweeklyadvertiser.com","KE","US-MA",26636,"0.0001",26637,"0.0001"
"thewillnigeria.com","NG","CA-QC",154503,"0.0005",154503,"0.0005"
"thezimbabwemail.com","ZW","US-AZ",374925,"0.0111",374925,"0.0111"
"tig.asmarino.com","ER","US-CA",87821,NULL,125272,NULL
"timesmediamw.com","MW","US-IL",192809,"0.0010",192809,"0.0010"
"togozine.com","TG","US-TX",322743,"0.0026",322177,"0.0026"
"tpa.sapo.ao","AO","PT",145868,"0.0029",145729,"0.0029"
"tv3network.com","GH","US-IL",126395,"0.0006",126388,"0.0006"
"tvt.tg","TG","US",101396,"0.0008",101356,"0.0008"
"tvwest.co.ug","UG","US-UT",171920,"0.0011",171601,"0.0011"
"ubc.ug","UG","US-FL",61027,"0.0004",143110,"0.0009"
"ugandaradionetwork.com","UG","US",142892,"0.0009",142892,"0.0009"
"ukzambians.co.uk","ZM","NL",40356,"0.0006",71355,"0.0011"
"urhobotoday.com","NG","US-FL",124556,"0.0004",124556,"0.0004"
"vibeghana.com","GH","US-AZ",93785,"0.0004",93785,"0.0004"
"victoriafalls24.com","ZW","ZA",215007,"0.0063",215483,"0.0064"
"wakteldjazair.com","DZ","FR",203661,"0.0014",203661,"0.0014"
"weekly.ahram.org.eg","EG","EG",59804,"0.0001",59804,"0.0001"
"wn.com","GH","GB",350913,"0.0016",350913,"0.0016"
"wsrw.org","EH","US-TX",31156,NULL,66274,NULL
"www.24haubenin.info","BJ","FR",52376,"0.0004",52376,"0.0004"
"www.24hnewspaper.net","EG","US-TX",9668,"0.0000",57588,"0.0001"
"www.3-mob.com","ZW","US-TX",83224,"0.0025",83745,"0.0025"
"www.5plus.mu","MU","IE",91725,"0.0006",91725,"0.0006"
"www.702.co.za","ZA","ZA",52644,"0.0005",52642,"0.0005"
"www.abamako.com","ML","US",67190,"0.0008",67190,"0.0008"
"www.abidjan.net","CI","US",101115,"0.0012",101115,"0.0012"
"www.aboutalgeria.com","DZ","US-CA",303785,"0.0021",303786,"0.0021"
"www.acholitimes.com","UG","US-AZ",65077,"0.0004",65190,"0.0004"
"www.acotonou.com","BJ","US",62746,"0.0005",62746,"0.0005"
"www.actsa.org","AO","GB",31945,"0.0006",31945,"0.0006"
"www.actubenin.com","BJ","US-UT",322522,"0.0025",323217,"0.0025"
"www.actuel-dz.com","DZ","FR",92127,"0.0007",92123,"0.0007"
"www.actusen.com","SN","FR",245156,"0.0016",245859,"0.0016"
"www.addisadmassnews.com","ET","US-FL",52600,"0.0003",52600,"0.0003"
"www.adiac-congo.com","CG","FR",98901,"0.0010",98901,"0.0010"
"www.afbis.com","NG","US-UT",81793,"0.0003",81793,"0.0003"
"www.africa21digital.com","AO","BR",105678,"0.0021",105678,"0.0021"
"www.africaguinee.com","GQ","CH",206246,NULL,206246,NULL
"www.africanexaminer.com","NG","CA-QC",191016,"0.0007",191136,"0.0007"
"www.africanheraldexpress.com","NG","US-CA",39730,"0.0001",39730,"0.0001"
"www.africapresse.com","CM","US-FL",108044,"0.0009",108044,"0.0009"
"www.africasports.net","SO","BG",109084,NULL,109084,NULL
"www.africatoday.co.ao","AO","IT",85448,"0.0017",85448,"0.0017"
"www.afrik53.com","CI","FR",153512,"0.0019",153512,"0.0019"
"www.afrol.com","SO","NO",65962,NULL,65962,NULL
"www.agpgabon.ga","GA","FR",23874,"0.0003",23874,"0.0003"
"www.ahdath.info","MA","US",92473,"0.0004",198074,"0.0009"
"www.ahram.org.eg","EG","EG",406100,"0.0006",406100,"0.0006"
"www.aib.bf","BF","FR",62252,"0.0005",62252,"0.0005"
"www.aip.ci","CI","FR",127603,"0.0015",127603,"0.0015"
"www.akaboozi.fm","UG","MU",85108,"0.0005",85109,"0.0005"
"www.akhbarelyoum.dz","DZ","FR",83520,"0.0006",83520,"0.0006"
"www.akhersaa-dz.com","DZ","FR",309795,"0.0022",220974,"0.0016"
"www.akwaibomnewsonline.com","NG","US-UT",40448,"0.0001",29805,"0.0001"
"www.al-fadjr.com","DZ","FR",276813,"0.0020",276813,"0.0020"
"www.al-jarida.net","MA","US-GA",38674,"0.0002",38674,"0.0002"
"www.alakhbar.info","MR","DE",84119,"0.0016",84119,"0.0016"
"www.alalam.ma","MA","FR",160895,"0.0007",160895,"0.0007"
"www.albassair.org","DZ","DE",51768,"0.0004",51811,"0.0004"
"www.alfa.cv","CV","US-UT",4669,"0.0000",4669,"0.0000"
"www.alger-republicain.com","DZ","FR",55078,"0.0004",55078,"0.0004"
"www.algerep.com","DZ","FR",56410,"0.0004",56410,"0.0004"
"www.algeria-newspapers.com","DZ","US-MI",104301,"0.0007",104301,"0.0007"
"www.algeriatimes.net","DZ","US-TX",205562,"0.0015",205562,"0.0015"
"www.algerie-focus.com","DZ","DE",222008,"0.0016",222000,"0.0016"
"www.algerie1.com","DZ","US",74074,"0.0005",75097,"0.0005"
"www.algerie360.com","DZ","US",148002,"0.0010",148341,"0.0010"
"www.algerieconfluences.com","DZ","US-TX",9054,"0.0001",9629,"0.0001"
"www.algeriepatriotique.com","DZ","US",300423,"0.0021",300423,"0.0021"
"www.allghananews.com","GH","US-AZ",128555,"0.0006",128555,"0.0006"
"www.allnigeriasoccer.com","NG","US-CA",19272,"0.0001",18901,"0.0001"
"www.allpuntland.com","SO","DK",93940,NULL,93940,NULL
"www.allsomali.com","SO","US-TX",10518,NULL,10401,NULL
"www.almaghribia.ma","MA","US",46822,"0.0002",46821,"0.0002"
"www.almasryalyoum.com","EG","US",67241,"0.0001",125953,"0.0002"
"www.almessa.net.eg","EG","US",251763,"0.0004",251763,"0.0004"
"www.almizan.info","NG","US",33264,"0.0001",33264,"0.0001"
"www.almshaheer.com","SD","DE",67683,"0.0004",67683,"0.0004"
"www.alome.com","TG","US",60459,"0.0005",60459,"0.0005"
"www.alsahafa.info","SD","US-AZ",18662,"0.0001",18594,"0.0001"
"www.alwafd.org","EG","US",51690,"0.0001",122494,"0.0002"
"www.alwatanalarabi.com","EG","US",219292,"0.0003",180316,"0.0003"
"www.alwihdainfo.com","TD","FR",150080,"0.0030",150080,"0.0030"
"www.amalawi.info","MW","DE",34476,"0.0002",79929,"0.0004"
"www.ami.mr","MR","MR",50240,"0.0009",50240,"0.0009"
"www.angola24.net","AO","",21523,"0.0004",21523,"0.0004"
"www.angonoticias.com","AO","PT",45493,"0.0009",45486,"0.0009"
"www.ann7.com","ZA","ZA",215146,"0.0022",215146,"0.0022"
"www.annabacity.net","DZ","FR",51085,"0.0004",51304,"0.0004"
"www.annasronline.com","DZ","FR",99562,"0.0007",99562,"0.0007"
"www.antennereunion.fr","RE","FR",343723,NULL,343723,NULL
"www.aouaga.com","BF","US",66531,"0.0005",66531,"0.0005"
"www.apctimes.com","SL","US-TX",66446,"0.0007",66446,"0.0007"
"www.aproko247.com","NG","US-MI",92895,"0.0003",92895,"0.0003"
"www.aps.sn","SN","FR",96615,"0.0006",96615,"0.0006"
"www.arenebi.com","SN","CA-ON",274414,"0.0018",274692,"0.0018"
"www.arewaonline-ng.com","NG","US-IL",155921,"0.0005",155921,"0.0005"
"www.arib.info","BI","FR",2899056,"0.0095",2899056,"0.0095"
"www.arushatimes.co.tz","TZ","DE",9393,"0.0000",9310,"0.0000"
"www.ascension-island.gov.ac","SH","GB",71473,NULL,71442,NULL
"www.asdae.com","MA","DE",14009,"0.0001",14009,"0.0001"
"www.asmarino.com","ER","US-CA",87837,NULL,125240,NULL
"www.assabah.com.tn","TN","FR",142248,"0.0004",142248,"0.0004"
"www.assabah.press.ma","MA","US",136073,"0.0006",136682,"0.0006"
"www.atoo.ci","CI","FR",150504,"0.0018",150597,"0.0018"
"www.attounissia.com.tn","TN","DE",1765,"0.0000",1986,"0.0000"
"www.au-senegal.com","SN","FR",92700,"0.0006",92700,"0.0006"
"www.aujourdhui-en-guinee.com","GQ","FR",79013,NULL,79013,NULL
"www.aujourdhui.ma","MA","US",185789,"0.0008",186352,"0.0008"
"www.autrequotidien.com","BJ","US-MA",63115,"0.0005",69996,"0.0005"
"www.awrambatimes.com","ET","US-CA",50804,"0.0003",50803,"0.0003"
"www.az.com.na","NA","US",69194,"0.0004",69194,"0.0004"
"www.b-metro.co.zw","ZW","ZA",62729,"0.0018",62729,"0.0018"
"www.babnet.net","TN","US-CA",60325,"0.0002",277811,"0.0008"
"www.bakhitaradio.org","SS","AU",54595,"0.0003",54595,"0.0003"
"www.ballitonews.co.za","ZA","US-TX",61123,"0.0006",61123,"0.0006"
"www.banadir.com","SO","CA-ON",458412,NULL,458412,NULL
"www.banjulfocus.com","GM","US-AZ",40924,"0.0042",40924,"0.0042"
"www.beeld.com","ZA","ZA",47853,"0.0005",126695,"0.0013"
"www.bejaiainfo.com","DZ","US-WA",152780,"0.0011",152782,"0.0011"
"www.bellanaija.com","NG","FR",363883,"0.0013",221411,"0.0008"
"www.benin24tv.com","BJ","US",110455,"0.0009",110455,"0.0009"
"www.benininfo.com","BJ","US-UT",142527,"0.0011",142527,"0.0011"
"www.bh24.co.zw","ZW","US-UT",169461,"0.0050",169591,"0.0050"
"www.bignigeria.com","NG","US-TX",177941,"0.0006",177941,"0.0006"
"www.bissaudigital.com","GW","PT",26096,"0.0015",26096,"0.0015"
"www.bizday.co.zw","ZW","",19355,"0.0006",19355,"0.0006"
"www.blida-aps.dz","DZ","DZ",39289,"0.0003",39289,"0.0003"
"www.bonaberi.com","CM","FR",107004,"0.0009",106997,"0.0009"
"www.bonesha.bi","BI","DE",8472,"0.0000",8763,"0.0000"
"www.botswanaguardian.co.bw","BW","BG",49568,"0.0015",49568,"0.0015"
"www.bravanews.com","CV","US-NY",77051,"0.0004",77051,"0.0004"
"www.brnieq.com","LY","US-TX",20789,"0.0004",20789,"0.0004"
"www.bugandawatch.com","UG","US-UT",71318,"0.0005",71318,"0.0005"
"www.bukedde.co.ug","UG","SG",105596,"0.0007",105596,"0.0007"
"www.burundi-sites.com","BI","FR",17180,"0.0001",17180,"0.0001"
"www.bushchicken.com","LR","US-CA",78720,"0.0004",218102,"0.0010"
"www.business-et-finances.com","CD","CA-ON",187897,"0.0035",187897,"0.0035"
"www.businessdaily.co.zw","ZW","GB",48154,"0.0014",48127,"0.0014"
"www.businessdailyafrica.com","KE","US",82768,"0.0003",82543,"0.0003"
"www.businesstimes.co.tz","TZ","DE",9240,"0.0000",9328,"0.0000"
"www.cabodiario.com","CV","GB",29719,"0.0001",29719,"0.0001"
"www.caboverdeonline.com","CV","US-MI",39877,"0.0002",39877,"0.0002"
"www.cairolive.com","EG","US",97920,"0.0002",97920,"0.0002"
"www.camer.be","CM","DE",317032,"0.0028",317056,"0.0028"
"www.cameroon-info.net","CM","US-TX",173362,"0.0015",294126,"0.0026"
"www.cameroon-tribune.cm","CM","US-NJ",154198,"0.0014",154198,"0.0014"
"www.cameroononline.org","CM","US",152130,"0.0013",152131,"0.0013"
"www.cameroonpostline.com","CM","US-AZ",40968,"0.0004",89567,"0.0008"
"www.cameroonweb.com","CM","US",46436,"0.0004",26203,"0.0002"
"www.cameroun-online.com","CM","IT",263461,"0.0023",263461,"0.0023"
"www.cameroun24.net","CM","CA-QC",60610,"0.0005",60610,"0.0005"
"www.camerounactu.net","CM","BG",14808,"0.0001",14808,"0.0001"
"www.camerounlink.net","CM","DE",165646,"0.0015",217878,"0.0019"
"www.camnews24.com","CM","DE",70917,"0.0006",70917,"0.0006"
"www.capetalk.co.za","ZA","ZA",52158,"0.0005",52158,"0.0005"
"www.capitaleritrea.com","ER","DE",78679,NULL,78819,NULL
"www.capitalfm.co.ke","KE","US",76115,"0.0003",76072,"0.0003"
"www.carletonvilleherald.com","ZA","ZA",67686,"0.0007",184437,"0.0019"
"www.carrefourdalgerie.com","DZ","DZ",61218,"0.0004",61227,"0.0004"
"www.cbc-eg.com","EG","US",3649,"0.0000",3649,"0.0000"
"www.cbn.co.za","ZA","ZA",115408,"0.0012",115408,"0.0012"
"www.ceelqaboobe.com","SO","US-NY",147928,NULL,147928,NULL
"www.channelafrica.co.za","ZA","ZA",87863,"0.0009",87863,"0.0009"
"www.channelstv.com","NG","US",150569,"0.0005",131057,"0.0005"
"www.chikuniradiozm.org","ZM","US-CA",24246,"0.0004",35057,"0.0005"
"www.chronicle.co.zw","ZW","US",130692,"0.0039",130692,"0.0039"
"www.citifmonline.com","GH","US-KS",117915,"0.0005",117915,"0.0005"
"www.citizentv.co.ke","KE","US",82853,"0.0003",82852,"0.0003"
"www.citypress.co.za","ZA","ZA",17320,"0.0002",81373,"0.0008"
"www.cknnigeria.com","NG","US-NE",169734,"0.0006",169735,"0.0006"
"www.club-k.net","AO","US",122303,"0.0024",123001,"0.0024"
"www.coastweek.com","KE","US-MO",619447,"0.0024",619447,"0.0024"
"www.comores-actualites.com","KM","GB",63202,"0.0007",70081,"0.0008"
"www.comores-infos.net","KM","DE",129263,"0.0014",129505,"0.0014"
"www.competition.dz","DZ","FR",62095,"0.0004",62095,"0.0004"
"www.confidente.com.na","NA","US-NY",157579,"0.0010",157435,"0.0010"
"www.congo-site.com","CG","FR",25514,"0.0003",49687,"0.0005"
"www.congoindependant.com","CD","DK",70426,"0.0013",70426,"0.0013"
"www.congolais.fr","CD","FR",4164,"0.0001",4164,"0.0001"
"www.congopage.com","CG","US",65735,"0.0007",65735,"0.0007"
"www.congoplanet.com","CD","US-AZ",45163,"0.0008",45243,"0.0008"
"www.congoplanete.com","CD","US-AZ",47966,"0.0009",47932,"0.0009"
"www.congotribune.com","CD","JP",36080,"0.0007",36080,"0.0007"
"www.congovision.com","CD","US-FL",103216,"0.0019",103216,"0.0019"
"www.connectionivoirienne.net","CI","NL",107725,"0.0013",107725,"0.0013"
"www.constantine-aps.dz","DZ","DZ",43416,"0.0003",43416,"0.0003"
"www.cottontreenews.org","SL","CH",18902,"0.0002",18902,"0.0002"
"www.courriercasablanca.com","MA","CA-NB",164748,"0.0007",164748,"0.0007"
"www.courrierconfidentiel.net","BF","FR",46081,"0.0004",46081,"0.0004"
"www.critiqueecho.com","SL","DK",151310,"0.0015",151241,"0.0015"
"www.cxpress.co.za","ZA","ZA",32777,"0.0003",32751,"0.0003"
"www.cyberethiopia.com","ET","BG",44752,"0.0003",44749,"0.0003"
"www.dac-presse.com","CG","DE",123095,"0.0013",123095,"0.0013"
"www.daily-mail.co.zm","ZM","ZM",91223,"0.0014",91189,"0.0014"
"www.dailyguideghana.com","GH","DE",75796,"0.0004",75796,"0.0004"
"www.dailymaverick.co.za","ZA","US-CA",298729,"0.0031",298729,"0.0031"
"www.dailynation.news","ZM","US-FL",94140,"0.0014",94140,"0.0014"
"www.dailynews.co.tz","TZ","US-UT",158163,"0.0005",158163,"0.0005"
"www.dailynewsegypt.com","EG","US-TX",134703,"0.0002",134703,"0.0002"
"www.dailytrust.com.ng","NG","IN",168859,"0.0006",168859,"0.0006"
"www.dakaractu.com","SN","FR",202147,"0.0014",202152,"0.0014"
"www.deboutcongolais.info","CD","US-CA",36760,"0.0007",36760,"0.0007"
"www.defimedia.info","MU","FR",379902,"0.0026",379902,"0.0026"
"www.depechedekabylie.com","DZ","GB",88200,"0.0006",88200,"0.0006"
"www.dieburger.com","ZA","ZA",47179,"0.0005",126039,"0.0013"
"www.digitalcongo.net","CD","US-VA",3028,"0.0001",3028,"0.0001"
"www.direct.cd","CD","US",136763,"0.0025",136763,"0.0025"
"www.dispatchlive.co.za","ZA","US",214916,"0.0022",214916,"0.0022"
"www.districtmail.com","ZA","ZA",56995,"0.0006",146063,"0.0015"
"www.djazairess.com","DZ","US",107674,"0.0008",108243,"0.0008"
"www.djibnet.com","DJ","US-CA",35727,NULL,35727,NULL
"www.dostor.org","EG","US",97716,"0.0002",97718,"0.0002"
"www.durbannews.co.za","ZA","US-TX",431355,"0.0045",431355,"0.0045"
"www.dzfoot.com","DZ","US",60230,"0.0004",67593,"0.0005"
"www.e-nigeriang.com","NG","US",144997,"0.0005",144997,"0.0005"
"www.eastlondonexpress.co.za","ZA","ZA",61008,"0.0006",112793,"0.0012"
"www.echo.co.bw","BW","BW",2793,"0.0001",2793,"0.0001"
"www.echoroukonline.com","DZ","FR",285537,"0.0020",285537,"0.0020"
"www.economist.com.na","NA","US",587953,"0.0037",588965,"0.0037"
"www.ecr.co.za","ZA","US",83660,"0.0009",69133,"0.0007"
"www.edenexpress.co.za","ZA","ZA",61008,"0.0006",112693,"0.0012"
"www.edgecommunitynews.com","ZA","DE",68000,"0.0007",68000,"0.0007"
"www.editorialnigeria.com","NG","US-UT",5382,"0.0000",5382,"0.0000"
"www.edoworld.net","NG","US-FL",151719,"0.0005",151719,"0.0005"
"www.egynews.net","EG","NL",163852,"0.0003",163852,"0.0003"
"www.egypt-elections.com","EG","US-UT",5379,"0.0000",5379,"0.0000"
"www.egyptindependent.com","EG","US-CA",172758,"0.0003",142812,"0.0002"
"www.eikestadnuus.co.za","ZA","ZA",59785,"0.0006",148257,"0.0015"
"www.elbilad.net","DZ","US",67940,"0.0005",114593,"0.0008"
"www.elconfidencialsaharaui.com","EH","US-CA",71650,NULL,105817,NULL
"www.eldjoumhouria.dz","DZ","US-IL",64776,"0.0005",64776,"0.0005"
"www.elheddaf.com","DZ","US",139265,"0.0010",139562,"0.0010"
"www.eljadida.com","MA","FR",53383,"0.0002",53383,"0.0002"
"www.elkhabar.com","DZ","US",92262,"0.0007",92260,"0.0007"
"www.elmoudjahid.com","DZ","US-CO",101173,"0.0007",101173,"0.0007"
"www.elombah.com","NG","US-UT",213894,"0.0007",213894,"0.0007"
"www.elwatan.com","DZ","FR",86162,"0.0006",86162,"0.0006"
"www.ena.gov.et","ET","ET",146570,"0.0008",146570,"0.0008"
"www.enca.com","ZA","IE",373213,"0.0039",137151,"0.0014"
"www.ennaharonline.com","DZ","FR",195215,"0.0014",195346,"0.0014"
"www.enqueteplus.com","SN","EU",130951,"0.0009",130951,"0.0009"
"www.enqueteur-gn.info","GQ","US-TX",111720,NULL,111720,NULL
"www.eritrea24.com","ER","US-AZ",58130,NULL,58130,NULL
"www.eritreadaily.net","ER","US-MA",162842,NULL,162842,NULL
"www.ertagov.com","ET","JP",55181,"0.0003",55181,"0.0003"
"www.essor.ml","ML","DE",356764,"0.0045",356747,"0.0045"
"www.ethiomedia.com","ET","US-CA",65401,"0.0004",65401,"0.0004"
"www.ethionewsdirect.com","ET","US",157360,"0.0009",108774,"0.0006"
"www.ethioobserver.net","ET","US-FL",549333,"0.0032",549333,"0.0032"
"www.ethiopian-news.com","ET","US-TX",118261,"0.0007",118261,"0.0007"
"www.ethiopians.com","ET","US-AZ",20601,"0.0001",20601,"0.0001"
"www.etiame.com","TG","FR",168664,"0.0013",168723,"0.0013"
"www.expansao.co.ao","AO","US-TX",81319,"0.0016",81319,"0.0016"
"www.expatica.com","ZA","NL",22374,"0.0002",22374,"0.0002"
"www.expotimesonline.net","SL","CA-QC",47124,"0.0005",46731,"0.0005"
"www.expressodasilhas.sapo.cv","CV","GB",32630,"0.0002",32630,"0.0002"
"www.faceofmalawi.com","MW","US",62509,"0.0003",142238,"0.0008"
"www.factualreporters.com","NG","US-MI",82499,"0.0003",82499,"0.0003"
"www.farajat.net","ER","AU",369271,NULL,369271,NULL
"www.fasopresse.net","BF","FR",47805,"0.0004",47805,"0.0004"
"www.financialgazette.co.zw","ZW","ZA",96652,"0.0029",96652,"0.0029"
"www.finitemagazine.co.ls","LS","US-FL",100193,"0.0008",100193,"0.0008"
"www.flavafm.co.zm","ZM","US-CA",45300,"0.0007",45300,"0.0007"
"www.focusinfos.net","TG","FR",70574,"0.0006",70574,"0.0006"
"www.fraternitebj.info","BJ","FR",92891,"0.0007",92891,"0.0007"
"www.fratmat.info","CI","US",80806,"0.0010",80918,"0.0010"
"www.frcnssz.com","NG","",8371,"0.0000",8371,"0.0000"
"www.freedomnewspaper.com","GM","US-UT",288153,"0.0299",286377,"0.0297"
"www.freedomradionig.com","NG","BG",55651,"0.0002",55651,"0.0002"
"www.freemedia.co.tz","TZ","SE",46257,"0.0001",46264,"0.0001"
"www.freshangleng.com","NG","US-CA",52429,"0.0002",52429,"0.0002"
"www.freshfactsonlinenews.net","NG","US-TX",9107,"0.0000",9680,"0.0000"
"www.frontiersnews.com","NG","US-MI",188677,"0.0007",188956,"0.0007"
"www.frontpageafricaonline.com","LR","US",193383,"0.0009",172711,"0.0008"
"www.gabonactu.com","GA","CH",213159,"0.0023",212878,"0.0023"
"www.gaboneco.com","GA","FR",58361,"0.0006",58361,"0.0006"
"www.gabonlibre.com","GA","FR",168463,"0.0018",168463,"0.0018"
"www.gabzfm.com","BW","US-UT",1723,"0.0001",1723,"0.0001"
"www.galaxytvonline.com","NG","US",39038,"0.0001",39278,"0.0001"
"www.garoweonline.com","SO","SG",119188,NULL,119188,NULL
"www.gaznot.com","GW","CH",57707,"0.0033",57217,"0.0033"
"www.gbcghana.com","GH","US-KS",43610,"0.0002",43610,"0.0002"
"www.gbich.com","CI","FR",51389,"0.0006",51585,"0.0006"
"www.gbissau.com","GW","US-CA",39683,"0.0023",139934,"0.0080"
"www.gbn.co.za","ZA","ZA",66048,"0.0007",65900,"0.0007"
"www.georgeherald.com","ZA","ZA",249406,"0.0026",332213,"0.0034"
"www.ghana.gov.gh","GH","GH",41150,"0.0002",41150,"0.0002"
"www.ghanabusinessnews.com","GH","US",70997,"0.0003",70774,"0.0003"
"www.ghanadot.com","GH","US-TX",53274,"0.0002",53274,"0.0002"
"www.ghanaiantimes.com.gh","GH","US-AZ",102880,"0.0005",102880,"0.0005"
"www.ghanamma.com","GH","US",202531,"0.0009",203712,"0.0009"
"www.ghananewsagency.org","GH","US-UT",60548,"0.0003",37463,"0.0002"
"www.ghanasoccernet.com","GH","US",65422,"0.0003",89295,"0.0004"
"www.ghanatoday.com","GH","NL",82573,"0.0004",82573,"0.0004"
"www.ghanavoice.com","GH","US-VA",13866,"0.0001",13866,"0.0001"
"www.ghanaweb.com","GH","US",47334,"0.0002",27466,"0.0001"
"www.gnet.tn","TN","TN",99706,"0.0003",99706,"0.0003"
"www.golfemediaonline.com","BJ","US",43732,"0.0003",43732,"0.0003"
"www.gossipnigeria.com","NG","US-CA",54201,"0.0002",146545,"0.0005"
"www.greytown.co.za","ZA","ZA",64189,"0.0007",64189,"0.0007"
"www.grocotts.co.za","ZA","ZA",164573,"0.0017",164573,"0.0017"
"www.groupelavenir.org","CD","US-FL",101259,"0.0019",100399,"0.0019"
"www.grts.gm","GM","GM",86143,"0.0089",86143,"0.0089"
"www.guinee360.com","GQ","FR",118919,NULL,118919,NULL
"www.guinee7.com","GQ","FR",54755,NULL,300016,NULL
"www.guineepresse.info","GQ","DK",84525,NULL,84525,NULL
"www.gurtong.net","SS","GB",193420,"0.0012",193264,"0.0012"
"www.habarileo.co.tz","TZ","US-UT",131093,"0.0004",130735,"0.0004"
"www.habarizacomores.com","KM","US-CA",808549,"0.0090",808410,"0.0090"
"www.hallmarknews.com","NG","DE",61854,"0.0002",61854,"0.0002"
"www.harare24.com","ZW","GB",18197,"0.0005",57136,"0.0017"
"www.hararenews.co.zw","ZW","GB",300485,"0.0089",300485,"0.0089"
"www.hebdoimmobilier-dz.com","DZ","US-IL",73333,"0.0005",73333,"0.0005"
"www.heidelbergnigelheraut.co.za","ZA","US",103914,"0.0011",287448,"0.0030"
"www.herald.co.zw","ZW","US",154877,"0.0046",154877,"0.0046"
"www.heraldlive.co.za","ZA","US",238975,"0.0025",238975,"0.0025"
"www.hermanustimes.co.za","ZA","ZA",59441,"0.0006",145420,"0.0015"
"www.hiiraan.com","SO","US",83092,NULL,83092,NULL
"www.homeviewsenegal.com","SN","US-NY",245942,"0.0016",246817,"0.0017"
"www.huhuonline.com","NG","BG",220934,"0.0008",220934,"0.0008"
"www.ibinda.com","AO","PT",26096,"0.0005",26096,"0.0005"
"www.icibenin.com","BJ","CA-QC",149208,"0.0012",149208,"0.0012"
"www.icilome.com","TG","CA-QC",77282,"0.0006",168450,"0.0013"
"www.igfm.sn","SN","GB",102580,"0.0007",102580,"0.0007"
"www.ilanganews.co.za","ZA","ZA",65261,"0.0007",65261,"0.0007"
"www.ilorin.info","NG","US-TX",27372,"0.0001",27345,"0.0001"
"www.imatin.net","CI","DE",154889,"0.0019",241878,"0.0029"
"www.imostateblog.com","NG","US-FL",66038,"0.0002",66038,"0.0002"
"www.imotrumpeta.com","NG","US-NC",51748,"0.0002",51748,"0.0002"
"www.impact24.info","DZ","US-CA",123860,"0.0009",123860,"0.0009"
"www.independent.co.ug","UG","GB",99094,"0.0006",99094,"0.0006"
"www.indepthnigeria.com","NG","US-TX",9030,"0.0000",9609,"0.0000"
"www.infoconstantine.com","DZ","AU",2884,"0.0000",2856,"0.0000"
"www.infoghana.info","GH","CZ",79973,"0.0004",79973,"0.0004"
"www.infoguinee.com","GQ","US",72143,NULL,72140,NULL
"www.infonigeria.net","NG","VG",16343,"0.0001",27517,"0.0001"
"www.informante.web.na","NA","US-CA",313101,"0.0020",313101,"0.0020"
"www.informationng.com","NG","US",107312,"0.0004",109888,"0.0004"
"www.informativenews.co.ls","LS","US-FL",96333,"0.0008",96333,"0.0008"
"www.infosplusgabon.com","GA","US-CA",42623,"0.0005",42460,"0.0005"
"www.infotunisie.com","TN","FR",49180,"0.0001",49180,"0.0001"
"www.insiderzim.com","ZW","CA-QC",48838,"0.0014",48838,"0.0014"
"www.iol.co.za","ZA","US",437012,"0.0045",437012,"0.0045"
"www.ionigeria.com","NG","US-CA",109703,"0.0004",109703,"0.0004"
"www.ipreunion.com","RE","FR",101410,NULL,101410,NULL
"www.iq4news.com","NG","US",215941,"0.0008",215939,"0.0008"
"www.isanganiro.org","BI","CH",28147,"0.0001",28147,"0.0001"
"www.ivoireactu.net","CI","FR",68777,"0.0008",68777,"0.0008"
"www.ivoirediaspo.net","CI","GB",86410,"0.0010",86412,"0.0010"
"www.iwacu-burundi.org","BI","US",108691,"0.0004",108691,"0.0004"
"www.jadidpresse.com","MA","US-VA",5006,"0.0000",5006,"0.0000"
"www.jamana.org","ML","ML",28200,"0.0004",28200,"0.0004"
"www.jbaynews.com","ZA","ZA",140616,"0.0015",140616,"0.0015"
"www.jeberti.com","ER","BG",109480,NULL,109480,NULL
"www.jeune-independant.net","DZ","US",127623,"0.0009",127623,"0.0009"
"www.jijel-echo.com","DZ","GB",1510177,"0.0107",1510190,"0.0107"
"www.jijel.info","DZ","FR",77638,"0.0005",77638,"0.0005"
"www.jollofnews.com","GM","US",112100,"0.0116",112613,"0.0117"
"www.jornalnoticias.co.mz","MZ","MZ",89475,"0.0003",89475,"0.0003"
"www.journal-adjinakou-benin.info","BJ","US-TX",39083,"0.0003",39083,"0.0003"
"www.journaldebangui.com","CF","FR",82267,"0.0010",82267,"0.0010"
"www.journaldebrazza.com","CG","FR",200319,"0.0021",200319,"0.0021"
"www.journalducameroun.com","CM","FR",236453,"0.0021",236453,"0.0021"
"www.journaldusport.ma","MA","US-CA",161210,"0.0007",161207,"0.0007"
"www.journaldutchad.com","TD","FR",79433,"0.0016",79433,"0.0016"
"www.kababachir.com","GQ","FR",463125,NULL,463124,NULL
"www.kabyle.com","DZ","US",53474,"0.0004",53804,"0.0004"
"www.kapital971.com","GH","US-UT",72820,"0.0003",74616,"0.0003"
"www.kawalisse.com","DZ","FR",88045,"0.0006",88045,"0.0006"
"www.kawowo.com","UG","CA-QC",125302,"0.0008",125302,"0.0008"
"www.kbc.co.ke","KE","KE",271947,"0.0011",271947,"0.0011"
"www.kbn.co.za","ZA","ZA",46778,"0.0005",46913,"0.0005"
"www.kenya-today.com","KE","US",45442,"0.0002",56629,"0.0002"
"www.kenyamoja.com","KE","US",266457,"0.0011",266020,"0.0011"
"www.kenyan-post.com","KE","US-CA",123096,"0.0005",123097,"0.0005"
"www.kitwetimes.com","ZM","US-AZ",52212,"0.0008",52212,"0.0008"
"www.kivumedia.com","CD","US",234153,"0.0044",234153,"0.0044"
"www.koerant.co.za","ZA","BG",102352,"0.0011",102352,"0.0011"
"www.kormorant.co.za","ZA","US",103327,"0.0011",278356,"0.0029"
"www.kougaexpress.co.za","ZA","ZA",58914,"0.0006",109904,"0.0011"
"www.ktvsl.com","SL","BG",78729,"0.0008",78515,"0.0008"
"www.kwaranews.com","NG","US-UT",41006,"0.0001",89146,"0.0003"
"www.kwayedza.co.zw","ZW","US-UT",61389,"0.0018",61389,"0.0018"
"www.kwevoel.co.za","ZA","ZA",153995,"0.0016",153995,"0.0016"
"www.laconscience.com","CD","FR",41167,"0.0008",41167,"0.0008"
"www.lactualite-dz.info","DZ","US-WA",6879,"0.0000",6591,"0.0000"
"www.ladepechedabidjan.info","CI","FR",144692,"0.0017",143720,"0.0017"
"www.lagachettedumaroc.com","MA","FR",9203,"0.0000",9210,"0.0000"
"www.lagazette-dgi.com","MG","MG",42192,"0.0003",42192,"0.0003"
"www.lanation.mg","MG","US-CA",31941,"0.0002",31941,"0.0002"
"www.lanationbenin.info","BJ","FR",116489,"0.0009",116486,"0.0009"
"www.lanationdj.com","DJ","FR",59529,NULL,59529,NULL
"www.lanouvellecentrafrique.info","CF","US-CA",301264,"0.0035",301264,"0.0035"
"www.lanouvelleexpression.info","CM","US-AZ",116533,"0.0010",116920,"0.0010"
"www.lanouvelletribune.info","BJ","US",233001,"0.0018",232569,"0.0018"
"www.lapresse.tn","TN","TN",55540,"0.0002",55540,"0.0002"
"www.lapressedujour.net","BJ","US-FL",26237,"0.0002",46712,"0.0004"
"www.laprosperiteonline.net","CD","CH",196018,"0.0037",196018,"0.0037"
"www.laraignee.org","BJ","US-UT",89847,"0.0007",89847,"0.0007"
"www.lasemaineafricaine.net","CG","FR",48576,"0.0005",48670,"0.0005"
"www.latestnigeriannews.com","NG","US-MO",126114,"0.0004",243403,"0.0008"
"www.lauthentic.info","MR","US-CA",62788,"0.0012",62788,"0.0012"
"www.lautomarche.com","DZ","CH",147774,"0.0010",147774,"0.0010"
"www.laverite.mg","MG","FR",126755,"0.0009",126755,"0.0009"
"www.lavieeco.com","MA","US",58984,"0.0003",168277,"0.0007"
"www.leaders.com.tn","TN","FR",65613,"0.0002",65613,"0.0002"
"www.lebuteur.com","DZ","US",98038,"0.0007",98978,"0.0007"
"www.lecalame.info","MR","US-UT",19630,"0.0004",19630,"0.0004"
"www.leconomiste.com","MA","US",101958,"0.0004",101958,"0.0004"
"www.leconomistemaghrebin.com","TN","FR",112095,"0.0003",120307,"0.0003"
"www.leffortcamerounais.com","CM","US",143552,"0.0013",142498,"0.0013"
"www.leffortcamerounais.info","CM","US",122872,"0.0011",122045,"0.0011"
"www.lejourdalgerie.com","DZ","FR",55610,"0.0004",55610,"0.0004"
"www.lejourguinee.com","GQ","US-AZ",272108,NULL,272108,NULL
"www.lemaghreb.tn","TN","GB",167528,"0.0005",167529,"0.0005"
"www.lematin.ma","MA","US",87504,"0.0004",72600,"0.0003"
"www.lematindz.net","DZ","GB",78379,"0.0006",78379,"0.0006"
"www.lemauricien.com","MU","US-CA",349924,"0.0024",349924,"0.0024"
"www.lenasia-times.co.za","ZA","US-TX",14386,"0.0001",14386,"0.0001"
"www.lenouveaureveil.com","CI","US",14759,"0.0002",14759,"0.0002"
"www.lenzinfo.co.za","ZA","US-CA",65735,"0.0007",66625,"0.0007"
"www.lepatriote.net","CI","US-AZ",59131,"0.0007",59131,"0.0007"
"www.lepetitjournal.com","EG","FR",701946,"0.0011",701946,"0.0011"
"www.lephareonline.net","CD","US-FL",46424,"0.0009",112835,"0.0021"
"www.lepotentielonline.com","CD","FR",317552,"0.0059",317552,"0.0059"
"www.lequotidien-oran.com","DZ","FR",55689,"0.0004",55689,"0.0004"
"www.lequotidien.sn","SN","US-TX",236478,"0.0016",236273,"0.0016"
"www.leral.net","SN","FR",131442,"0.0009",131454,"0.0009"
"www.lereporter.ma","MA","FR",147441,"0.0006",148660,"0.0006"
"www.les4verites.info","BJ","FR",54603,"0.0004",54603,"0.0004"
"www.lesdepechesdebrazzaville.fr","CG","FR",49086,"0.0005",49086,"0.0005"
"www.leseco.ma","MA","MA",298844,"0.0013",298844,"0.0013"
"www.lesnouvelles.org","ET","US-MA",63357,"0.0004",20084,"0.0001"
"www.lesoftonline.net","CD","FR",44100,"0.0008",44484,"0.0008"
"www.lesoirdalgerie.com","DZ","NL",26048,"0.0002",26048,"0.0002"
"www.lesoleil.sn","SN","CH",349936,"0.0023",349936,"0.0023"
"www.lestrepublicain.com","DZ","US-CA",138119,"0.0010",138119,"0.0010"
"www.letemps.com.tn","TN","FR",65543,"0.0002",65543,"0.0002"
"www.letempsdz.com","DZ","FR",144918,"0.0010",144294,"0.0010"
"www.leuksenegal.com","SN","US-CA",36103,"0.0002",460745,"0.0031"
"www.lexpertjournal.net","TN","FR",73256,"0.0002",73256,"0.0002"
"www.lexpress.mu","MU","IE",281146,"0.0019",281146,"0.0019"
"www.lexpressmada.com","MG","FR",78867,"0.0005",78867,"0.0005"
"www.libe.ma","MA","FR",25035,"0.0001",97360,"0.0004"
"www.liberian-connection.net","LR","JP",13845,"0.0001",13845,"0.0001"
"www.liberte-algerie.com","DZ","CA-QC",90877,"0.0006",90877,"0.0006"
"www.libya-businessnews.com","LY","US",55122,"0.0010",55119,"0.0010"
"www.libya-today.com","LY","US-NY",204388,"0.0035",204354,"0.0035"
"www.libyanewstoday.com","LY","US-NY",68893,"0.0012",68893,"0.0012"
"www.linfodrome.com","CI","FR",308479,"0.0037",314121,"0.0038"
"www.livenewsalgerie.com","DZ","BG",106143,"0.0007",106143,"0.0007"
"www.lnr-dz.com","DZ","FR",44367,"0.0003",44367,"0.0003"
"www.lobservateur.bf","BF","US-TX",70408,"0.0005",71679,"0.0006"
"www.lobservateur.cd","CD","US-FL",17745,"0.0003",17745,"0.0003"
"www.lomecite.com","TG","IN",42936,"0.0003",42936,"0.0003"
"www.lomeinfos.com","TG","US-FL",74447,"0.0006",73342,"0.0006"
"www.ltv.ly","LY","LY",73841,"0.0013",73841,"0.0013"
"www.lusakatimes.com","ZM","US",267029,"0.0041",222794,"0.0034"
"www.mada.pro","MG","FR",57005,"0.0004",57005,"0.0004"
"www.madagascar-tribune.com","MG","FR",76642,"0.0005",76642,"0.0005"
"www.madagate.com","MG","US-UT",43178,"0.0003",43178,"0.0003"
"www.madamasr.com","EG","US",45469,"0.0001",161869,"0.0003"
"www.madonline.com","MG","FR",63723,"0.0004",63723,"0.0004"
"www.magazetini.com","TZ","US",42970,"0.0001",42742,"0.0001"
"www.malango-actualite.fr","YT","FR",11313,NULL,11313,NULL
"www.malawianwatchdog.com","MW","US-AZ",258809,"0.0014",258809,"0.0014"
"www.malawivoice.com","MW","US-CA",118890,"0.0006",118890,"0.0006"
"www.maledatimes.com","ET","US-UT",69559,"0.0004",88439,"0.0005"
"www.malijet.com","ML","FR",389427,"0.0049",389427,"0.0049"
"www.maliweb.net","ML","US-VA",605109,"0.0076",605109,"0.0076"
"www.manaonline.gov.mw","MW","MW",95804,"0.0005",95804,"0.0005"
"www.mapnews.ma","MA","MA",98666,"0.0004",98666,"0.0004"
"www.maroc-hebdo.press.ma","MA","US-UT",128534,"0.0006",128534,"0.0006"
"www.marocpress.com","MA","US-OR",126816,"0.0005",126816,"0.0005"
"www.masralarabia.com","EG","FR",145474,"0.0002",345959,"0.0005"
"www.masvingomirror.com","ZW","US-CA",286436,"0.0084",310202,"0.0091"
"www.mayotte-observer.com","YT","VG",1149,NULL,27893,NULL
"www.mayottehebdo.com","YT","FR",42353,NULL,42353,NULL
"www.mbc.mw","MW","US-MI",97677,"0.0005",97009,"0.0005"
"www.medi1.com","MA","FR",623862,"0.0027",623862,"0.0027"
"www.mediacentre.go.ug","UG","DE",58713,"0.0004",58713,"0.0004"
"www.mediacongo.net","CD","CH",64079,"0.0012",64430,"0.0012"
"www.mediaguinee.net","GQ","FR",519374,NULL,519382,NULL
"www.mediamaxnetwork.co.ke","KE","US",199665,"0.0008",185358,"0.0007"
"www.medianigeria.com","NG","US-TX",44965,"0.0002",44965,"0.0002"
"www.menara.ma","MA","MA",119384,"0.0005",119384,"0.0005"
"www.mercado.co.ao","AO","GB",62042,"0.0012",62042,"0.0012"
"www.meskerem.net","ER","US-FL",71057,NULL,71057,NULL
"www.metroworld.tv","GH","US-MA",18201,"0.0001",18201,"0.0001"
"www.midi-madagasikara.mg","MG","FR",77898,"0.0005",77898,"0.0005"
"www.miningnewszambia.com","ZM","ZA",93983,"0.0014",93983,"0.0014"
"www.mmo.co.mz","MZ","US",146486,"0.0005",146486,"0.0005"
"www.modernghana.com","GH","US",71021,"0.0003",80823,"0.0004"
"www.monitor.co.ug","UG","GB",107965,"0.0007",107965,"0.0007"
"www.moov.mg","MG","US-CA",67233,"0.0005",67337,"0.0005"
"www.moroccobusinessnews.com","MA","MA",1486,"0.0000",1486,"0.0000"
"www.moroccomirror.com","MA","US-MA",63530,"0.0003",20673,"0.0001"
"www.moroccoworldnews.com","MA","US",613606,"0.0027",613606,"0.0027"
"www.mostaganem-aujourdhui.com","DZ","FR",44930,"0.0003",44930,"0.0003"
"www.muvitv.com","ZM","US-MA",33883,"0.0005",231791,"0.0036"
"www.mw","MW","SE",73619,"0.0004",73619,"0.0004"
"www.mwanahalisi.co.tz","TZ","US-UT",35637,"0.0001",35637,"0.0001"
"www.mwananchi.co.tz","TZ","GB",102611,"0.0003",102611,"0.0003"
"www.mwanaspoti.co.tz","TZ","GB",84868,"0.0003",84868,"0.0003"
"www.mwebantu.news","ZM","US-UT",270279,"0.0042",270279,"0.0042"
"www.mwnation.com","MW","US-AZ",90356,"0.0005",90356,"0.0005"
"www.mybulawayo.com","ZW","NL",65409,"0.0019",65409,"0.0019"
"www.mydailynewswatchng.com","NG","US-TX",168408,"0.0006",168408,"0.0006"
"www.myjoyonline.com","GH","CA-QC",395888,"0.0018",385305,"0.0018"
"www.mylbsonline.net","LR","US-AZ",18165,"0.0001",18097,"0.0001"
"www.myzimbabwe.co.zw","ZW","US-AZ",239725,"0.0071",240369,"0.0071"
"www.naij.com","NG","US-VA",117578,"0.0004",115564,"0.0004"
"www.naijaleaks.org","NG","AU",63043,"0.0002",69922,"0.0002"
"www.nairaland.com","NG","US",23936,"0.0001",24472,"0.0001"
"www.nairobigossips.com","KE","US-NE",42658,"0.0002",203547,"0.0008"
"www.namibian.com.na","NA","ZA",108503,"0.0007",108503,"0.0007"
"www.namibtimes.net","NA","NA",42697,"0.0003",42697,"0.0003"
"www.nampa.org","NA","NA",28299,"0.0002",28311,"0.0002"
"www.nan.ng","NG","US-VA",315284,"0.0011",315231,"0.0011"
"www.nation.co.ke","KE","US",94805,"0.0004",94807,"0.0004"
"www.nation.sc","SC","FR",34778,"0.0006",34778,"0.0006"
"www.nationalaccordnewspaper.com","NG","BG",610316,"0.0021",610316,"0.0021"
"www.nationaldailyng.com","NG","US-MI",412511,"0.0014",412993,"0.0014"
"www.nationalnetworkonline.com","NG","US-FL",44343,"0.0002",44343,"0.0002"
"www.nazret.com","ET","BG",276937,"0.0016",276994,"0.0016"
"www.nbc.na","NA","US-UT",49981,"0.0003",49981,"0.0003"
"www.netpress.bi","BI","BI",201855,"0.0007",201855,"0.0007"
"www.netwerk24.com","ZA","ZA",169058,"0.0017",263193,"0.0027"
"www.newbusinessethiopia.com","ET","US-FL",164173,"0.0009",164173,"0.0009"
"www.newera.com.na","NA","DE",304647,"0.0019",304647,"0.0019"
"www.newpressphoto.com","DZ","FR",20481,"0.0001",20481,"0.0001"
"www.news.co.za","ZA","GB",38848,"0.0004",38848,"0.0004"
"www.news24.co.ke","KE","ZA",141937,"0.0006",92074,"0.0004"
"www.news24.com","ZA","ZA",141949,"0.0015",274962,"0.0028"
"www.news24.com.ng","NG","ZA",63756,"0.0002",192294,"0.0007"
"www.news247.com.ng","NG","",22576,"0.0001",29169,"0.0001"
"www.newsday.co.zw","ZW","BG",200035,"0.0059",201676,"0.0059"
"www.newsday.com.ng","NG","NL",91943,"0.0003",91814,"0.0003"
"www.newsdirectonline.com","NG","CA",60792,"0.0002",60792,"0.0002"
"www.newsdzezimbabwe.co.uk","ZW","US-CA",43732,"0.0013",207191,"0.0061"
"www.newsexpressngr.com","NG","US-TX",99943,"0.0003",99943,"0.0003"
"www.newsghana.com.gh","GH","US",227736,"0.0011",229041,"0.0011"
"www.newsjournal.com.ng","NG","US-MI",38421,"0.0001",306907,"0.0011"
"www.newsmada.com","MG","US-UT",99442,"0.0007",99442,"0.0007"
"www.newsng.com","NG","US-CA",88336,"0.0003",95622,"0.0003"
"www.newsofrwanda.com","RW","US-CA",60956,"0.0002",60956,"0.0002"
"www.newsudanvision.com","SS","CA-BC",33414,"0.0002",33414,"0.0002"
"www.newtimes.co.rw","RW","US-TX",49604,"0.0001",49604,"0.0001"
"www.newvision.co.ug","UG","SG",133454,"0.0008",133454,"0.0008"
"www.newzimbabwe.com","ZW","GB",113572,"0.0033",113572,"0.0033"
"www.ngamitimes.com","BW","US-MA",74804,"0.0023",74804,"0.0023"
"www.nifahamishe.com","TZ","US-AZ",79276,"0.0002",79276,"0.0002"
"www.nigerdeltastandard.com","NG","US-FL",5176,"0.0000",1137,"0.0000"
"www.nigeria-news-world.com","NG","US",126271,"0.0004",195590,"0.0007"
"www.nigeria70.com","NG","US-NY",64831,"0.0002",64831,"0.0002"
"www.nigeriancurrent.com","NG","US-TX",90742,"0.0003",90742,"0.0003"
"www.nigerianewsday.com","NG","US-FL",143958,"0.0005",143958,"0.0005"
"www.nigerianeye.com","NG","US-CA",294698,"0.0010",293660,"0.0010"
"www.nigerianmonitor.com","NG","US",80635,"0.0003",80635,"0.0003"
"www.nigeriannews.com","NG","US-NJ",2345,"0.0000",2345,"0.0000"
"www.nigerianobservernews.com","NG","US-TX",217755,"0.0008",217587,"0.0008"
"www.nigerianorientnews.com","NG","US-MA",63209,"0.0002",70090,"0.0002"
"www.nigeriapolitico.net","NG","US-TX",9014,"0.0000",9628,"0.0000"
"www.nigeriasun.com","NG","US-WA",22595,"0.0001",22595,"0.0001"
"www.nigeriavillagesquare.com","NG","US-CA",166104,"0.0006",167258,"0.0006"
"www.nigeriaworld.com","NG","US",50992,"0.0002",50992,"0.0002"
"www.niletc.tv","EG","US",145052,"0.0002",145052,"0.0002"
"www.nlsguinee.com","GQ","CH",305718,NULL,305718,NULL
"www.noseweek.co.za","ZA","ZA",10182,"0.0001",48750,"0.0005"
"www.notrevoie.com","CI","US-MO",35495,"0.0004",35495,"0.0004"
"www.novojornal.co.ao","AO","US-TX",243873,"0.0048",243873,"0.0048"
"www.nrgui.com","GQ","FR",126639,NULL,126639,NULL
"www.ntalagoschannel10.net","NG","",5351,"0.0000",5351,"0.0000"
"www.ntanews24.tv","NG","US-TX",8983,"0.0000",9562,"0.0000"
"www.ntv.co.ug","UG","US-CA",115525,"0.0007",115525,"0.0007"
"www.nyasatimes.com","MW","US",191569,"0.0010",142226,"0.0008"
"www.observer.co.za","ZA","ZA",111304,"0.0012",111304,"0.0012"
"www.observer.org.sz","SZ","SZ",37763,NULL,37746,NULL
"www.observer.ug","UG","US-IL",54975,"0.0003",54975,"0.0003"
"www.odili.net","NG","US",5255,"0.0000",5255,"0.0000"
"www.ofm.co.za","ZA","ZA",270157,"0.0028",270157,"0.0028"
"www.ogtv.com.ng","NG","US-IL",86655,"0.0003",85682,"0.0003"
"www.ogunradio.com","NG","US-TX",55816,"0.0002",55816,"0.0002"
"www.ondoevents.com","NG","US-CA",200814,"0.0007",217092,"0.0008"
"www.ondonews.com","NG","VG",1149,"0.0000",27081,"0.0001"
"www.openzambia.com","ZM","US",25092,"0.0004",64493,"0.0010"
"www.opinionnigeria.com","NG","US",162571,"0.0006",162592,"0.0006"
"www.orakonews.com","MW","US-MA",36221,"0.0002",185925,"0.0010"
"www.oran-aps.dz","DZ","DZ",37230,"0.0003",37230,"0.0003"
"www.oranais.com","DZ","FR",146272,"0.0010",146229,"0.0010"
"www.ortb.info","BJ","US-NY",60598,"0.0005",60598,"0.0005"
"www.ortm-mali.tv","ML","US-AZ",18096,"0.0002",18028,"0.0002"
"www.osundefender.org","NG","US-AZ",74121,"0.0003",74121,"0.0003"
"www.ouargla-aps.dz","DZ","DZ",39647,"0.0003",39647,"0.0003"
"www.ouarsenis.com","DZ","FR",109423,"0.0008",109423,"0.0008"
"www.ouestribune-dz.com","DZ","FR",96914,"0.0007",96914,"0.0007"
"www.oujdacity.net","MA","FR",156154,"0.0007",156138,"0.0007"
"www.paarlpost.co.za","ZA","ZA",55748,"0.0006",146430,"0.0015"
"www.palmtreereports.com","SL","VG",16368,"0.0002",27482,"0.0003"
"www.pe-express.co.za","ZA","ZA",61008,"0.0006",112365,"0.0012"
"www.peoplesdailyng.com","NG","US-IL",77862,"0.0003",77862,"0.0003"
"www.peoplespost.co.za","ZA","ZA",59391,"0.0006",110036,"0.0011"
"www.persecondnews.com","NG","US-UT",149440,"0.0005",150472,"0.0005"
"www.pgzambia.com","ZM","GB",32308,"0.0005",32308,"0.0005"
"www.ph-microscope.com","NG","US-MA",92879,"0.0003",92589,"0.0003"
"www.planetesport.dz","DZ","FR",47606,"0.0003",47606,"0.0003"
"www.pmbfever.co.za","ZA","ZA",60010,"0.0006",110773,"0.0011"
"www.pmnewsnigeria.com","NG","US-VA",259286,"0.0009",259286,"0.0009"
"www.politicsweb.co.za","ZA","ZA",38536,"0.0004",38536,"0.0004"
"www.polity.org.za","ZA","ZA",23947,"0.0002",81968,"0.0008"
"www.portalangop.co.ao","AO","AO",82118,"0.0016",82118,"0.0016"
"www.portaldeangola.com","AO","US",484444,"0.0096",484444,"0.0096"
"www.postwatchmagazine.com","CM","US",177662,"0.0016",174161,"0.0015"
"www.potchefstroomherald.co.za","ZA","ZA",71700,"0.0007",187085,"0.0019"
"www.premiermedia.sl","SL","US-MA",32191,"0.0003",32191,"0.0003"
"www.premiumtimesng.com","NG","NL",333743,"0.0012",333743,"0.0012"
"www.presse-dz.com","DZ","US",65468,"0.0005",65468,"0.0005"
"www.promptnewsonline.com","NG","US",92572,"0.0003",92572,"0.0003"
"www.punchng.com","NG","US",91421,"0.0003",91420,"0.0003"
"www.puntlandpost.com","SO","US-TX",126183,NULL,115477,NULL
"www.qfmzambia.com","ZM","US",83129,"0.0013",83907,"0.0013"
"www.quotidienlematin.com","BJ","US-NJ",5552,"0.0000",5552,"0.0000"
"www.qurynanew.com","LY","US-MA",62960,"0.0011",20245,"0.0003"
"www.r1.mu","MU","US-MI",80698,"0.0006",80698,"0.0006"
"www.radio-kankan.com","GQ","DE",169487,NULL,169487,NULL
"www.radioecclesia.org","AO","NL",90394,"0.0018",94826,"0.0019"
"www.radiogameli.com","TG","DK",74983,"0.0006",74983,"0.0006"
"www.radiojovem.info","GW","FR",174159,"0.0099",174178,"0.0099"
"www.radiolagosekofm.net","NG","US-GA",25987,"0.0001",25987,"0.0001"
"www.radiolome.tg","TG","US-TX",235161,"0.0019",235161,"0.0019"
"www.radiomaria.org.zm","ZM","IT",62955,"0.0010",62955,"0.0010"
"www.radiomuqdisho.net","SO","SO",209153,NULL,209153,NULL
"www.radiondekeluka.org","CF","CH",35463,"0.0004",35463,"0.0004"
"www.radionigeriakaduna.net","NG","US-AZ",18327,"0.0001",18259,"0.0001"
"www.radionigerialagos.com","NG","US-TX",51625,"0.0002",51959,"0.0002"
"www.radiotunis.com","TN","US-CA",32237,"0.0001",32237,"0.0001"
"www.radiovop.com","ZW","ZA",57504,"0.0017",57536,"0.0017"
"www.radiowa.org","UG","IT",37158,"0.0002",37159,"0.0002"
"www.raiamwema.co.tz","TZ","CA-QC",33339,"0.0001",210449,"0.0007"
"www.rapport.co.za","ZA","ZA",58856,"0.0006",141198,"0.0015"
"www.rasd-tv.com","EH","ES",22309,NULL,26148,NULL
"www.rayaam.net","SD","US-MA",62849,"0.0003",69730,"0.0004"
"www.rba.co.rw","RW","RW",66344,"0.0002",66344,"0.0002"
"www.realites.com.tn","TN","US",78844,"0.0002",78846,"0.0002"
"www.redeangola.info","AO","US-NJ",18854,"0.0004",18876,"0.0004"
"www.reflexiondz.net","DZ","FR",65892,"0.0005",65893,"0.0005"
"www.reporters.dz","DZ","FR",99259,"0.0007",98654,"0.0007"
"www.reportghananews.com","GH","US-UT",43922,"0.0002",49240,"0.0002"
"www.republikein.com.na","NA","US",74114,"0.0005",68310,"0.0004"
"www.risingsunlenasia.co.za","ZA","US",105525,"0.0011",269284,"0.0028"
"www.rm.co.mz","MZ","MZ",83762,"0.0003",83762,"0.0003"
"www.rnanews.com","RW","DK",25576,"0.0001",25576,"0.0001"
"www.rpa.bi","BI","CH",162916,"0.0005",162916,"0.0005"
"www.rtb.bf","BF","FR",648497,"0.0051",648497,"0.0051"
"www.rtc.cv","CV","PT",51448,"0.0003",51448,"0.0003"
"www.rtd.dj","DJ","FR",64541,NULL,64541,NULL
"www.rtg-conakry.com","GQ","US",53201,NULL,53201,NULL
"www.rti.ci","CI","FR",7312,"0.0001",7312,"0.0001"
"www.rts.sn","SN","IT",39858,"0.0003",41011,"0.0003"
"www.rumeursdabidjan.net","CI","FR",68432,"0.0008",68432,"0.0008"
"www.rumo.co.ao","AO","GB",114279,"0.0023",114279,"0.0023"
"www.sabc.co.za","ZA","ZA",108362,"0.0011",108361,"0.0011"
"www.sagoodnews.co.za","ZA","DE",102782,"0.0011",103615,"0.0011"
"www.sahara-online.net","EH","FR",97265,NULL,96720,NULL
"www.sahara-update.org","EH","US-TX",16432,NULL,22331,NULL
"www.saint.fm","SH","GB",66310,NULL,66293,NULL
"www.sainthelena.gov.sh","SH","GB",86856,NULL,86856,NULL
"www.sake24.com","ZA","ZA",85738,"0.0009",194872,"0.0020"
"www.salonereporter.net","SL","US-AZ",20134,"0.0002",20134,"0.0002"
"www.salonetoday.com","SL","IL",122305,"0.0012",122305,"0.0012"
"www.sapo.ao","AO","PT",113952,"0.0023",113952,"0.0023"
"www.sapo.cv","CV","PT",117337,"0.0006",117337,"0.0006"
"www.sapo.mz","MZ","PT",110650,"0.0004",110650,"0.0004"
"www.sbc.sc","SC","SC",26557,"0.0005",26557,"0.0005"
"www.sen24heures.com","SN","FR",77981,"0.0005",77981,"0.0005"
"www.sen360.com","SN","FR",202130,"0.0014",202079,"0.0014"
"www.senenews.com","SN","DE",164027,"0.0011",164027,"0.0011"
"www.senetoile.net","SN","GB",394283,"0.0026",394283,"0.0026"
"www.seneweb.com","SN","US",309131,"0.0021",244946,"0.0016"
"www.sensornewsonline.com.ng","NG","GB",171316,"0.0006",171164,"0.0006"
"www.setif.info","DZ","CH",32119,"0.0002",32119,"0.0002"
"www.setif.net","DZ","FR",29160,"0.0002",29055,"0.0002"
"www.setifnews.com","DZ","US-VA",2244,"0.0000",2244,"0.0000"
"www.seychellesnewsagency.com","SC","DE",12771,"0.0002",28172,"0.0005"
"www.seychellesweekly.com","SC","US-MA",83453,"0.0015",83453,"0.0015"
"www.shabait.com","ER","BG",326904,NULL,326904,NULL
"www.sharpedgenews.com","NG","US-UT",130027,"0.0005",130027,"0.0005"
"www.shorouknews.com","EG","US",52652,"0.0001",110392,"0.0002"
"www.sidwaya.bf","BF","FR",74585,"0.0006",74585,"0.0006"
"www.sierraexpressmedia.com","SL","GB",160943,"0.0016",162744,"0.0016"
"www.sierraherald.com","SL","GB",104647,"0.0010",104647,"0.0010"
"www.sierraleonenews.net","SL","US-WA",24392,"0.0002",24392,"0.0002"
"www.sierraleonepress.com","SL","US-CA",39313,"0.0004",39313,"0.0004"
"www.sierraleonetimes.com","SL","US-WA",22811,"0.0002",22811,"0.0002"
"www.sis.gov.eg","EG","EG",105416,"0.0002",105416,"0.0002"
"www.siwel.info","DZ","CH",136524,"0.0010",136525,"0.0010"
"www.soccer24.co.zw","ZW","GB",54948,"0.0016",54947,"0.0016"
"www.somalilandsun.com","SO","NL",54353,NULL,317247,NULL
"www.souk-ahras.info","DZ","DE",32838,"0.0002",32838,"0.0002"
"www.southafrica.info","ZA","ZA",115146,"0.0012",115139,"0.0012"
"www.southafrica2day.com","ZA","US-AZ",6914,"0.0001",9945,"0.0001"
"www.southerneye.co.zw","ZW","BG",50624,"0.0015",97245,"0.0029"
"www.southsudannation.com","SS","US-NY",97971,"0.0006",98105,"0.0006"
"www.southsudannewsagency.com","SS","US-VA",5015,"0.0000",5015,"0.0000"
"www.southsudantoday.net","SS","US-FL",5157,"0.0000",1104,"0.0000"
"www.sowetanlive.co.za","ZA","US-CA",211101,"0.0022",211102,"0.0022"
"www.sport-ivoire.ci","CI","US-VA",116705,"0.0014",116705,"0.0014"
"www.sport24.co.za","ZA","ZA",115507,"0.0012",150073,"0.0016"
"www.sportelizabeth.co.za","ZA","ZA",70440,"0.0007",70440,"0.0007"
"www.standardmedia.co.ke","KE","US",93840,"0.0004",74138,"0.0003"
"www.starducongo.com","CG","FR",303044,"0.0032",303020,"0.0032"
"www.starpress.info","MU","US-UT",85499,"0.0006",85499,"0.0006"
"www.statehouse.gov.sl","SL","US-MI",54605,"0.0005",54931,"0.0005"
"www.stop.co.mz","MZ","BG",440774,"0.0014",440774,"0.0014"
"www.stp-press.st","ST","BG",47541,"0.0004",347471,"0.0031"
"www.stpdigital.net","ST","PT",138842,"0.0012",138272,"0.0012"
"www.sudanile.com","SD","GB",15447,"0.0001",15447,"0.0001"
"www.sudanjem.com","SD","NL",257152,"0.0013",257152,"0.0013"
"www.sudantribune.com","SD","FR",36484,"0.0002",36484,"0.0002"
"www.sudantribune.com","SS","FR",36484,"0.0002",36484,"0.0002"
"www.sudantribune.net","SD","FR",58394,"0.0003",58394,"0.0003"
"www.sudantribune.net","SS","FR",58394,"0.0004",58394,"0.0004"
"www.sudonline.sn","SN","US-MA",143170,"0.0010",143170,"0.0010"
"www.sundaymail.co.zw","ZW","US",182380,"0.0054",182526,"0.0054"
"www.sundaynews.co.zw","ZW","ZA",91417,"0.0027",91417,"0.0027"
"www.sundaystandard.info","BW","BW",105642,"0.0033",105642,"0.0033"
"www.sunshinecoastexpress.co.za","ZA","ZA",60584,"0.0006",112386,"0.0012"
"www.supersport.com","ZA","ZA",37671,"0.0004",148965,"0.0015"
"www.switsalone.com","SL","US-AZ",109578,"0.0011",109077,"0.0011"
"www.talk90point5.co.zm","ZM","ZM",33213,"0.0005",33213,"0.0005"
"www.tamtaminfo.com","NE","US-UT",233880,"0.0057",233872,"0.0057"
"www.tamurt.info","DZ","DE",513478,"0.0036",513478,"0.0036"
"www.tanzaniatoday.co.tz","TZ","US-CA",364225,"0.0011",364225,"0.0011"
"www.tbc.go.tz","TZ","TZ",64515,"0.0002",64515,"0.0002"
"www.tchadactuel.com","TD","US-CA",71832,"0.0014",71832,"0.0014"
"www.technomag.co.zw","ZW","US-UT",133818,"0.0039",133853,"0.0039"
"www.techtrends.co.zm","ZM","GB",165182,"0.0025",165182,"0.0025"
"www.techzim.co.zw","ZW","GB",152867,"0.0045",152853,"0.0045"
"www.telanon.info","ST","FR",67413,"0.0006",67413,"0.0006"
"www.tellzim.com","ZW","US-CA",153799,"0.0045",154039,"0.0045"
"www.temoignages.re","RE","FR",25455,NULL,35101,NULL
"www.the-star.co.ke","KE","US",173700,"0.0007",151975,"0.0006"
"www.theabujainquirer.com","NG","US-AZ",80663,"0.0003",80663,"0.0003"
"www.theannouncer.co.za","ZA","ZA",194977,"0.0020",195097,"0.0020"
"www.thebreakingtimes.com","NG","US",121248,"0.0004",121092,"0.0004"
"www.thebugle.co.za","ZA","ZA",26838,"0.0003",142848,"0.0015"
"www.thebusinessconnect.co.zw","ZW","US",89919,"0.0027",89921,"0.0027"
"www.thecable.ng","NG","US",173505,"0.0006",173505,"0.0006"
"www.thecitizen.co.tz","TZ","GB",94835,"0.0003",94835,"0.0003"
"www.theeastafrican.co.ke","KE","US",58506,"0.0002",58511,"0.0002"
"www.theeastafrican.co.ke","TZ","US",58507,"0.0002",58507,"0.0002"
"www.theenquirerweb.com","GH","US-VA",23697,"0.0001",23697,"0.0001"
"www.thegambiaecho.com","GM","US-AZ",205581,"0.0213",205581,"0.0213"
"www.theheartlander.com","NG","US-UT",179027,"0.0006",180364,"0.0006"
"www.theheraldnews.info","NG","US-CA",141393,"0.0005",141393,"0.0005"
"www.theheraldng.com","NG","US",134568,"0.0005",134899,"0.0005"
"www.theindependent.co.zw","ZW","BG",92144,"0.0027",92143,"0.0027"
"www.theinfostrides.com","NG","US-FL",139137,"0.0005",139137,"0.0005"
"www.theliberianjournal.com","LR","US-AZ",26317,"0.0001",26317,"0.0001"
"www.themastonline.com","ZM","ZA",97515,"0.0015",97515,"0.0015"
"www.thenewage.co.za","ZA","ZA",194642,"0.0020",194642,"0.0020"
"www.thenewdawnliberia.com","LR","US-OK",1716237,"0.0080",1716237,"0.0080"
"www.thenewpeople.com","SL","US-VA",13587,"0.0001",13587,"0.0001"
"www.thenewslib.com","LR","US-UT",56092,"0.0003",56092,"0.0003"
"www.thenewspaper.co.za","ZA","US",262423,"0.0027",263355,"0.0027"
"www.thenewswriterng.com","NG","US-NC",74879,"0.0003",74879,"0.0003"
"www.thenigerianvoice.com","NG","US",32790,"0.0001",41055,"0.0001"
"www.thepalavahut.org","LR","US-MA",49658,"0.0002",49658,"0.0002"
"www.thepatriot.co.bw","BW","ZA",50840,"0.0016",50840,"0.0016"
"www.thepatriot.co.zw","ZW","ZA",174452,"0.0051",174452,"0.0051"
"www.thepatrioticvanguard.com","SL","FR",37955,"0.0004",37955,"0.0004"
"www.theperspective.org","LR","US-UT",297955,"0.0014",297955,"0.0014"
"www.therwandan.com","RW","FR",513906,"0.0015",513906,"0.0015"
"www.thesierraleonetelegraph.com","SL","US-CA",385690,"0.0038",385690,"0.0038"
"www.thestandard.co.zw","ZW","BG",71446,"0.0021",71445,"0.0021"
"www.thetidenewsonline.com","NG","US-NC",46486,"0.0002",299988,"0.0010"
"www.thevillager.com.na","NA","US-IL",29774,"0.0002",29774,"0.0002"
"www.thevoicebw.com","BW","US",228967,"0.0071",228967,"0.0071"
"www.thezimbabwean.co","ZW","US",90309,"0.0027",90309,"0.0027"
"www.thezimbabwedaily.com","ZW","GB",45964,"0.0014",45963,"0.0014"
"www.thezimbabwenewslive.com","ZW","US-OR",92671,"0.0027",92671,"0.0027"
"www.thinkghana.com","GH","US-KS",32058,"0.0001",31380,"0.0001"
"www.thisdaylive.com","NG","US-OR",262376,"0.0009",262739,"0.0009"
"www.thisissierraleone.com","SL","US-TX",286800,"0.0028",286660,"0.0028"
"www.times.co.sz","SZ","SZ",41351,NULL,41351,NULL
"www.times.co.zm","ZM","ZA",57668,"0.0009",57668,"0.0009"
"www.timeslive.co.za","ZA","US-CA",139057,"0.0014",194784,"0.0020"
"www.tnrliberia.net","LR","US-AZ",18142,"0.0001",18074,"0.0001"
"www.togoactualite.com","TG","FR",152547,"0.0012",152547,"0.0012"
"www.transactiondalgerie.com","DZ","CH",32632,"0.0002",32632,"0.0002"
"www.tribune.com.ng","NG","SG",135478,"0.0005",135478,"0.0005"
"www.tribunelecteurs.com","DZ","GB",174595,"0.0012",174595,"0.0012"
"www.tripolipost.com","LY","US-FL",5136,"0.0001",1107,"0.0000"
"www.tsa-algerie.com","DZ","US",45428,"0.0003",179923,"0.0013"
"www.tultogo.com","TG","FR",10232,"0.0001",10232,"0.0001"
"www.tumfweko.com","ZM","US-AZ",93370,"0.0014",93371,"0.0014"
"www.tunisiaonlinenews.com","TN","US-GA",32301,"0.0001",32298,"0.0001"
"www.tunisiefocus.com","TN","FR",70126,"0.0002",70126,"0.0002"
"www.tunivisions.net","TN","FR",216332,"0.0006",216332,"0.0006"
"www.turenchi.com","NG","US-NY",116274,"0.0004",116274,"0.0004"
"www.tvcontinental.tv","NG","US-TX",189877,"0.0007",189877,"0.0007"
"www.tvm.co.mz","MZ","MZ",103655,"0.0003",103659,"0.0003"
"www.tvmada.com","MG","EU",79862,"0.0006",79861,"0.0006"
"www.tygerburger.co.za","ZA","ZA",52451,"0.0005",137649,"0.0014"
"www.ud-news.co.za","ZA","ZA",59898,"0.0006",111143,"0.0012"
"www.ugandanews.net","UG","US-WA",24080,"0.0002",24080,"0.0002"
"www.umhlanganews.co.za","ZA","US-TX",80017,"0.0008",80017,"0.0008"
"www.umthunywa.co.zw","ZW","ZA",82975,"0.0024",82975,"0.0024"
"www.union.sonapresse.com","GA","FR",140366,"0.0015",140366,"0.0015"
"www.urhobotimes.com","NG","US-AZ",18165,"0.0001",18097,"0.0001"
"www.vaalweekblad.com","ZA","ZA",79348,"0.0008",175084,"0.0018"
"www.vanguardngr.com","NG","US",120309,"0.0004",184525,"0.0006"
"www.view.com.ng","NG","DE",9197,"0.0000",9298,"0.0000"
"www.vitrina.st","ST","SE",336388,"0.0030",336388,"0.0030"
"www.voandebele.com","ZW","NL",66752,"0.0020",66750,"0.0020"
"www.voaportugues.com","AO","NL",74548,"0.0015",74550,"0.0015"
"www.voashona.com","ZW","NL",62395,"0.0018",62396,"0.0018"
"www.voazimbabwe.com","ZW","NL",65326,"0.0019",65329,"0.0019"
"www.vocfm.co.za","ZA","DE",79864,"0.0008",79864,"0.0008"
"www.voice-of-binkongoh.info","SL","US-TX",163684,"0.0016",163684,"0.0016"
"www.volksblad.com","ZA","ZA",59478,"0.0006",142587,"0.0015"
"www.walf-groupe.com","SN","FR",37428,"0.0003",345292,"0.0023"
"www.waltainfo.com","ET","US-NJ",73700,"0.0004",73700,"0.0004"
"www.wardheernews.com","SO","US-AZ",100983,NULL,100983,NULL
"www.watania1.tn","TN","NL",64801,"0.0002",64801,"0.0002"
"www.wataninet.com","EG","US",233677,"0.0004",233463,"0.0004"
"www.weslander.co.za","ZA","ZA",58905,"0.0006",148109,"0.0015"
"www.x-news.co.ke","KE","US-KS",104051,"0.0004",104043,"0.0004"
"www.yazonaija.com","NG","US-CA",4933,"0.0000",4933,"0.0000"
"www.yohaig.com","NG","US-MA",44531,"0.0002",44531,"0.0002"
"www.youm7.com","EG","US",196649,"0.0003",216989,"0.0003"
"www.younewsng.com","NG","US-MI",132431,"0.0005",132431,"0.0005"
"www.zambiainvest.com","ZM","IT",66031,"0.0010",66031,"0.0010"
"www.zambian-economist.com","ZM","US-CA",37322,"0.0006",117135,"0.0018"
"www.zambian.com","ZM","US-PA",41097,"0.0006",41097,"0.0006"
"www.zambianews.net","ZM","US-WA",24124,"0.0004",24124,"0.0004"
"www.zambianewsonline.com","ZM","DE",277588,"0.0043",277588,"0.0043"
"www.zambianintelligencenews.com","ZM","US-UT",65002,"0.0010",65004,"0.0010"
"www.zambianobserver.com","ZM","US-UT",175267,"0.0027",175267,"0.0027"
"www.zambianpolitics.com","ZM","GB",91905,"0.0014",91904,"0.0014"
"www.zambiawatchdog.com","ZM","US",104188,"0.0016",104188,"0.0016"
"www.zbc.co.zw","ZW","US",139875,"0.0041",140142,"0.0041"
"www.zehabesha.com","ET","US",248792,"0.0014",247487,"0.0014"
"www.zenga-mambu.com","CG","CH",149285,"0.0016",149285,"0.0016"
"www.zimbabwebusinessnews.com","ZW","US-UT",7314,"0.0002",7314,"0.0002"
"www.zimbabwelatestnews.net","ZW","US-TX",187150,"0.0055",187150,"0.0055"
"www.zimbabwenews.net","ZW","US-WA",24282,"0.0007",24282,"0.0007"
"www.zimbabwenews.today","ZW","US-TX",49184,"0.0015",49184,"0.0015"
"www.zimbabwenewsonline.com","ZW","US-NJ",70163,"0.0021",70163,"0.0021"
"www.zimbabweonlinenews.com","ZW","US-CA",54250,"0.0016",54250,"0.0016"
"www.zimbabwesituation.com","ZW","NL",148294,"0.0044",148294,"0.0044"
"www.zimbabwestar.com","ZW","US-WA",22776,"0.0007",22776,"0.0007"
"www.zimbojam.com","ZW","GB",155371,"0.0046",155371,"0.0046"
"www.zimdaily.com","ZW","BG",82150,"0.0024",82432,"0.0024"
"www.zimeye.net","ZW","US-CA",209069,"0.0062",208208,"0.0061"
"www.zimmetro.com","ZW","DE",73438,"0.0022",73438,"0.0022"
"www.znbc.co.zm","ZM","US-FL",119327,"0.0018",119291,"0.0018"
"www.zodiakmalawi.com","MW","US-AZ",86553,"0.0005",86553,"0.0005"
"www.zoutnet.co.za","ZA","ZA",58630,"0.0006",58630,"0.0006"
"xalimasn.com","SN","US",369292,"0.0025",369292,"0.0025"
"xpresstimes.co.ug","UG","US-FL",181168,"0.0011",181156,"0.0011"
"ynaija.com","NG","US",154296,"0.0005",155983,"0.0005"
"zambia-times.com","ZM","GB",85515,"0.0013",85515,"0.0013"
"zambia24.com","ZM","US-UT",49336,"0.0008",49336,"0.0008"
"zambiabusinesstimes.com","ZM","ZA",257078,"0.0039",257080,"0.0039"
"zambianewsnetwork.com","ZM","US-CA",41668,"0.0006",41668,"0.0006"
"zambianeye.com","ZM","US",32883,"0.0005",119966,"0.0018"
"zambiareports.com","ZM","GB",60815,"0.0009",60815,"0.0009"
"zifmstereo.co.zw","ZW","US-AZ",43063,"0.0013",43063,"0.0013"
"zimbabwe-today.com","ZW","US-AZ",113870,"0.0034",113569,"0.0033"
"zimbabwedigitalnews.com","ZW","ZA",508641,"0.0150",508641,"0.0150"
"zimbabweelection.com","ZW","US",82624,"0.0024",82624,"0.0024"
"zimbabwehub.com","ZW","US-CA",54847,"0.0016",54659,"0.0016"
"zimbabwenews.co.uk","ZW","US-CA",77998,"0.0023",77997,"0.0023"
"zimbuzz.co.zw","ZW","US-TX",101378,"0.0030",101378,"0.0030"
"zimmetro.net","ZW","GB",15905,"0.0005",55849,"0.0016"
"zimnews.net","ZW","US-CA",77382,"0.0023",77382,"0.0023"
"zimonlinenews.com","ZW","CA-QC",212677,"0.0063",212686,"0.0063"
"zululandobserver.co.za","ZA","US",126576,"0.0013",281240,"0.0029"
