"domain","probe_cc","hosting_cc1","hop_count"
"247ureports.com","NG","US",7
"263chat.com","ZW","US",12
"7sur7.cd","CD","US",8
"abcafricanews.com","UG","US",13
"abidjantv.net","CI","CA",12
"abpinfos.gov.bi","BI","DE",9
"abujavoice.com","NG","US",10
"acpcongo.com","CD","US",9
"actualites.visages-du-benin.com","BJ","US",10
"addisfortune.net","ET","US",9
"africanreporter.co.za","ZA","US",4
"africansearchlight.com","NG","US",6
"ain-oulmene.com","DZ","FR",7
"akhbarachark.dz","DZ","FR",6
"akhbarelyom.com","EG","US",5
"albayane.press.ma","MA","MA",6
"albertonrecord.co.za","ZA","US",4
"alexnews.co.za","ZA","US",4
"algerienetwork.com","DZ","US",9
"alhadath-tv.com","EG","JO",8
"almaugif.com","SS","US",9
"angolanas.net","AO","US",9
"ar.leaders.com.tn","TN","FR",8
"asemana.sapo.cv","CV","FR",6
"assudan.net","SD","US",9
"atoptogo.blogspot.com","TG","US",8
"bamendaonline.net","CM","US",16
"banthutimes.com","MW","US",8
"bayanealyaoume.press.ma","MA","MA",6
"bbstv.ug","UG","US",10
"bedfordviewedenvalenews.co.za","ZA","US",5
"bejaia-aujourdhui.com","DZ","FR",6
"bejaia-aujourdhui.com","DZ","NL",5
"bejaia-aujourdhui.com","DZ","US",8
"bel-abbes.info","DZ","FR",4
"beninsite.net","BJ","US",7
"benonicitytimes.co.za","ZA","US",5
"bereamail.co.za","ZA","US",5
"bizwatchnigeria.ng","NG","US",10
"bj.jolome.com","BJ","US",10
"blanknewsonline.wordpress.com","NG","US",7
"boksburgadvertiser.co.za","ZA","US",4
"brakpanherald.co.za","ZA","US",4
"breezefmchipata.com","ZM","DK",8
"bulawayo24.com","ZW","GB",8
"burundi-24.com","BI","FR",9
"businessdayonline.com","NG","US",6
"businesseyengr.com","NG","JP",10
"businessnews.com.ng","NG","US",6
"businessworldng.com","NG","VG",9
"buzzghana.com","GH","US",5
"buzzkenya.com","KE","US",5
"buzznigeria.com","NG","US",6
"buzzsouthafrica.com","ZA","US",5
"cameroonjournal.com","CM","US",41
"cameroonwebnews.com","CM","US",4
"capitalradio.co.ug","UG","US",7
"citizen.co.za","ZA","ZA",6
"city1051fm.com","NG","US",10
"citybuzz.co.za","ZA","US",4
"comarochronicle.co.za","ZA","US",4
"completesportsnigeria.com","NG","US",6
"congo-liberty.com","CG","US",8
"congopanorama.info","CD","JP",11
"crossriverwatch.com","NG","US",6
"crtv.cm","CM","CM",41
"cyberzena.com","ET","DE",7
"dailynews.gm","GM","FR",5
"dailypost.ng","NG","US",6
"dailypost.ug","UG","US",12
"dailyreviewonline.com.ng","NG","DE",8
"dailystar.com.ng","NG","US",7
"desertherald.com","NG","US",7
"dieson.mobi","ZA","ZA",6
"eagle.co.ug","UG","US",12
"eaglereporters.com","NG","US",7
"ecadforum.com","ET","US",5
"echosdesidibelabbes.info","DZ","GB",6
"economiaemercado.sapo.ao","AO","PT",8
"ectv.org","ET","US",13
"edennewspaper.org","CM","AU",43
"egypttoday.com","EG","US",6
"el-youm.info","DZ","FR",4
"elayem.com","DZ","US",9
"elmassar-ar.com","DZ","FR",8
"elraaed.com","DZ","FR",8
"elwaha-dz.com","DZ","GB",6
"elwatani.com","DZ","FR",8
"ethioforum.org","ET","US",6
"ethiopiaforums.com","ET","US",12
"ethiopianreview.com","ET","FR",6
"ewn.co.za","ZA","ZA",15
"exposeghana.com","GH","US",9
"eyeradio.org","SS","GB",9
"financenews.press.ma","MA","FR",7
"flashpointnews.wordpress.com","NG","US",7
"focus.rw","RW","US",10
"foroyaa.gm","GM","US",8
"fourwaysreview.co.za","ZA","US",4
"gainako.com","GM","US",7
"germinalnewspaper.com","CM","US",42
"germistoncitynews.co.za","ZA","US",5
"ghanaianlens.com","GH","",6
"ghanaianlens.com","GH","US",8
"ghananewslink.com","GH","US",10
"ghananewsportal.com","GH","US",9
"ghheadlines.com","GH","DE",9
"gistyinka.net","NG","US",8
"globalvillageextra.com","NG","US",10
"gloryfm.com","NG","VG",10
"goldenpennewspaper.blogspot.com","NG","US",5
"graphic.com.gh","GH","US",8
"happyghana.com","GH","US",8
"hebdo.ahram.org.eg","EG","EG",4
"highwaymail.co.za","ZA","US",5
"hmetro.co.zw","ZW","US",12
"iharare.com","ZW","US",10
"imvahonshya.co.rw","RW","US",11
"ireports-ng.com","NG","RU",7
"isoexpress.co.za","ZA","ZA",7
"itvradionigeria.com","NG","US",7
"jamboleonews.blogspot.com","TZ","US",7
"joburgeastexpress.co.za","ZA","US",5
"jornaldeangola.sapo.ao","AO","PT",8
"jornaldeeconomia.sapo.ao","AO","PT",8
"jornaldosdesportos.sapo.ao","AO","PT",8
"jornalf8.net","AO","PT",5
"journal.rdpcpdm.cm","CM","US",42
"kabyleuniversel.com","DZ","US",7
"kampalasun.co.ug","UG","US",12
"kemptonexpress.co.za","ZA","US",5
"kenyanewsagency.go.ke","KE","US",8
"kfm.co.ug","UG","US",13
"krugersdorpnews.co.za","ZA","US",5
"kumasimail.com","GH","CH",8
"kwekwebiz.com","ZW","US",10
"ladysmithgazette.co.za","ZA","US",4
"laghouatinfo.net","DZ","FR",7
"lalternative-togo.com","TG","US",8
"landbou.com","ZA","ZA",7
"latribunedelacapitale.com","BJ","US",7
"lautrefraternite.com","BJ","US",7
"lavoixdesidibelabbes.info","DZ","FR",8
"leadership.ng","NG","US",6
"leboncoin.nu","MU","GB",10
"lechiffredaffaires.net","DZ","FR",6
"lecitoyendz.com","DZ","US",10
"leconfrere.info","BJ","FR",3
"lecourrier-dalgerie.com","DZ","FR",9
"ledaily.mg","MG","US",7
"lejournaldaffaire.com","DZ","FR",7
"leprovincial.com","DZ","AU",11
"lequotidienalgerie.org","DZ","CA",9
"lestimes.com","LS","ZA",5
"letempstg.com","TG","US",8
"levenementprecis.com","BJ","US",7
"liberal.sapo.cv","CV","PT",6
"lindaikeji.blogspot.com","NG","US",5
"lnt.ma","MA","FR",13
"lobservateurdumaroc.info","MA","US",13
"lowvelder.co.za","ZA","US",5
"lusakastar.com","ZM","DE",6
"lusakavoice.com","ZM","US",5
"majira-hall.blogspot.com","TZ","US",7
"malawi24.com","MW","US",7
"malawiana.net","MW","US",10
"malawilive.com","MW","US",9
"manicapost.co.zw","ZW","US",12
"maravi.blogspot.com","ZM","US",7
"maritzburgsun.co.za","ZA","US",5
"marocpress.ma","MA","US",6
"mauritiustimes.com","MU","US",9
"mbc.intnet.mu","MU","MU",4
"mediamaxnetwork.co.ke","KE","US",5
"mg.co.za","ZA","US",5
"midrandreporter.co.za","ZA","US",5
"mkegypt.net","EG","UA",27
"moroccantimes.com","MA","US",10
"moroccomedia.com","MA","US",15
"mtanzania.co.tz","TZ","CA",7
"mthathaexpress.co.za","ZA","ZA",7
"mubasher-misr.aljazeera.net","EG","US",5
"mzalendo.net","TZ","US",9
"naijabizcom.com","NG","US",9
"nationalmirroronline.net","NG","US",10
"nbs.ug","UG","US",11
"nehandaradio.com","ZW","US",6
"nehandatv.com","ZW","US",6
"new.elfagr.org","EG","US",6
"newcastleadvertiser.co.za","ZA","US",4
"newmail-ng.com","NG","US",9
"news.bestnaira.com","NG","US",6
"news.google.com","BW","US",5
"news.google.com","EG","US",8
"news.google.com","ET","US",7
"news.google.com","GH","US",6
"news.google.com","KE","US",4
"news.google.com","MA","US",10
"news.google.com","NA","US",5
"news.google.com","NG","US",9
"news.google.com","SN","US",18
"news.google.com","TZ","US",7
"news.google.com","UG","US",8
"news.google.com","ZA","US",5
"news.google.com","ZW","US",9
"news.maraviexpress.com","MW","GB",7
"news.sudanvisiondaily.com","SD","US",10
"newsdayngonline.com","NG","US",8
"newsdiaryonline.com","NG","US",10
"newsducamer.com","CM","US",40
"newsinvestigatorsng.com","NG","CA",8
"newslexpoint.com","UG","GB",8
"newsly.ma","MA","FR",9
"newsofthesouth.com","ZW","GB",8
"newsvyb.com","ZW","US",17
"newtelegraphonline.com","NG","US",10
"newzimbabwevision.com","ZW","DE",7
"ngex.com","NG","US",9
"nhasimugweru.blogspot.com","ZW","US",8
"nigeriaindependent.com","NG","US",9
"nigerianbeacon.com","NG","US",9
"nigerianinquirer.com","NG","DE",8
"nigeriantimes.ng","NG","US",7
"nigeriapoliticsonline.com","NG","US",10
"nigeriastandardnewspaper.com","NG","US",7
"northcliffmelvilletimes.co.za","ZA","US",5
"northeasterntribune.co.za","ZA","US",5
"northglennews.co.za","ZA","US",5
"noticiasdonorte.publ.cv","CV","US",7
"novagazeta.co.ao","AO","PT",9
"ntv.nation.co.ke","KE","US",5
"observer24.com.na","NA","DE",8
"ogavendor.com","NG","DE",8
"ontveg.com","EG","US",8
"opais.co.ao","AO","US",4
"ouest-info.org","DZ","FR",4
"patsakacommunityradio.org","ZW","US",11
"peaceghana.com","GH","US",7
"plentynews.com","NG","AU",11
"pointblanknews.com","NG","US",9
"polokwaneexpress.co.za","ZA","ZA",6
"ppbdi.com","BI","US",14
"pulse.ng","NG","DE",8
"quotidienlemessager.net","CM","US",41
"radiodespertarangola.net","AO","US",10
"radiookapi.net","CD","US",6
"radioonefm90.com","UG","MU",5
"radiotamazuj.org","SS","NL",9
"randburgsun.co.za","ZA","US",4
"realnewsmagazine.net","NG","US",10
"rekordcenturion.co.za","ZA","US",4
"rekordeast.co.za","ZA","US",4
"reporters365.com","NG","US",8
"reunion.la1ere.fr","RE","",5
"reunion.la1ere.fr","RE","FR",7
"reunion.la1ere.fr","RE","GB",5
"reunion.la1ere.fr","RE","IN",9
"reunion.la1ere.fr","RE","NL",7
"reunion.la1ere.fr","RE","RE",3
"reunion.la1ere.fr","RE","US",9
"risingsunchatsworth.co.za","ZA","US",4
"royaltimes.net","NG","US",8
"rwandawire.com","RW","US",7
"saharareporters.com","NG","US",6
"sandtonchronicle.co.za","ZA","US",5
"sandtonmag.co.za","ZA","US",9
"sawt-alahrar.net","DZ","DE",7
"sawtdjelfa.com","DZ","FR",7
"scannewsnigeria.com","NG","US",10
"sedibengster.com","ZA","ZA",6
"senego.com","SN","US",6
"silverbirdtv.com","NG","NL",8
"sites.google.com","DZ","DZ",3
"sites.google.com","DZ","US",6
"siyimbali.com","SZ","US",31
"societynews.co.za","ZA","US",10
"sosanews.com","SS","US",7
"source.co.zw","ZW","US",12
"southafricatoday.net","ZA","US",5
"southcoastherald.co.za","ZA","US",5
"southcoastsun.co.za","ZA","US",4
"southernafrican.news","NA","DE",7
"southlandssun.co.za","ZA","US",4
"southsudantoday.net","SS","US",8
"southsudantribune.org","SS","US",11
"sport.elkhabar.com","DZ","US",5
"sport.ennaharonline.com","DZ","FR",7
"sportbrief.co.zw","ZW","GB",9
"startvtz.com","TZ","US",7
"stfrancischronicle.com","ZA","US",5
"suna-sd.net","SD","SD",5
"sundayexpress.co.ls","LS","ZA",5
"sunnewsonline.com","NG","US",7
"tahrirnews.com","EG","US",6
"telquel.ma","MA","US",5
"theabujatimes.com","NG","US",9
"theadvocatengr.com","NG","US",10
"thebftonline.com","GH","US",5
"thecitizenng.com","NG","US",9
"theeagleonline.com.ng","NG","US",9
"theglobenewspaper.blogspot.com","ZM","US",7
"theheraldghana.com","GH","US",5
"theinfrastructurenewsng.com","NG","US",8
"theinsider.ug","UG","US",12
"theinvestigatornews.com","UG","US",13
"thenationonlineng.net","NG","US",6
"theneighbourhoodonline.com","NG","GB",6
"thenewcrusadingguideonline.com","GH","US",9
"thenews-chronicle.com","NG","US",7
"thepeoplesvoice.org.zw","ZW","GB",8
"thepoint.gm","GM","FR",5
"thepointernewsonline.com","NG","US",10
"therainbow.com.ng","NG","ZA",4
"thesoutherndaily.co.zw","ZW","US",6
"thesummary.com.ng","NG","US",6
"theweekendpost.com","ZA","US",11
"theweeklyadvertiser.com","KE","US",8
"thewillnigeria.com","NG","CA",8
"thezimbabwemail.com","ZW","US",11
"timesmediamw.com","MW","US",8
"togozine.com","TG","US",12
"tpa.sapo.ao","AO","PT",8
"tv3network.com","GH","US",9
"tvt.tg","TG","US",6
"tvwest.co.ug","UG","US",12
"ubc.ug","UG","US",12
"ugandaradionetwork.com","UG","US",7
"ukzambians.co.uk","ZM","NL",9
"urhobotoday.com","NG","US",6
"vibeghana.com","GH","US",7
"victoriafalls24.com","ZW","ZA",6
"wakteldjazair.com","DZ","FR",7
"weekly.ahram.org.eg","EG","EG",4
"wn.com","GH","GB",8
"worldstagegroup.com","NG","US",10
"wpost.co","NG","US",10
"www.24haubenin.info","BJ","FR",7
"www.24hnewspaper.net","EG","US",26
"www.3-mob.com","ZW","US",12
"www.5plus.mu","MU","IE",28
"www.702.co.za","ZA","ZA",14
"www.abidjan.net","CI","US",15
"www.aboutalgeria.com","DZ","US",6
"www.acholitimes.com","UG","US",9
"www.acotonou.com","BJ","US",9
"www.actsa.org","AO","GB",7
"www.actubenin.com","BJ","US",10
"www.actuel-dz.com","DZ","FR",7
"www.actusen.com","SN","FR",5
"www.addisadmassnews.com","ET","US",10
"www.adiac-congo.com","CG","FR",5
"www.afbis.com","NG","US",10
"www.africa21digital.com","AO","BR",11
"www.africanewsposts.com","KE","VG",10
"www.africanexaminer.com","NG","CA",8
"www.africanheraldexpress.com","NG","US",8
"www.africapresse.com","CM","US",43
"www.africatoday.co.ao","AO","IT",9
"www.afrik53.com","CI","FR",12
"www.ahdath.info","MA","US",5
"www.ahram.org.eg","EG","EG",4
"www.aip.ci","CI","FR",11
"www.akaboozi.fm","UG","MU",5
"www.akhbaralyoumsd.net","SD","US",11
"www.akhbarelyoum.dz","DZ","FR",6
"www.akhersaa-dz.com","DZ","FR",6
"www.akwaibomnewsonline.com","NG","US",10
"www.al-fadjr.com","DZ","FR",6
"www.al-jarida.net","MA","US",10
"www.alalam.ma","MA","FR",9
"www.alaroyeonline.com","NG","US",8
"www.albassair.org","DZ","DE",6
"www.alfa.cv","CV","US",10
"www.alger-republicain.com","DZ","FR",7
"www.algerep.com","DZ","FR",7
"www.algeria-newspapers.com","DZ","US",7
"www.algeria-watch.org","DZ","DE",6
"www.algeriatimes.net","DZ","US",9
"www.algerie-focus.com","DZ","DE",6
"www.algerie1.com","DZ","US",5
"www.algerie360.com","DZ","US",5
"www.algerieconfluences.com","DZ","US",8
"www.algeriepatriotique.com","DZ","US",5
"www.algomhuria.net.eg","EG","EG",2
"www.allghananews.com","GH","US",30
"www.allnigeriasoccer.com","NG","US",9
"www.almaghribia.ma","MA","US",5
"www.almasryalyoum.com","EG","US",6
"www.almassaepress.com","MA","US",6
"www.almessa.net.eg","EG","US",21
"www.almizan.info","NG","US",6
"www.almshaheer.com","SD","DE",9
"www.alome.com","TG","US",11
"www.alsahafa.info","SD","US",9
"www.alwafd.org","EG","US",5
"www.alwatanalarabi.com","EG","US",6
"www.amalawi.info","MW","DE",6
"www.angola24horas.com","AO","BR",8
"www.angolaglobal.net","AO","CA",9
"www.angolaglobal.net","AO","FR",7
"www.angolaglobal.net","AO","NL",7
"www.angolaglobal.net","AO","US",7
"www.angonoticias.com","AO","PT",9
"www.ann7.com","ZA","ZA",7
"www.annabacity.net","DZ","FR",4
"www.annasronline.com","DZ","FR",7
"www.antennereunion.fr","RE","FR",6
"www.antennereunion.fr","RE","RE",5
"www.aproko247.com","NG","US",7
"www.aps.dz","DZ","US",6
"www.aps.sn","SN","FR",7
"www.arenebi.com","SN","CA",8
"www.arewaonline-ng.com","NG","US",8
"www.arib.info","BI","FR",4
"www.arushatimes.co.tz","TZ","SE",9
"www.asdae.com","MA","DE",8
"www.assabah.com.tn","TN","FR",10
"www.assabah.press.ma","MA","US",5
"www.atoo.ci","CI","FR",16
"www.attounissia.com.tn","TN","DE",8
"www.au-senegal.com","SN","FR",7
"www.aufait.ma","MA","DE",9
"www.aujourdhui.ma","MA","US",7
"www.autrequotidien.com","BJ","",5
"www.autrequotidien.com","BJ","US",7
"www.awrambatimes.com","ET","US",12
"www.az.com.na","NA","US",5
"www.b-metro.co.zw","ZW","ZA",6
"www.babnet.net","TN","US",6
"www.bakhitaradio.org","SS","AU",13
"www.ballitonews.co.za","ZA","US",12
"www.banjulfocus.com","GM","US",6
"www.bdlive.co.za","ZA","US",6
"www.beeld.com","ZA","ZA",7
"www.bejaiainfo.com","DZ","US",11
"www.bellanaija.com","NG","FR",8
"www.benin24tv.com","BJ","US",5
"www.benininfo.com","BJ","",5
"www.benininfo.com","BJ","US",11
"www.bh24.co.zw","ZW","US",12
"www.bignigeria.com","NG","US",9
"www.bizday.co.zw","ZW","",6
"www.blida-aps.dz","DZ","DZ",4
"www.bonaberi.com","CM","FR",43
"www.bonesha.bi","BI","DE",9
"www.bordj.info","DZ","CH",5
"www.botswanaguardian.co.bw","BW","US",6
"www.bravanews.com","CV","US",6
"www.bugandawatch.com","UG","US",13
"www.bujumbura.be","BI","BE",9
"www.bukedde.co.ug","UG","SG",10
"www.burundi-sites.com","BI","FR",6
"www.burundi.gov.bi","BI","DE",9
"www.burundirealite.org","BI","US",10
"www.business-et-finances.com","CD","CA",9
"www.businessdaily.co.zw","ZW","GB",11
"www.businessdailyafrica.com","KE","US",5
"www.businessdaytv.co.za","ZA","US",6
"www.businessghana.com","GH","US",8
"www.businesstimes.co.tz","TZ","DE",8
"www.businessweekly.co.bw","BW","US",12
"www.busiweek.com","UG","US",11
"www.cabodiario.com","CV","GB",12
"www.caboverdeonline.com","CV","US",7
"www.cairolive.com","EG","US",6
"www.cairotimes.com","EG","DE",7
"www.camer.be","CM","DE",39
"www.cameroon-info.net","CM","US",38
"www.cameroon-tribune.cm","CM","US",44
"www.cameroononline.org","CM","US",40
"www.cameroonpostline.com","CM","US",38
"www.cameroonweb.com","CM","US",9
"www.cameroun-online.com","CM","IT",43
"www.cameroun24.net","CM","CA",43
"www.camerounactu.net","CM","US",20
"www.camerounlink.net","CM","DE",43
"www.camnews24.com","CM","DE",38
"www.capetalk.co.za","ZA","ZA",15
"www.capitalfm.co.ke","KE","US",5
"www.capitalradiomalawi.com","MW","MW",5
"www.carletonvilleherald.com","ZA","ZA",6
"www.carrefourdalgerie.com","DZ","DZ",9
"www.cbc-eg.com","EG","US",5
"www.cbn.co.za","ZA","ZA",5
"www.channelafrica.co.za","ZA","ZA",6
"www.channelstv.com","NG","US",6
"www.channelzim.net","ZW","NL",7
"www.chikuniradiozm.org","ZM","US",10
"www.chimpreports.com","UG","US",11
"www.chronicle.co.zw","ZW","US",6
"www.citifmonline.com","GH","US",9
"www.citizentv.co.ke","KE","US",5
"www.citypress.co.za","ZA","ZA",7
"www.cknnigeria.com","NG","US",31
"www.clicanoo.re","RE","US",6
"www.club-k.net","AO","US",4
"www.coastweek.com","KE","US",8
"www.competition.dz","DZ","FR",6
"www.confidente.com.na","NA","US",7
"www.congo-site.com","CG","FR",8
"www.congo24.net","CD","US",8
"www.congoindependant.com","CD","DK",9
"www.congojet.com","CD","US",5
"www.congolais.fr","CD","FR",8
"www.congopage.com","CG","US",3
"www.congoplanet.com","CD","US",10
"www.congoplanete.com","CD","US",10
"www.congotribune.com","CD","JP",11
"www.congovision.com","CD","US",10
"www.connectionivoirienne.net","CI","NL",13
"www.constantine-aps.dz","DZ","DZ",5
"www.cote-d-ivoire.info","CI","FR",5
"www.cote-d-ivoire.net","CI","FR",5
"www.courriercasablanca.com","MA","CA",6
"www.cxpress.co.za","ZA","ZA",5
"www.cyberethiopia.com","ET","US",8
"www.dac-presse.com","CG","DE",4
"www.daily-mail.co.zm","ZM","ZM",3
"www.dailyguideghana.com","GH","DE",6
"www.dailyheritageonline.com","GH","US",9
"www.dailymaverick.co.za","ZA","US",5
"www.dailynation.news","ZM","US",10
"www.dailynews.co.zw","ZW","IE",9
"www.dailynews.gov.bw","BW","BW",5
"www.dailynewsegypt.com","EG","US",6
"www.dailytrust.com.ng","NG","IN",9
"www.dakaractu.com","SN","FR",8
"www.deboutcongolais.info","CD","US",9
"www.defimedia.info","MU","FR",8
"www.depechedekabylie.com","DZ","FR",5
"www.derbypresse.dz","DZ","FR",6
"www.devoircitoyen.fr","SN","US",9
"www.dieburger.com","ZA","ZA",7
"www.digitalcongo.net","CD","US",10
"www.direct.cd","CD","US",5
"www.dispatchlive.co.za","ZA","US",8
"www.districtmail.com","ZA","ZA",8
"www.djazairess.com","DZ","US",5
"www.dknews-dz.com","DZ","AT",8
"www.dostor.org","EG","US",5
"www.durbannews.co.za","ZA","US",12
"www.dzfoot.com","DZ","US",5
"www.e-nigeriang.com","NG","US",7
"www.eastlondonexpress.co.za","ZA","ZA",8
"www.ech-chaab.com","DZ","FR",6
"www.echo-doran.com","DZ","CA",9
"www.echo-doran.com","DZ","NL",4
"www.echo-doran.com","DZ","US",9
"www.echo.co.bw","BW","BW",3
"www.echoroukonline.com","DZ","GB",7
"www.economist.com.na","NA","US",5
"www.ecr.co.za","ZA","US",5
"www.edenexpress.co.za","ZA","ZA",7
"www.edgecommunitynews.com","ZA","DE",8
"www.editogo.tg","TG","TG",4
"www.editorialnigeria.com","NG","US",10
"www.edoworld.net","NG","US",6
"www.egynews.net","EG","NL",7
"www.egypt-elections.com","EG","US",9
"www.egyptindependent.com","EG","US",6
"www.eikestadnuus.co.za","ZA","ZA",7
"www.el-hakaek.com","DZ","CA",10
"www.el-hakaek.com","DZ","FR",5
"www.el-hakaek.com","DZ","NL",5
"www.el-hakaek.com","DZ","US",9
"www.el-massa.com","DZ","CH",7
"www.elacil.com","DZ","FR",8
"www.elahdath.net","DZ","US",9
"www.elbilad.net","DZ","US",5
"www.eldjazaircom.dz","DZ","DE",6
"www.eldjoumhouria.dz","DZ","US",8
"www.elgoual.com","DZ","CA",10
"www.elgoual.com","DZ","FR",5
"www.elgoual.com","DZ","NL",6
"www.elgoual.com","DZ","US",8
"www.elheddaf.com","DZ","US",5
"www.eljadida.com","MA","FR",9
"www.elkhabar.com","DZ","US",5
"www.elmoudjahid-hebdo.com","DZ","NL",6
"www.elmoudjahid.com","DZ","US",9
"www.elombah.com","NG","US",10
"www.elwassat.com","DZ","DZ",6
"www.elwatan.com","DZ","FR",5
"www.ena.gov.et","ET","ET",4
"www.enca.com","ZA","IE",7
"www.enca.com","ZA","ZA",5
"www.ennaharonline.com","DZ","FR",7
"www.enqueteplus.com","SN","NL",8
"www.entv.dz","DZ","DZ",6
"www.ertagov.com","ET","JP",10
"www.essahafa.info.tn","TN","TN",7
"www.ethiomedia.com","ET","US",9
"www.ethionewsdirect.com","ET","US",5
"www.ethioobserver.net","ET","US",8
"www.ethiopian-news.com","ET","US",10
"www.ethiopianreporter.com","ET","US",5
"www.ethiopians.com","ET","US",9
"www.etiame.com","TG","FR",11
"www.expansao.co.ao","AO","US",10
"www.expatica.com","ZA","NL",10
"www.expressodasilhas.sapo.cv","CV","GB",5
"www.ezega.com","ET","US",10
"www.faceofmalawi.com","MW","US",7
"www.factualreporters.com","NG","US",6
"www.financialgazette.co.zw","ZW","ZA",6
"www.financialmail.co.za","ZA","US",6
"www.finitemagazine.co.ls","LS","US",9
"www.flavafm.co.zm","ZM","US",13
"www.focusinfos.net","TG","FR",10
"www.forumdelasemaine.com","TG","FR",5
"www.fraternitebj.info","BJ","FR",3
"www.fratmat.info","CI","US",16
"www.freedomnewspaper.com","GM","US",9
"www.freedomradionig.com","NG","BG",7
"www.freemedia.co.tz","TZ","SE",9
"www.freshangleng.com","NG","US",10
"www.freshfactsonlinenews.net","NG","US",9
"www.frontiersnews.com","NG","US",6
"www.gabzfm.com","BW","US",12
"www.galaxytvonline.com","NG","US",6
"www.gamji.com","NG","CA",8
"www.gazettebw.com","BW","US",6
"www.gbcghana.com","GH","US",9
"www.gbich.com","CI","FR",26
"www.gbn.co.za","ZA","ZA",5
"www.georgeherald.com","ZA","ZA",6
"www.ghana.gov.gh","GH","GH",10
"www.ghanabusinessnews.com","GH","US",4
"www.ghanadistricts.com","GH","US",7
"www.ghanadot.com","GH","US",9
"www.ghanaiantimes.com.gh","GH","US",31
"www.ghanamma.com","GH","US",4
"www.ghananewsagency.org","GH","US",8
"www.ghanareview.com","GH","US",10
"www.ghanasoccernet.com","GH","US",4
"www.ghanatoday.com","GH","NL",8
"www.ghanavoice.com","GH","US",9
"www.ghanaweb.com","GH","US",4
"www.gnet.tn","TN","TN",5
"www.golfemediaonline.com","BJ","US",5
"www.gossipnigeria.com","NG","US",5
"www.gov.ls","LS","LS",6
"www.greytown.co.za","ZA","ZA",6
"www.grocotts.co.za","ZA","ZA",6
"www.groupelavenir.org","CD","US",11
"www.grts.gm","GM","GM",3
"www.guardian.co.tz","TZ","US",10
"www.gurtong.net","SS","GB",12
"www.hallmarknews.com","NG","DE",8
"www.harare24.com","ZW","GB",8
"www.hararenews.co.zw","ZW","GB",8
"www.hebdoimmobilier-dz.com","DZ","US",8
"www.heidelbergnigelheraut.co.za","ZA","US",5
"www.herald.co.za","ZA","US",5
"www.herald.co.zw","ZW","US",6
"www.heraldlive.co.za","ZA","US",9
"www.hermanustimes.co.za","ZA","ZA",7
"www.homeviewsenegal.com","SN","US",7
"www.huhuonline.com","NG","US",9
"www.iafrica.com","ZA","US",11
"www.ibinda.com","AO","PT",5
"www.icibenin.com","BJ","CA",9
"www.icilome.com","TG","CA",9
"www.igfm.sn","SN","GB",8
"www.ilanganews.co.za","ZA","ZA",6
"www.ilorin.info","NG","US",10
"www.imatin.net","CI","DE",20
"www.imensis.co.mz","MZ","US",7
"www.imostateblog.com","NG","US",9
"www.imotrumpeta.com","NG","US",7
"www.impact24.info","DZ","US",9
"www.independent.co.ug","UG","GB",7
"www.indepthnigeria.com","NG","US",9
"www.infoconstantine.com","DZ","AU",11
"www.infoghana.info","GH","CZ",7
"www.infonigeria.net","NG","VG",10
"www.informante.web.na","NA","US",9
"www.informationng.com","NG","US",6
"www.informativenews.co.ls","LS","US",9
"www.infosen.net","SN","IT",9
"www.infosoir.com","DZ","CH",5
"www.infotunisie.com","TN","FR",8
"www.insiderzim.com","ZW","CA",8
"www.insight.com.na","NA","IN",6
"www.iol.co.za","ZA","US",5
"www.ionigeria.com","NG","US",8
"www.ippmedia.com","TZ","US",6
"www.ipreunion.com","RE","FR",6
"www.iq4news.com","NG","US",6
"www.isanganiro.org","BI","CH",10
"www.itv.co.tz","TZ","US",6
"www.ivoire-presse.com","CI","EE",20
"www.ivoireactu.net","CI","FR",6
"www.ivoirediaspo.net","CI","GB",13
"www.ivorian.net","CI","SE",16
"www.iwacu-burundi.org","BI","US",7
"www.jadidpresse.com","MA","US",9
"www.jbaynews.com","ZA","ZA",6
"www.jeune-independant.net","DZ","US",5
"www.jeunessedalgerie.com","DZ","US",7
"www.jijel-echo.com","DZ","FR",6
"www.jijel.info","DZ","FR",7
"www.jollofnews.com","GM","US",4
"www.joradp.dz","DZ","DZ",4
"www.jornalnoticias.co.mz","MZ","MZ",5
"www.journal-adjinakou-benin.info","BJ","US",10
"www.journaldebrazza.com","CG","FR",5
"www.journalducameroun.com","CM","FR",44
"www.journaldusport.ma","MA","US",12
"www.k-towndiary.com","CM","JP",28
"www.kabyle.com","DZ","US",5
"www.kapital971.com","GH","US",10
"www.kawalisse.com","DZ","FR",8
"www.kawowo.com","UG","CA",8
"www.kbc.co.ke","KE","KE",4
"www.kbn.co.za","ZA","ZA",5
"www.kenya-today.com","KE","US",5
"www.kenyamoja.com","KE","US",5
"www.kenyan-post.com","KE","US",4
"www.kenyanewsupdates.com","KE","US",6
"www.kitwetimes.com","ZM","US",8
"www.kivumedia.com","CD","US",6
"www.koerant.co.za","ZA","US",11
"www.kormorant.co.za","ZA","US",4
"www.kotzot.com","MU","GB",8
"www.kougaexpress.co.za","ZA","ZA",7
"www.kwaranews.com","NG","US",10
"www.kwayedza.co.zw","ZW","US",12
"www.kwevoel.co.za","ZA","ZA",6
"www.laconscience.com","CD","FR",4
"www.lactualite-dz.info","DZ","US",9
"www.ladepechedabidjan.info","CI","FR",12
"www.lagachettedumaroc.com","MA","FR",9
"www.lagazette-dgi.com","MG","MG",5
"www.lanation-arabe.dz","DZ","US",7
"www.lanation.dz","DZ","FR",8
"www.lanation.mg","MG","US",11
"www.lanationbenin.info","BJ","FR",7
"www.lanouvelleexpression.info","CM","US",22
"www.lanouvelletribune.info","BJ","US",5
"www.lapresse.tn","TN","TN",7
"www.lapressedujour.net","BJ","US",7
"www.laprosperiteonline.net","CD","CH",7
"www.laraignee.org","BJ","US",11
"www.lasemaineafricaine.net","CG","FR",6
"www.latestnigeriannews.com","NG","US",7
"www.lautomarche.com","DZ","CH",8
"www.laverite.mg","MG","FR",7
"www.lavieeco.com","MA","US",5
"www.leaders.com.tn","TN","FR",8
"www.lebuteur.com","DZ","US",5
"www.leconomiste.com","MA","US",5
"www.leconomistemaghrebin.com","TN","FR",8
"www.leffortcamerounais.com","CM","US",39
"www.leffortcamerounais.info","CM","US",39
"www.lejourdalgerie.com","DZ","FR",6
"www.lejournaldetanger.com","MA","IE",6
"www.lelephantdechaine.net","CI","US",11
"www.lemaghreb.tn","TN","GB",8
"www.lemaghrebdz.com","DZ","FR",6
"www.lematin.ma","MA","US",5
"www.lematinal.com","MU","NL",7
"www.lematinal.com","MU","US",7
"www.lematindz.net","DZ","FR",5
"www.lemauricien.com","MU","US",6
"www.lemidi-dz.com","DZ","CH",5
"www.lena.gov.ls","LS","LS",8
"www.lenasia-times.co.za","ZA","US",12
"www.lenouveaureveil.com","CI","US",13
"www.lenzinfo.co.za","ZA","US",12
"www.lepatriote.net","CI","US",14
"www.lepetitjournal.com","EG","FR",7
"www.lephareonline.net","CD","US",11
"www.lepotentielonline.com","CD","FR",4
"www.lequotidien-oran.com","DZ","FR",5
"www.lequotidien.sn","SN","US",11
"www.leral.net","SN","FR",8
"www.lereporter.ma","MA","FR",9
"www.les4verites.info","BJ","FR",7
"www.lesdebats.com","DZ","FR",6
"www.lesdepechesdebrazzaville.fr","CG","FR",5
"www.leseco.ma","MA","MA",7
"www.lesnouvelles.org","ET","US",8
"www.lesoftonline.net","CD","FR",6
"www.lesoirdalgerie.com","DZ","NL",5
"www.lesoleil.sn","SN","CH",9
"www.lestrepublicain.com","DZ","US",11
"www.letemps.com.tn","TN","FR",10
"www.letempsdz.com","DZ","FR",4
"www.letogolais.com","TG","GB",9
"www.leuksenegal.com","SN","US",19
"www.lexpertjournal.net","TN","FR",5
"www.lexpress.mu","MU","IE",28
"www.lexpressiondz.com","DZ","NL",5
"www.lexpressmada.com","MG","FR",9
"www.libe.ma","MA","FR",9
"www.liberte-algerie.com","DZ","CA",7
"www.liberte-togo.com","TG","FR",11
"www.linfodrome.com","CI","FR",13
"www.livenewsalgerie.com","DZ","US",9
"www.lnr-dz.com","DZ","FR",8
"www.lobservateur.cd","CD","US",10
"www.lomecite.com","TG","IN",9
"www.lomeinfos.com","TG","US",11
"www.lopinion.ma","MA","US",9
"www.lusakatimes.com","ZM","US",5
"www.mada.pro","MG","FR",5
"www.madagascar-tribune.com","MG","FR",6
"www.madagascarmagazine.com","MG","US",10
"www.madagate.com","MG","US",14
"www.madamasr.com","EG","US",5
"www.madonline.com","MG","FR",6
"www.magazetini.com","TZ","US",6
"www.malawianwatchdog.com","MW","US",7
"www.malawivoice.com","MW","US",8
"www.maledatimes.com","ET","US",12
"www.manaonline.gov.mw","MW","MW",6
"www.mapnews.ma","MA","MA",6
"www.maravipost.com","MW","US",7
"www.maroc-hebdo.press.ma","MA","US",13
"www.marocpress.com","MA","US",10
"www.masralarabia.com","EG","FR",26
"www.masvingomirror.com","ZW","US",10
"www.mbc.mw","MW","US",8
"www.medi1.com","MA","FR",7
"www.mediacentre.go.ug","UG","DE",9
"www.mediacongo.net","CD","CH",11
"www.mediamaxnetwork.co.ke","KE","US",5
"www.medianigeria.com","NG","US",10
"www.mena.org.eg","EG","IE",8
"www.menara.ma","MA","MA",6
"www.mercado.co.ao","AO","GB",6
"www.metroworld.tv","GH","US",6
"www.midi-madagasikara.mg","MG","FR",9
"www.miningnewszambia.com","ZM","ZA",6
"www.mmegi.bw","BW","US",7
"www.mmo.co.mz","MZ","US",5
"www.modernghana.com","GH","US",4
"www.monitor.co.ug","UG","GB",8
"www.moov.mg","MG","US",9
"www.moroccobusinessnews.com","MA","MA",6
"www.moroccomirror.com","MA","US",11
"www.moroccoworldnews.com","MA","US",9
"www.mostaganem-aujourdhui.com","DZ","FR",5
"www.muvitv.com","ZM","US",7
"www.mw","MW","SE",9
"www.mwanahalisi.co.tz","TZ","US",10
"www.mwananchi.co.tz","TZ","GB",6
"www.mwanaspoti.co.tz","TZ","GB",6
"www.mwebantu.news","ZM","US",11
"www.mwnation.com","MW","US",7
"www.mybulawayo.com","ZW","NL",9
"www.mydailynewswatchng.com","NG","US",10
"www.mygweru.com","ZW","ZA",6
"www.myjoyonline.com","GH","CA",7
"www.myzimbabwe.co.zw","ZW","US",10
"www.naij.com","NG","US",30
"www.naijalately.com","NG","US",7
"www.naijaleaks.org","NG","AU",12
"www.nairaland.com","NG","US",6
"www.nairobi.com","KE","GB",9
"www.nairobigossips.com","KE","US",31
"www.namibian.com.na","NA","ZA",4
"www.namibtimes.net","NA","NA",3
"www.nampa.org","NA","NA",5
"www.nan.ng","NG","US",31
"www.nation.co.ke","KE","US",5
"www.nation.sc","SC","FR",9
"www.nationalaccordnewspaper.com","NG","US",9
"www.nationaldailyng.com","NG","US",6
"www.nationalnetworkonline.com","NG","US",6
"www.nazret.com","ET","US",8
"www.nbc.na","NA","US",10
"www.netpress.bi","BI","BI",5
"www.netwerk24.com","ZA","ZA",7
"www.newbusinessethiopia.com","ET","US",10
"www.newera.com.na","NA","DE",7
"www.newnationsouthsudan.com","SS","DE",11
"www.newpressphoto.com","DZ","FR",6
"www.news.co.za","ZA","GB",9
"www.news.mboa.info","CM","US",39
"www.news24.co.ke","KE","ZA",10
"www.news24.com","ZA","ZA",7
"www.news24.com.ng","NG","ZA",9
"www.newsday.co.zw","ZW","US",11
"www.newsday.com.ng","NG","NL",9
"www.newsdirectonline.com","NG","CA",7
"www.newsdzezimbabwe.co.uk","ZW","US",8
"www.newsexpressngr.com","NG","US",10
"www.newsghana.com.gh","GH","US",4
"www.newsjournal.com.ng","NG","US",7
"www.newsmada.com","MG","US",13
"www.newsng.com","NG","US",28
"www.newsofrwanda.com","RW","US",9
"www.newspapers.co.za","ZA","ZA",7
"www.newsudanvision.com","SS","CA",9
"www.newtimes.co.rw","RW","US",11
"www.newvision.co.ug","UG","SG",9
"www.newvisionzambia.co.zm","ZM","US",10
"www.newzimbabwe.com","ZW","GB",7
"www.ngamitimes.com","BW","US",6
"www.ngrguardiannews.com","NG","US",5
"www.nifahamishe.com","TZ","US",8
"www.nigerdeltastandard.com","NG","US",7
"www.nigerdeltatimes.com","NG","US",8
"www.nigeria-news-world.com","NG","US",6
"www.nigeria70.com","NG","US",7
"www.nigeriadailynews.com","NG","US",6
"www.nigeriahornnewspapers.com","NG","HK",8
"www.nigeriahornnewspapers.com","NG","NL",6
"www.nigeriamasterweb.com","NG","US",7
"www.nigerianbulletin.com","NG","NL",7
"www.nigerianbulletin.com","NG","SG",9
"www.nigerianbulletin.com","NG","US",6
"www.nigeriancurrent.com","NG","US",10
"www.nigerianewsday.com","NG","US",8
"www.nigerianewsupdates.com","NG","US",8
"www.nigerianeye.com","NG","US",5
"www.nigerianmonitor.com","NG","US",6
"www.nigeriannews.com","NG","US",9
"www.nigerianobservernews.com","NG","US",10
"www.nigerianorientnews.com","NG","US",7
"www.nigeriapolitico.net","NG","US",9
"www.nigeriasun.com","NG","US",11
"www.nigeriatell.com","NG","US",30
"www.nigeriavillagesquare.com","NG","US",7
"www.nigeriaworld.com","NG","US",6
"www.nileinternational.net","EG","NL",7
"www.niletc.tv","EG","US",6
"www.noseweek.co.za","ZA","ZA",5
"www.notrevoie.com","CI","US",15
"www.nouvellesmutations.com","BJ","US",7
"www.novojornal.co.ao","AO","US",9
"www.ntanews24.tv","NG","US",9
"www.ntv.co.ug","UG","US",10
"www.numidianewstv.com","DZ","VG",10
"www.nyasatimes.com","MW","US",4
"www.obsac.com","CD","US",11
"www.observer.co.za","ZA","ZA",6
"www.observer.org.sz","SZ","SZ",7
"www.observer.ug","UG","US",11
"www.odili.net","NG","US",6
"www.ofm.co.za","ZA","ZA",6
"www.ogtv.com.ng","NG","US",8
"www.ogunradio.com","NG","US",9
"www.ondoevents.com","NG","US",10
"www.ondonews.com","NG","VG",10
"www.openzambia.com","ZM","US",5
"www.opinionnigeria.com","NG","US",6
"www.orakonews.com","MW","US",6
"www.oran-aps.dz","DZ","DZ",5
"www.oranais.com","DZ","FR",4
"www.ortb.info","BJ","US",7
"www.osundefender.org","NG","US",8
"www.ouargla-aps.dz","DZ","DZ",5
"www.ouarsenis.com","DZ","FR",7
"www.ouestribune-dz.com","DZ","FR",4
"www.oujdacity.net","MA","FR",7
"www.pa-lunion.com","TG","FR",9
"www.paarlpost.co.za","ZA","ZA",7
"www.pe-express.co.za","ZA","ZA",7
"www.peacefmonline.com","GH","US",4
"www.peoplesdailyng.com","NG","US",9
"www.peoplespost.co.za","ZA","ZA",7
"www.persecondnews.com","NG","US",10
"www.pgzambia.com","ZM","GB",7
"www.ph-microscope.com","NG","US",7
"www.pindula.co.zw","ZW","GB",8
"www.planetesport.dz","DZ","FR",6
"www.pmbfever.co.za","ZA","ZA",7
"www.pmnewsnigeria.com","NG","US",30
"www.politicsweb.co.za","ZA","ZA",6
"www.polity.org.za","ZA","ZA",6
"www.poptel.org.uk","MZ","GB",6
"www.portalangop.co.ao","AO","AO",6
"www.portaldeangola.com","AO","US",4
"www.postwatchmagazine.com","CM","US",39
"www.potchefstroomherald.co.za","ZA","ZA",6
"www.premiumtimesng.com","NG","NL",8
"www.presse-dz.com","DZ","US",5
"www.promptnewsonline.com","NG","US",10
"www.punchng.com","NG","US",6
"www.qfmzambia.com","ZM","US",5
"www.quotidienlematin.com","BJ","US",9
"www.r1.mu","MU","US",11
"www.radioalgerie.dz","DZ","DZ",7
"www.radiobotswana.gov.bw","BW","BW",5
"www.radiodialogue.com","ZW","US",8
"www.radioecclesia.org","AO","NL",6
"www.radiogameli.com","TG","DK",10
"www.radiolagosekofm.net","NG","US",7
"www.radiolome.tg","TG","US",12
"www.radiomaria.org.zm","ZM","IT",8
"www.radionigeriaibadan.com","NG","US",10
"www.radionigeriakaduna.net","NG","US",8
"www.radionigerialagos.com","NG","US",11
"www.radiotunis.com","TN","US",7
"www.radiovop.com","ZW","ZA",6
"www.radiowa.org","UG","IT",10
"www.raiamwema.co.tz","TZ","CA",7
"www.rapport.co.za","ZA","ZA",7
"www.rayaam.net","SD","US",9
"www.rba.co.rw","RW","RW",5
"www.rdcongoinfos.com","CD","US",13
"www.realites.com.tn","TN","US",6
"www.redeangola.info","AO","US",8
"www.reflexiondz.net","DZ","FR",8
"www.reporters.dz","DZ","FR",9
"www.reportghananews.com","GH","US",10
"www.republicoftogo.com","TG","US",8
"www.republikein.com.na","NA","US",5
"www.rewmi.com","SN","FR",7
"www.risingsunlenasia.co.za","ZA","US",4
"www.rm.co.mz","MZ","MZ",5
"www.rna.ao","AO","US",8
"www.rnanews.com","RW","DK",7
"www.rpa.bi","BI","CH",9
"www.rtc.cv","CV","PT",7
"www.rti.ci","CI","FR",10
"www.rtnb.bi","BI","GB",9
"www.rts.sn","SN","FR",7
"www.rumeursdabidjan.net","CI","FR",12
"www.rumo.co.ao","AO","GB",6
"www.sabc.co.za","ZA","ZA",5
"www.sagoodnews.co.za","ZA","DE",9
"www.sake24.com","ZA","ZA",7
"www.sapo.ao","AO","PT",7
"www.sapo.cv","CV","PT",6
"www.sapo.mz","MZ","PT",7
"www.sbc.sc","SC","SC",4
"www.sen24heures.com","SN","FR",7
"www.sen360.com","SN","FR",7
"www.senegambianews.com","GM","JP",9
"www.senenews.com","SN","DE",10
"www.senetoile.net","SN","FR",7
"www.seneweb.com","SN","US",6
"www.sensornewsonline.com.ng","NG","GB",5
"www.setif.info","DZ","CH",7
"www.setif.net","DZ","FR",4
"www.setifnews.com","DZ","US",6
"www.seychellesnewsagency.com","SC","DE",8
"www.seychellesweekly.com","SC","US",9
"www.sharpedgenews.com","NG","US",10
"www.shorouknews.com","EG","US",6
"www.sis.gov.eg","EG","EG",5
"www.siwel.info","DZ","CH",7
"www.soccer24.co.zw","ZW","GB",8
"www.sonangnon.org","BJ","",5
"www.sonangnon.org","BJ","FR",6
"www.souk-ahras.info","DZ","DE",6
"www.southafrica.info","ZA","ZA",5
"www.southafrica2day.com","ZA","US",9
"www.southerneye.co.zw","ZW","US",11
"www.southsudannation.com","SS","US",10
"www.southsudannewsagency.com","SS","US",8
"www.southsudantoday.net","SS","US",8
"www.sowetanlive.co.za","ZA","US",5
"www.sport-ivoire.ci","CI","US",12
"www.sport24.co.za","ZA","ZA",7
"www.sportelizabeth.co.za","ZA","ZA",6
"www.standardmedia.co.ke","KE","US",5
"www.starducongo.com","CG","FR",3
"www.starpress.info","MU","US",10
"www.stop.co.mz","MZ","BG",7
"www.sudan.net","SD","US",23
"www.sudanile.com","SD","GB",8
"www.sudanjem.com","SD","NL",8
"www.sudantribune.com","SD","FR",7
"www.sudantribune.com","SS","FR",8
"www.sudantribune.net","SD","FR",7
"www.sudantribune.net","SS","FR",8
"www.sudonline.sn","SN","US",9
"www.sundaymail.co.zw","ZW","US",7
"www.sundaynews.co.zw","ZW","ZA",6
"www.sundaystandard.info","BW","BW",4
"www.sundayworld.co.za","ZA","US",6
"www.sunshinecoastexpress.co.za","ZA","ZA",8
"www.supersport.com","ZA","ZA",7
"www.talk90point5.co.zm","ZM","ZM",3
"www.tamurt.info","DZ","DE",7
"www.tanzaniatoday.co.tz","TZ","US",10
"www.tbc.go.tz","TZ","TZ",4
"www.technomag.co.zw","ZW","US",12
"www.techtrends.co.zm","ZM","GB",7
"www.techzim.co.zw","ZW","GB",8
"www.tellzim.com","ZW","US",8
"www.temoignages.re","RE","FR",7
"www.temoignages.re","RE","RE",5
"www.the-star.co.ke","KE","US",5
"www.theabujainquirer.com","NG","US",26
"www.theannouncer.co.za","ZA","ZA",6
"www.thebreakingtimes.com","NG","US",6
"www.thebugle.co.za","ZA","ZA",6
"www.thebusinessconnect.co.zw","ZW","US",6
"www.thecable.ng","NG","US",6
"www.thecitizen.co.tz","TZ","GB",6
"www.theeastafrican.co.ke","KE","US",5
"www.theeastafrican.co.ke","TZ","US",6
"www.theenquirerweb.com","GH","US",8
"www.theexpress.com","TZ","TZ",2
"www.theexpress.com","TZ","US",5
"www.thefinderonline.com","GH","US",10
"www.thegambiaecho.com","GM","US",7
"www.theheartlander.com","NG","US",10
"www.theheraldnews.info","NG","US",10
"www.theheraldng.com","NG","US",6
"www.theheritagenews.com","GH","US",8
"www.theindependent.co.zw","ZW","US",11
"www.theinfostrides.com","NG","US",9
"www.themalawian.com","MW","US",8
"www.themastonline.com","ZM","ZA",8
"www.themidweeksun.co.bw","BW","ZA",4
"www.thenewage.co.za","ZA","ZA",6
"www.thenewspaper.co.za","ZA","US",5
"www.thenewswriterng.com","NG","US",7
"www.thenigerianvoice.com","NG","US",7
"www.thepatriot.co.bw","BW","ZA",6
"www.thepatriot.co.zw","ZW","ZA",6
"www.thepeople.sc","SC","DE",8
"www.thereporterethiopia.com","ET","US",5
"www.therwandan.com","RW","FR",7
"www.thestandard.co.zw","ZW","US",11
"www.thetidenewsonline.com","NG","US",7
"www.thetunistimes.com","TN","US",11
"www.thevillager.com.na","NA","US",10
"www.thevoicebw.com","BW","US",5
"www.thezimbabwean.co","ZW","US",6
"www.thezimbabwedaily.com","ZW","GB",8
"www.thezimbabwenewslive.com","ZW","US",13
"www.thinkghana.com","GH","US",9
"www.thisday.co.tz","TZ","US",10
"www.thisdaylive.com","NG","US",6
"www.tigraionline.com","ET","US",10
"www.times.co.sz","SZ","SZ",7
"www.times.co.zm","ZM","ZA",6
"www.timeslive.co.za","ZA","US",5
"www.tiozambia.com","ZM","US",9
"www.togoactualite.com","TG","FR",5
"www.togolais.info","TG","FR",5
"www.topvisages.net","CI","CA",13
"www.transactiondalgerie.com","DZ","CH",5
"www.tribune.com.ng","NG","SG",8
"www.tribunelecteurs.com","DZ","GB",7
"www.tsa-algerie.com","DZ","US",5
"www.tultogo.com","TG","FR",5
"www.tumfweko.com","ZM","US",9
"www.tunisiadaily.com","TN","US",8
"www.tunisiaonlinenews.com","TN","US",8
"www.tunisiefocus.com","TN","FR",7
"www.tunivisions.net","TN","FR",6
"www.turenchi.com","NG","US",7
"www.tvcontinental.tv","NG","US",9
"www.tvm.co.mz","MZ","MZ",4
"www.tvmada.com","MG","",10
"www.tygerburger.co.za","ZA","ZA",7
"www.ud-news.co.za","ZA","ZA",7
"www.ufctogo.com","TG","CH",6
"www.ugandanews.net","UG","US",11
"www.umhlanganews.co.za","ZA","US",12
"www.umthunywa.co.zw","ZW","ZA",6
"www.umuco.com","BI","DE",9
"www.urhobotimes.com","NG","US",8
"www.vaalweekblad.com","ZA","ZA",6
"www.vanguardngr.com","NG","US",6
"www.viasat1.com.gh","GH","US",8
"www.view.com.ng","NG","DE",8
"www.voandebele.com","ZW","NL",7
"www.voandebele.com","ZW","US",5
"www.voaportugues.com","AO","US",5
"www.voashona.com","ZW","NL",6
"www.voashona.com","ZW","US",5
"www.voazimbabwe.com","ZW","",11
"www.voazimbabwe.com","ZW","NL",6
"www.voazimbabwe.com","ZW","US",5
"www.vocfm.co.za","ZA","DE",9
"www.voix-oranie.com","DZ","US",9
"www.volksblad.com","ZA","ZA",7
"www.walf-groupe.com","SN","FR",5
"www.waltainfo.com","ET","US",8
"www.watania1.tn","TN","NL",9
"www.wataninet.com","EG","US",6
"www.weekendpost.co.bw","BW","US",5
"www.weekendpost.co.zw","ZW","IE",9
"www.weslander.co.za","ZA","ZA",8
"www.witness.co.za","ZA","ZA",7
"www.x-news.co.ke","KE","US",10
"www.xn--bnin-bpa.info","BJ","FR",3
"www.xn--runion-bva.info","RE","FR",4
"www.xn--sngal-bsab.info","SN","FR",5
"www.yazonaija.com","NG","US",7
"www.yohaig.com","NG","US",8
"www.youm7.com","EG","US",5
"www.younewsng.com","NG","US",6
"www.zambiainvest.com","ZM","IT",8
"www.zambian-economist.com","ZM","US",6
"www.zambian.com","ZM","US",8
"www.zambianews.net","ZM","US",11
"www.zambianewsonline.com","ZM","DE",7
"www.zambianintelligencenews.com","ZM","US",11
"www.zambianobserver.com","ZM","US",11
"www.zambianpolitics.com","ZM","GB",7
"www.zambiawatchdog.com","ZM","US",5
"www.zbc.co.zw","ZW","US",6
"www.zehabesha.com","ET","US",6
"www.zenga-mambu.com","CG","CH",7
"www.zimbabwebusinessnews.com","ZW","US",12
"www.zimbabwelatestnews.net","ZW","US",12
"www.zimbabwenews.net","ZW","US",16
"www.zimbabwenews.today","ZW","US",12
"www.zimbabwenewsonline.com","ZW","US",10
"www.zimbabweonlinenews.com","ZW","US",11
"www.zimbabwesituation.com","ZW","NL",10
"www.zimbabwestar.com","ZW","US",16
"www.zimbojam.com","ZW","GB",8
"www.zimdaily.com","ZW","US",10
"www.zimeye.net","ZW","US",11
"www.zimmetro.com","ZW","DE",7
"www.znbc.co.zm","ZM","US",11
"www.zodiakmalawi.com","MW","US",7
"www.zoutnet.co.za","ZA","ZA",6
"xalimasn.com","SN","US",7
"xpresstimes.co.ug","UG","US",10
"ynaija.com","NG","US",6
"zambia-times.com","ZM","GB",8
"zambia24.com","ZM","US",11
"zambiabusinesstimes.com","ZM","ZA",6
"zambianewsnetwork.com","ZM","US",10
"zambianeye.com","ZM","US",5
"zambiareports.com","ZM","GB",6
"zifmstereo.co.zw","ZW","US",18
"zimbabwe-consolidated-news.com","ZW","US",7
"zimbabwe-today.com","ZW","US",18
"zimbabwecelebrities.com","ZW","VG",11
"zimbabwedigitalnews.com","ZW","ZA",6
"zimbabweelection.com","ZW","US",7
"zimbabwehub.com","ZW","US",9
"zimbabwenews.co.uk","ZW","US",9
"zimbuzz.co.zw","ZW","US",12
"zimmetro.net","ZW","GB",8
"zimnews.net","ZW","US",9
"zimonlinenews.com","ZW","CA",8
"zimonlinenews.com","ZW","US",10
"zululandobserver.co.za","ZA","US",5
