domain,name,cc,region,type,category,language,comment,geoloc_cc,geoloc_city,traceloc_cc,traceloc_city,size_mobile,size_desktop
247ureports.com,247 U Reports,NG,Nationwide,IN,GI,ENG,,NULL,NULL,NULL,NULL,NULL,NULL
263chat.com,263 Chat,ZW,National,IN,GI,ENG,,NULL,NULL,NULL,NULL,NULL,NULL
7sur7.cd,7 sur 7,CD,National,IN,GI,FRA,Covers Bas Congo,NULL,NULL,NULL,NULL,NULL,NULL
abangui.com,A Bangui,CF,Nationwide,IN,GI,FRA,,NULL,NULL,NULL,NULL,NULL,NULL
abcafricanews.com,ABC Africa,UG,Kampala,NP,BU,ENG,,NULL,NULL,NULL,NULL,NULL,NULL
abidjantv.net,Abidjan TV,CI,National,IN,GI,FRA,,NULL,NULL,NULL,NULL,NULL,NULL
abpinfos.gov.bi,Agence Burundaise de Presse,BI,Nationwide,PA,GI,FRA,,NULL,NULL,NULL,NULL,NULL,NULL
abujavoice.com,Abuja Voice,NG,Abuja,IN,GI,ENG,,NULL,NULL,NULL,NULL,NULL,NULL
acpcongo.com,Agence Congolaise de Presse,CD,National,PA,GI,FRA,,NULL,NULL,NULL,NULL,NULL,NULL
actualites.visages-du-benin.com,Visages du Benin,BJ,National,IN,GI,FRA,,NULL,NULL,NULL,NULL,NULL,NULL
addisfortune.net,Addis Fortune,ET,Addis Ababa,NP,GI,ENG,,NULL,NULL,NULL,NULL,NULL,NULL
africanreporter.co.za,African Reporter,ZA,Johannesburg (East),NP,GI,ENG,,NULL,NULL,NULL,NULL,NULL,NULL
africansearchlight.com,African Searchlight,NG,Nationwide,IN,GI,ENG,,NULL,NULL,NULL,NULL,NULL,NULL
agora.co.ao,Agora,AO,Luanda,NP,GI,POR,,NULL,NULL,NULL,NULL,NULL,NULL
ain-oulmene.com,Les Nouvelles de Ain Oulmene,DZ,Ain Oulmene,IN,GI,FRA,,NULL,NULL,NULL,NULL,NULL,NULL
akhbarachark.dz,Akhbar Achark,DZ,Annaba,NP,GI,ARA,,NULL,NULL,NULL,NULL,NULL,NULL
akhbarelyom.com,Al Akhbar,EG,National,NP,GI,ARA,,NULL,NULL,NULL,NULL,NULL,NULL
albayane.press.ma,Al Bayane,MA,Casablanca,NP,GI,FRA,,NULL,NULL,NULL,NULL,NULL,NULL
albertonrecord.co.za,Alberton Record,ZA,Alberton,NP,GI,ENG,,NULL,NULL,NULL,NULL,NULL,NULL
alerte-info.net,Alerte Info,CI,National,IN,GI,FRA,,NULL,NULL,NULL,NULL,NULL,NULL
alexnews.co.za,Alex News,ZA,Alexandra,NP,GI,ENG,,NULL,NULL,NULL,NULL,NULL,NULL
algeriatimes.info,Algeria Times,DZ,National,IN,GI,ARA,Site 2,NULL,NULL,NULL,NULL,NULL,NULL
algerienetwork.com,Algerie Network,DZ,National,IN,GI,FRA,,NULL,NULL,NULL,NULL,NULL,NULL
alhadath-tv.com,Al Hadath,EG,National,BC,GI,ARA,TV,NULL,NULL,NULL,NULL,NULL,NULL
alittihad.press.ma,Al Ittihad,MA,Casablanca,NP,GI,ARA,,NULL,NULL,NULL,NULL,NULL,NULL
allsbc.com,SBC,SO,Boosaaso,BC,GI,SOM,Radio TV,NULL,NULL,NULL,NULL,NULL,NULL
almaugif.com,Al Maugif,SS,Juba,NP,GI,ARA,,NULL,NULL,NULL,NULL,NULL,NULL
alnabaa.tv,Al Nabaa,LY,Nationwide,BC,GI,ARA,TV,NULL,NULL,NULL,NULL,NULL,NULL
amharicnews.com,Amharic News,ET,Foreign,IN,GI,ENG,,NULL,NULL,NULL,NULL,NULL,NULL
aminata.com,Aminata,GQ,National,IN,GI,FRA,,NULL,NULL,NULL,NULL,NULL,NULL
angolanas.net,Angolanas,AO,National,IN,GI,POR,,NULL,NULL,NULL,NULL,NULL,NULL
ar.leaders.com.tn,Leaders,TN,National,MG,GI,ARA,,NULL,NULL,NULL,NULL,NULL,NULL
asemana.sapo.cv,A Semana,CV,Praia,NP,GI,ENG,,NULL,NULL,NULL,NULL,NULL,NULL
assudan.net,Assudan,SD,National,IN,GI,ARA,,NULL,NULL,NULL,NULL,NULL,NULL
atoptogo.blogspot.com,Agence Togolaise de Presse,TG,National,PA,GI,FRA,,NULL,NULL,NULL,NULL,NULL,NULL
awate.com,Awate,ER,Foreign,IN,GI,ENG,,NULL,NULL,NULL,NULL,NULL,NULL
awoko.org,Awoko,SL,National,NP,GI,ENG,,NULL,NULL,NULL,NULL,NULL,NULL
bamendaonline.net,Bamenda Online,CM,Bamenda,IN,GI,ENG,,NULL,NULL,NULL,NULL,NULL,NULL
banthutimes.com,Banthu Times,MW,National,IN,GI,ENG,,NULL,NULL,NULL,NULL,NULL,NULL
batnainfo.com,Batna Info,DZ,Batna,NP,GI,ARA,,NULL,NULL,NULL,NULL,NULL,NULL
bayanealyaoume.press.ma,Bayane Al Yaoume,MA,National,NP,GI,ARA,,NULL,NULL,NULL,NULL,NULL,NULL
bbstv.ug,BBS,UG,National,BC,GI,LUG,TV,NULL,NULL,NULL,NULL,NULL,NULL
BC,Yabiladi,MA,National,GI,FRA,Radio,,NULL,NULL,NULL,NULL,NULL,NULL
BC,Ondo TV,NG,Akure,GI,ENG,,,NULL,NULL,NULL,NULL,NULL,NULL
bedfordviewedenvalenews.co.za,Bedfordview Edenvale News,ZA,Bedfordview,NP,GI,ENG,,NULL,NULL,NULL,NULL,NULL,NULL
bejaia-aujourdhui.com,Bejaia Aujourd'hui,DZ,Bejaia,IN,GI,FRA,,NULL,NULL,NULL,NULL,NULL,NULL
bel-abbes.info,Bel Abbes Info,DZ,Sidi bel Abbes,IN,GI,FRA,,NULL,NULL,NULL,NULL,NULL,NULL
beninsite.net,Benin Site,BJ,National,IN,GI,FRA,,NULL,NULL,NULL,NULL,NULL,NULL
benonicitytimes.co.za,Benoni City Times,ZA,Benoni,NP,GI,ENG,Also AFR,NULL,NULL,NULL,NULL,NULL,NULL
benuenewsonline.com,Benue News Online,NG,Makurdi,IN,GI,ENG,,NULL,NULL,NULL,NULL,NULL,NULL
bereamail.co.za,Berea Mail,ZA,Berea,NP,GI,ENG,,NULL,NULL,NULL,NULL,NULL,NULL
bizwatchnigeria.ng,Biz Watch Nigeria,NG,Nationwide,IN,BU,ENG,,NULL,NULL,NULL,NULL,NULL,NULL
bj.jolome.com,Jolome News,BJ,National,IN,GI,FRA,,NULL,NULL,NULL,NULL,NULL,NULL
blanknewsonline.wordpress.com,Blank News Online,NG,Asaba,IN,GI,ENG,,NULL,NULL,NULL,NULL,NULL,NULL
boksburgadvertiser.co.za,Boksburg Advertiser,ZA,Boksburg,NP,GI,ENG,Also AFR,NULL,NULL,NULL,NULL,NULL,NULL
brakpanherald.co.za,Brakpan Herald,ZA,Brakpan,NP,GI,ENG,Also AFR,NULL,NULL,NULL,NULL,NULL,NULL
brazza-news.com,Brazza News,CG,Foreign,IN,GI,FRA,,NULL,NULL,NULL,NULL,NULL,NULL
breezefmchipata.com,Breeze 89.3 FM,ZM,Chipata,BC,GI,ENG,Radio,NULL,NULL,NULL,NULL,NULL,NULL
bulawayo24.com,Bulawayo 24 News,ZW,Bulawayo,IN,GI,ENG,,NULL,NULL,NULL,NULL,NULL,NULL
burundi-24.com,Burundi 24,BI,Nationwide,IN,GI,ENG,,NULL,NULL,NULL,NULL,NULL,NULL
businessdayonline.com,Business Day,NG,Lagos,NP,BU,ENG,,NULL,NULL,NULL,NULL,NULL,NULL
businesseyengr.com,Business Eye,NG,Nationwide,MG,BU,ENG,,NULL,NULL,NULL,NULL,NULL,NULL
businessnews.com.ng,Business News,NG,Nationwide,IN,BU,ENG,,NULL,NULL,NULL,NULL,NULL,NULL
businessworldng.com,Business World,NG,Lagos,NP,BU,ENG,,NULL,NULL,NULL,NULL,NULL,NULL
buzzghana.com,Buzz Ghana,GH,National,IN,GI,ENG,,NULL,NULL,NULL,NULL,NULL,NULL
buzzkenya.com,Buzz Kenya,KE,National,IN,GI,ENG,,NULL,NULL,NULL,NULL,NULL,NULL
buzznigeria.com,Buzz Nigeria,NG,Nationwide,IN,GI,ENG,,NULL,NULL,NULL,NULL,NULL,NULL
buzzsouthafrica.com,Buzz South Africa,ZA,National,IN,GI,ENG,,NULL,NULL,NULL,NULL,NULL,NULL
cameroonjournal.com,Cameroon Daily Journal,CM,Nationwide,IN,GI,ENG,,NULL,NULL,NULL,NULL,NULL,NULL
cameroonwebnews.com,Cameroon Web News,CM,Nationwide,IN,GI,FRA,Also ENG,NULL,NULL,NULL,NULL,NULL,NULL
capitalradio.co.ug,Capital FM,UG,Kampala,BC,GI,ENG,Radio,NULL,NULL,NULL,NULL,NULL,NULL
centrafrique-presse.over-blog.com,Centrafrique Presse,CF,Nationwide,IN,GI,FRA,,NULL,NULL,NULL,NULL,NULL,NULL
citizen.co.za,Citizen,ZA,Johannesburg,NP,GI,ENG,,NULL,NULL,NULL,NULL,NULL,NULL
city1051fm.com,City 105.1 FM,NG,Lagos,BC,GI,ENG,Radio,NULL,NULL,NULL,NULL,NULL,NULL
citybuzz.co.za,City Buzz,ZA,Johannesburg (Central),NP,GI,ENG,,NULL,NULL,NULL,NULL,NULL,NULL
cocorioko.info,Cocorioko,SL,National,IN,GI,ENG,,NULL,NULL,NULL,NULL,NULL,NULL
comarochronicle.co.za,Comaro Chronicle,ZA,Johannesburg (South),NP,GI,ENG,,NULL,NULL,NULL,NULL,NULL,NULL
completesportsnigeria.com,Complete Sports,NG,Nationwide,NP,SP,ENG,,NULL,NULL,NULL,NULL,NULL,NULL
congo-liberty.com,Congo Liberty,CG,Foreign,IN,GI,FRA,,NULL,NULL,NULL,NULL,NULL,NULL
congopanorama.info,Congo Panorama,CD,Foreign,IN,GI,ENG,,NULL,NULL,NULL,NULL,NULL,NULL
crossriverwatch.com,Cross River Watch,NG,Calabar,IN,GI,ENG,,NULL,NULL,NULL,NULL,NULL,NULL
crtv.cm,Cameroon Radio Television,CM,Nationwide,BC,GI,FRA,Radio TV Also ENG,NULL,NULL,NULL,NULL,NULL,NULL
cyberzena.com,Cyber Zena,ET,Foreign,IN,GI,ENG,,NULL,NULL,NULL,NULL,NULL,NULL
dailyegypt.net,Daily Egypt,EG,National,IN,GI,ARA,,NULL,NULL,NULL,NULL,NULL,NULL
dailyindependentnig.com,Daily Independent,NG,Lagos,NP,GI,ENG,,NULL,NULL,NULL,NULL,NULL,NULL
dailynews.gm,Daily News,GM,Banjul,NP,GI,ENG,,NULL,NULL,NULL,NULL,NULL,NULL
dailypost.ng,Daily Post,NG,Nationwide,IN,GI,ENG,,NULL,NULL,NULL,NULL,NULL,NULL
dailypost.ug,Daily Post,UG,National,IN,GI,ENG,,NULL,NULL,NULL,NULL,NULL,NULL
dailyreviewonline.com.ng,Daily Review Online,NG,Nationwide,IN,GI,ENG,,NULL,NULL,NULL,NULL,NULL,NULL
dailystar.com.ng,Daily Star,NG,Nationwide,IN,EN,ENG,,NULL,NULL,NULL,NULL,NULL,NULL
desertherald.com,Desert Herald,NG,Kaduna,NP,GI,ENG,,NULL,NULL,NULL,NULL,NULL,NULL
diasporasaharaui-en.blogspot.com,Western Sahara News,EH,National,IN,GI,ENG,,NULL,NULL,NULL,NULL,NULL,NULL
dieson.mobi,Die Son,ZA,Cape Town,NP,GI,AFR,,NULL,NULL,NULL,NULL,NULL,NULL
diplomat.so,Diplomat News Network,SO,National,IN,GI,ENG,,NULL,NULL,NULL,NULL,NULL,NULL
djiboutination.com,Djibouti Nation,DJ,Foreign,IN,GI,FRA,,NULL,NULL,NULL,NULL,NULL,NULL
eagle.co.ug,Eagle Online,UG,National,IN,GI,ENG,,NULL,NULL,NULL,NULL,NULL,NULL
eaglereporters.com,Eagle Reporters,NG,Nationwide,IN,GI,ENG,,NULL,NULL,NULL,NULL,NULL,NULL
ecadforum.com,ECADF,ET,Foreign,IN,GI,ENG,,NULL,NULL,NULL,NULL,NULL,NULL
echosdesidibelabbes.info,Les Echos de Sidi bel Abbes,DZ,Sidi bel Abbes,IN,GI,FRA,,NULL,NULL,NULL,NULL,NULL,NULL
economiaemercado.sapo.ao,Economia e Mercado,AO,National,MG,BU,POR,,NULL,NULL,NULL,NULL,NULL,NULL
ectv.org,ECTV,ET,Foreign,BC,GI,AMH,,NULL,NULL,NULL,NULL,NULL,NULL
edennewspaper.org,Eden,CM,Limbe,NP,GI,ENG,,NULL,NULL,NULL,NULL,NULL,NULL
egyptcmnews.com,Egypt Commercial News,EG,National,IN,BU,ARA,,NULL,NULL,NULL,NULL,NULL,NULL
egypttoday.com,Egypt Today,EG,National,MG,GI,ENG,,NULL,NULL,NULL,NULL,NULL,NULL
el-youm.info,El Youm,DZ,National,NP,GI,ARA,,NULL,NULL,NULL,NULL,NULL,NULL
elayem.com,El Ayem El Djazairia,DZ,Alger,NP,GI,ARA,,NULL,NULL,NULL,NULL,NULL,NULL
elmassar-ar.com,El Massar El Arabi,DZ,Alger,NP,GI,ARA,,NULL,NULL,NULL,NULL,NULL,NULL
elraaed.com,El Raaed,DZ,Alger,NP,GI,ARA,,NULL,NULL,NULL,NULL,NULL,NULL
elwaha-dz.com,El Waha,DZ,Ghardaiaran,NP,GI,ARA,,NULL,NULL,NULL,NULL,NULL,NULL
elwatani.com,El Watani,DZ,Alger,NP,GI,ARA,,NULL,NULL,NULL,NULL,NULL,NULL
es.groups.yahoo.com,Sahara Info,EH,National,IN,GI,SPA,Also FRA,NULL,NULL,NULL,NULL,NULL,NULL
ethioforum.org,Ethiopian Media Forum,ET,Foreign,IN,GI,ENG,Also AMH,NULL,NULL,NULL,NULL,NULL,NULL
ethiopiaforums.com,Ethiopia Forums,ET,Foreign,IN,GI,ENG,,NULL,NULL,NULL,NULL,NULL,NULL
ethiopianreview.com,Ethiopian Review,ET,Foreign,IN,GI,ENG,,NULL,NULL,NULL,NULL,NULL,NULL
evasion.lepays.bf,Evasion,BF,Ouagadougou,NP,GI,FRA,,NULL,NULL,NULL,NULL,NULL,NULL
ewn.co.za,Eye Witness News,ZA,National,IN,GI,ENG,,NULL,NULL,NULL,NULL,NULL,NULL
exame.co.ao,Exame,AO,National,MG,BU,POR,,NULL,NULL,NULL,NULL,NULL,NULL
exposeghana.com,Expose Ghana,GH,National,IN,GI,ENG,,NULL,NULL,NULL,NULL,NULL,NULL
expressng.com,Entertainment Express,NG,Nationwide,IN,EN,ENG,,NULL,NULL,NULL,NULL,NULL,NULL
eyeradio.org,Eye Radio,SS,National,BC,GI,ENG,Radio,NULL,NULL,NULL,NULL,NULL,NULL
faso-actu.net,Faso Actu,BF,National,IN,GI,FRA,,NULL,NULL,NULL,NULL,NULL,NULL
financenews.press.ma,Finances News Hebdo,MA,Casablanca,NP,BU,FRA,,NULL,NULL,NULL,NULL,NULL,NULL
flashpointnews.wordpress.com,Flashpoint News,NG,Asaba,IN,GI,ENG,,NULL,NULL,NULL,NULL,NULL,NULL
focus.rw,Rwanda Focus,RW,Kigali,NP,GI,ENG,,NULL,NULL,NULL,NULL,NULL,NULL
foroyaa.gm,Foroyaa,GM,Banjul,NP,GI,ENG,,NULL,NULL,NULL,NULL,NULL,NULL
fourwaysreview.co.za,Fourways Review,ZA,Fourways,NP,GI,ENG,,NULL,NULL,NULL,NULL,NULL,NULL
fr.alakhbar.info,Alakhbar,MR,National,PA,GI,FRA,,NULL,NULL,NULL,NULL,NULL,NULL
gabonreview.com,Gabon Review,GA,National,IN,GI,FRA,,NULL,NULL,NULL,NULL,NULL,NULL
gainako.com,Gainako News,GM,Foreign,IN,GI,ENG,,NULL,NULL,NULL,NULL,NULL,NULL
germinalnewspaper.com,Germinal,CM,Yaounde,NP,GI,FRA,,NULL,NULL,NULL,NULL,NULL,NULL
germistoncitynews.co.za,Germiston City News,ZA,Germiston,NP,GI,ENG,Also AFR,NULL,NULL,NULL,NULL,NULL,NULL
ghanaianlens.com,Ghanaian Lens,GH,Accra,NP,GI,ENG,,NULL,NULL,NULL,NULL,NULL,NULL
ghananewslink.com,Ghana News Link,GH,National,IN,GI,ENG,,NULL,NULL,NULL,NULL,NULL,NULL
ghananewsportal.com,Ghana News Portal,GH,National,IN,GI,ENG,,NULL,NULL,NULL,NULL,NULL,NULL
ghheadlines.com,GH Headlines,GH,National,IN,GI,ENG,,NULL,NULL,NULL,NULL,NULL,NULL
gistyinka.net,Gistyinka Blog,NG,Nationwide,IN,EN,ENG,,NULL,NULL,NULL,NULL,NULL,NULL
globalvillageextra.com,Global Village Extra,NG,Nationwide,IN,GI,ENG,,NULL,NULL,NULL,NULL,NULL,NULL
gloryfm.com,Glory FM,NG,Yenagoa,BC,GI,ENG,Radio,NULL,NULL,NULL,NULL,NULL,NULL
gnnliberia.com,GNN Liberia,LR,Nationwide,IN,GI,ENG,,NULL,NULL,NULL,NULL,NULL,NULL
goldenpennewspaper.blogspot.com,Golden Pen,NG,Yenagoa,NP,GI,ENG,,NULL,NULL,NULL,NULL,NULL,NULL
graphic.com.gh,Daily Graphic,GH,National,NP,GI,ENG,,NULL,NULL,NULL,NULL,NULL,NULL
guinea-forum.org,Guinea Forum,GQ,National,IN,GI,FRA,,NULL,NULL,NULL,NULL,NULL,NULL
guineeactu.info,Guinee Actu,GQ,National,IN,GI,FRA,,NULL,NULL,NULL,NULL,NULL,NULL
guineenews.org,Guinee News,GQ,National,IN,GI,FRA,,NULL,NULL,NULL,NULL,NULL,NULL
haatuf.net,Haatuf,SO,Hargeisa,NP,GI,SOM,,NULL,NULL,NULL,NULL,NULL,NULL
happyghana.com,Happy FM,GH,Accra,BC,GI,ENG,Radio,NULL,NULL,NULL,NULL,NULL,NULL
hebdo.ahram.org.eg,Al Ahram Hebdo,EG,Cairo - Le Caire,NP,GI,FRA,,NULL,NULL,NULL,NULL,NULL,NULL
heritageliberia.net,Heritage,LR,Monrovia,NP,GI,ENG,,NULL,NULL,NULL,NULL,NULL,NULL
highwaymail.co.za,Highway Mail,ZA,Pinetown,NP,GI,ENG,,NULL,NULL,NULL,NULL,NULL,NULL
hmetro.co.zw,H Metro,ZW,Harare,NP,GI,ENG,,NULL,NULL,NULL,NULL,NULL,NULL
hotnaijanews.com,Hot Naija News,NG,Nationwide,IN,GI,ENG,,NULL,NULL,NULL,NULL,NULL,NULL
iharare.com,I Harare,ZW,National,IN,GI,ENG,,NULL,NULL,NULL,NULL,NULL,NULL
imvahonshya.co.rw,Imvaho Nshya,RW,National,NP,GI,KIN,,NULL,NULL,NULL,NULL,NULL,NULL
ireports-ng.com,I Reports NG,NG,Nationwide,IN,GI,ENG,,NULL,NULL,NULL,NULL,NULL,NULL
isoexpress.co.za,Isolomzi Express,ZA,Cala,NP,GI,ENG,Also XHO,NULL,NULL,NULL,NULL,NULL,NULL
itvradionigeria.com,Independent Television and Radio,NG,Benin City,BC,GI,ENG,,NULL,NULL,NULL,NULL,NULL,NULL
jamboleonews.blogspot.com,Jambo Leo,TZ,Dar es Salaam,NP,GI,SWA,,NULL,NULL,NULL,NULL,NULL,NULL
joburgeastexpress.co.za,Joburg East Express,ZA,Johannesburg (East),NP,GI,ENG,,NULL,NULL,NULL,NULL,NULL,NULL
jornaldeangola.sapo.ao,Jornal de Angola,AO,National,NP,GI,POR,,NULL,NULL,NULL,NULL,NULL,NULL
jornaldeeconomia.sapo.ao,Economia e Financas,AO,Luanda,NP,BU,POR,,NULL,NULL,NULL,NULL,NULL,NULL
jornaldosdesportos.sapo.ao,Jornal dos Desportos,AO,Luanda,NP,SP,POR,,NULL,NULL,NULL,NULL,NULL,NULL
jornalf8.net,Folha 8,AO,Luanda,NP,GI,POR,,NULL,NULL,NULL,NULL,NULL,NULL
journal.rdpcpdm.cm,L'Action,CM,Yaounde,NP,GI,FRA,Also ENG,NULL,NULL,NULL,NULL,NULL,NULL
kabyleuniversel.com,Kabyle Universel,DZ,Tizi Ouzou,IN,ET,FRA,Kabyle,NULL,NULL,NULL,NULL,NULL,NULL
kampalasun.co.ug,Kampala Sun,UG,Kampala,NP,GI,ENG,,NULL,NULL,NULL,NULL,NULL,NULL
kemptonexpress.co.za,Kempton Express,ZA,Kempton Park,NP,GI,ENG,,NULL,NULL,NULL,NULL,NULL,NULL
kenyanewsagency.go.ke,Kenya News Agency,KE,National,PA,GI,ENG,,NULL,NULL,NULL,NULL,NULL,NULL
kfm.co.ug,KFM,UG,Kampala,BC,GI,ENG,Radio,NULL,NULL,NULL,NULL,NULL,NULL
krugersdorpnews.co.za,Krugersdorp News,ZA,Krugersdorp,NP,GI,ENG,,NULL,NULL,NULL,NULL,NULL,NULL
kumasimail.com,Kumasi Mail,GH,Kumasi,NP,GI,ENG,,NULL,NULL,NULL,NULL,NULL,NULL
kwekwebiz.com,Kwekwe Biz,ZW,Kwekwe,IN,GI,ENG,NULL,NULL,NULL,NULL,NULL,NULL,NULL
ladysmithgazette.co.za,Ladysmith Gazette,ZA,Ladysmith,NP,GI,ENG,,NULL,NULL,NULL,NULL,NULL,NULL
laghouatinfo.net,Laghouat Info,DZ,Laghouat,IN,GI,ARA,,NULL,NULL,NULL,NULL,NULL,NULL
lalternative-togo.com,L'Alternative,TG,Lome,NP,GI,FRA,,NULL,NULL,NULL,NULL,NULL,NULL
landbou.com,Landbou Weekblad,ZA,Cape Town,NP,AG,AFR,,NULL,NULL,NULL,NULL,NULL,NULL
latribunedelacapitale.com,La Tribune de La Capitale,BJ,Porto Novo,NP,GI,FRA,,NULL,NULL,NULL,NULL,NULL,NULL
lautrefraternite.com,L'Autre Fraternite,BJ,National,IN,GI,FRA,,NULL,NULL,NULL,NULL,NULL,NULL
lavoixdesidibelabbes.info,La Voix de Sidi bel Abbes,DZ,Sidi bel Abbes,IN,GI,FRA,,NULL,NULL,NULL,NULL,NULL,NULL
leadership.ng,Leadership,NG,Abuja,NP,GI,ENG,,NULL,NULL,NULL,NULL,NULL,NULL
leboncoin.nu,Le Boncoin,MU,National,IN,GI,FRA,,NULL,NULL,NULL,NULL,NULL,NULL
lechiffredaffaires.net,Le Chiffre d'Affaires,DZ,Alger,NP,BU,FRA,,NULL,NULL,NULL,NULL,NULL,NULL
lecitoyendz.com,Le Citoyen,DZ,Alger,NP,GI,FRA,,NULL,NULL,NULL,NULL,NULL,NULL
lecombat.info,Le Combat,ML,Bamako,NP,GI,FRA,,NULL,NULL,NULL,NULL,NULL,NULL
leconfrere.info,Le Confrere de La Matinee,BJ,Cotonou,NP,GI,FRA,,NULL,NULL,NULL,NULL,NULL,NULL
lecourrier-dalgerie.com,Le Courrier d'Algerie,DZ,Alger,NP,GI,FRA,,NULL,NULL,NULL,NULL,NULL,NULL
ledaily.mg,Le Daily,MG,National,IN,GI,FRA,,NULL,NULL,NULL,NULL,NULL,NULL
lefaso.net,Le Faso,BF,National,IN,GI,FRA,,NULL,NULL,NULL,NULL,NULL,NULL
lejournaldaffaire.com,Le Journal d'Affaires,DZ,Alger,NP,BU,FRA,,NULL,NULL,NULL,NULL,NULL,NULL
lejournaldemayotte.com,Le Journal de Mayotte,YT,Nationwide,NP,GI,FRA,,NULL,NULL,NULL,NULL,NULL,NULL
lelynx.net,Le Lynx,GQ,Conakry,NP,SR,FRA,,NULL,NULL,NULL,NULL,NULL,NULL
lepays.bf,Le Pays,BF,National,NP,GI,FRA,,NULL,NULL,NULL,NULL,NULL,NULL
leprovincial.com,Le Provincial,DZ,Annaba,NP,GI,FRA,,NULL,NULL,NULL,NULL,NULL,NULL
lequotidienalgerie.org,Le Quotidien d'Algerie,DZ,National,IN,GI,FRA,,NULL,NULL,NULL,NULL,NULL,NULL
lestimes.com,Lesotho Times,LS,National,NP,GI,ENG,,NULL,NULL,NULL,NULL,NULL,NULL
letempstg.com,Le Temps Togo,TG,Foreign,IN,GI,FRA,,NULL,NULL,NULL,NULL,NULL,NULL
levenementprecis.com,L'Evenement Precis,BJ,Cotonou,NP,GI,FRA,,NULL,NULL,NULL,NULL,NULL,NULL
lexpressguinee.com,L'Express Guinee,GQ,National,IN,GI,FRA,,NULL,NULL,NULL,NULL,NULL,NULL
liberal.sapo.cv,Liberal,CV,Nationwide,IN,GI,POR,,NULL,NULL,NULL,NULL,NULL,NULL
libyabizinfo.com,Libya Business Info,LY,Nationwide,IN,GI,ARA,,NULL,NULL,NULL,NULL,NULL,NULL
lindaikeji.blogspot.com,Welcome to Linda Ikeji's Blog,NG,Nationwide,IN,GI,ENG,,NULL,NULL,NULL,NULL,NULL,NULL
lintelligentdabidjan.ci,L'Intelligent d'Abidjan,CI,Abidjan,NP,GI,FRA,,NULL,NULL,NULL,NULL,NULL,NULL
lnt.ma,La Nouvelle Tribune,MA,Casablanca,NP,GI,FRA,,NULL,NULL,NULL,NULL,NULL,NULL
lobservateurdumaroc.info,L'Observateur,MA,National,IN,GI,FRA,,NULL,NULL,NULL,NULL,NULL,NULL
lowvelder.co.za,Laevelder Lowvelder,ZA,Nelspruit,NP,GI,AFR,Also ENG,NULL,NULL,NULL,NULL,NULL,NULL
lusakastar.com,Lusaka Star,ZM,National,IN,GI,ENG,,NULL,NULL,NULL,NULL,NULL,NULL
lusakavoice.com,Lusaka Voice,ZM,National,IN,GI,ENG,,NULL,NULL,NULL,NULL,NULL,NULL
majira-hall.blogspot.com,Majira,TZ,Dar es Salaam,NP,GI,SWA,,NULL,NULL,NULL,NULL,NULL,NULL
makonitimes.com,Makoni Times,SL,National,IN,GI,ENG,,NULL,NULL,NULL,NULL,NULL,NULL
malawi24.com,Malawi 24,MW,National,IN,GI,ENG,,NULL,NULL,NULL,NULL,NULL,NULL
malawiana.net,Malawiana,MW,National,IN,GI,ENG,,NULL,NULL,NULL,NULL,NULL,NULL
malawilive.com,Malawi Live,MW,National,IN,GI,ENG,,NULL,NULL,NULL,NULL,NULL,NULL
maliactu.net,Mali Actu,ML,National,IN,GI,FRA,,NULL,NULL,NULL,NULL,NULL,NULL
manicapost.co.zw,Manica Post,ZW,Mutare,NP,GI,ENG,,NULL,NULL,NULL,NULL,NULL,NULL
maravi.blogspot.com,Maravi,ZM,National,IN,GI,ENG,,NULL,NULL,NULL,NULL,NULL,NULL
maritzburgsun.co.za,Maritzburg Sun,ZA,Pietermaritzburg,NP,GI,ENG,,NULL,NULL,NULL,NULL,NULL,NULL
marocgazette.com,Morocco Gazette,MA,National,IN,GI,ARA,,NULL,NULL,NULL,NULL,NULL,NULL
marocpress.ma,Maroc Press,MA,National,IN,GI,ARA,Site 2,NULL,NULL,NULL,NULL,NULL,NULL
mauritiustimes.com,Mauritius Times,MU,Port Louis,NP,GI,ENG,,NULL,NULL,NULL,NULL,NULL,NULL
mayotte.la1ere.fr,La 1ere,YT,Nationwide,BC,GI,FRA,Radio TV,NULL,NULL,NULL,NULL,NULL,NULL
mbc.intnet.mu,MBC,MU,National,BC,GI,FRA,Radio TV Also ENG,NULL,NULL,NULL,NULL,NULL,NULL
mediamaxnetwork.co.ke,People Daily,KE,Nairobi,NP,GI,ENG,,NULL,NULL,NULL,NULL,NULL,NULL
mg.co.za,Mail and Guardian,ZA,National,NP,GI,ENG,,NULL,NULL,NULL,NULL,NULL,NULL
midrandreporter.co.za,Midrand Reporter,ZA,Midrand,NP,GI,ENG,,NULL,NULL,NULL,NULL,NULL,NULL
mkegypt.net,MK,EG,Cairo,NP,ET,RUS,Russian,NULL,NULL,NULL,NULL,NULL,NULL
monroviainquirer.com,Inquirer,LR,Monrovia,NP,GI,ENG,,NULL,NULL,NULL,NULL,NULL,NULL
moroccantimes.com,Moroccan Times,MA,National,IN,GI,ENG,,NULL,NULL,NULL,NULL,NULL,NULL
moroccomedia.com,Morocco Media,MA,National,IN,GI,ENG,,NULL,NULL,NULL,NULL,NULL,NULL
mtanzania.co.tz,Mtanzania,TZ,Dar es Salaam,NP,GI,SWA,,NULL,NULL,NULL,NULL,NULL,NULL
mthathaexpress.co.za,Mthatha Express,ZA,Mthatha,NP,GI,ENG,,NULL,NULL,NULL,NULL,NULL,NULL
mubasher-misr.aljazeera.net,Al Jazeera Mubasher Misr,EG,National,BC,GI,ARA,TV,NULL,NULL,NULL,NULL,NULL,NULL
mutations-online.info,Mutations,CM,Yaounde,NP,GI,FRA,,NULL,NULL,NULL,NULL,NULL,NULL
mutationsbf.net,Mutations,BF,Ouagadougou,NP,GI,FRA,,NULL,NULL,NULL,NULL,NULL,NULL
mysierraleoneonline.com,My Sierra Leone Online,SL,National,IN,GI,ENG,,NULL,NULL,NULL,NULL,NULL,NULL
mzalendo.net,Mzalendo,TZ,Zanzibar,IN,GI,SWA,,NULL,NULL,NULL,NULL,NULL,NULL
naijabizcom.com,Naija Biz,NG,Nationwide,IN,BU,ENG,,NULL,NULL,NULL,NULL,NULL,NULL
nationalmirroronline.net,National Mirror,NG,Lagos,NP,GI,ENG,,NULL,NULL,NULL,NULL,NULL,NULL
nbs.ug,NBS,UG,National,BC,GI,ENG,TV,NULL,NULL,NULL,NULL,NULL,NULL
nehandaradio.com,Nehanda Radio,ZW,National,BC,GI,ENG,Radio,NULL,NULL,NULL,NULL,NULL,NULL
nehandatv.com,Nehanda TV,ZW,National,BC,GI,ENG,TV,NULL,NULL,NULL,NULL,NULL,NULL
new.elfagr.org,El Fagr,EG,Cairo,NP,GI,ARA,,NULL,NULL,NULL,NULL,NULL,NULL
newcastleadvertiser.co.za,Newcastle Advertiser,ZA,Newcastle,NP,GI,ENG,,NULL,NULL,NULL,NULL,NULL,NULL
newctzen.com,New Citizen,SL,Freetown,NP,GI,ENG,,NULL,NULL,NULL,NULL,NULL,NULL
newmail-ng.com,New Mail,NG,Nationwide,IN,GI,ENG,,NULL,NULL,NULL,NULL,NULL,NULL
news.aniamey.com,A Niamey,NE,National,IN,GI,FRA,,NULL,NULL,NULL,NULL,NULL,NULL
news.bestnaira.com,Best Naira News,NG,Nationwide,IN,GI,ENG,,NULL,NULL,NULL,NULL,NULL,NULL
news.google.com,Google,BW,Nationwide,IN,GI,ENG,,NULL,NULL,NULL,NULL,NULL,NULL
news.google.com,Google,EG,National,IN,GI,ARA,,NULL,NULL,NULL,NULL,NULL,NULL
news.google.com,Google,ET,National,IN,GI,ENG,,NULL,NULL,NULL,NULL,NULL,NULL
news.google.com,Google,GH,National,IN,GI,ENG,,NULL,NULL,NULL,NULL,NULL,NULL
news.google.com,Google,KE,National,IN,GI,ENG,,NULL,NULL,NULL,NULL,NULL,NULL
news.google.com,Google,MA,National,IN,GI,FRA,,NULL,NULL,NULL,NULL,NULL,NULL
news.google.com,Google,NA,National,IN,GI,ENG,,NULL,NULL,NULL,NULL,NULL,NULL
news.google.com,Google,NG,Nationwide,IN,GI,ENG,,NULL,NULL,NULL,NULL,NULL,NULL
news.google.com,Google,SN,Nationwide,IN,GI,FRA,,NULL,NULL,NULL,NULL,NULL,NULL
news.google.com,Google,TZ,National,IN,GI,ENG,,NULL,NULL,NULL,NULL,NULL,NULL
news.google.com,Google,UG,National,IN,GI,ENG,,NULL,NULL,NULL,NULL,NULL,NULL
news.google.com,Google,ZA,National,IN,GI,ENG,,NULL,NULL,NULL,NULL,NULL,NULL
news.google.com,Google,ZW,National,IN,GI,ENG,,NULL,NULL,NULL,NULL,NULL,NULL
news.maraviexpress.com,Maravi Express,MW,National,IN,GI,ENG,,NULL,NULL,NULL,NULL,NULL,NULL
news.sudanvisiondaily.com,Sudan Vision,SD,Khartoum,NP,GI,ENG,,NULL,NULL,NULL,NULL,NULL,NULL
newsbreaknigeria.com,News Break Nigeria,NG,Nationwide,IN,GI,ENG,,NULL,NULL,NULL,NULL,NULL,NULL
newsdayngonline.com,Newsday,NG,Abuja,NP,GI,ENG,,NULL,NULL,NULL,NULL,NULL,NULL
newsdiaryonline.com,News Diary Online,NG,Nationwide,IN,GI,ENG,,NULL,NULL,NULL,NULL,NULL,NULL
newsducamer.com,News du Camer,CM,Nationwide,IN,GI,FRA,,NULL,NULL,NULL,NULL,NULL,NULL
newsinlibya.com,Libya News,LY,Nationwide,IN,GI,ENG,,NULL,NULL,NULL,NULL,NULL,NULL
newsinvestigatorsng.com,News Investigators Nigeria,NG,Nationwide,IN,GI,ENG,,NULL,NULL,NULL,NULL,NULL,NULL
newslexpoint.com,Newslex Point,UG,National,IN,GI,ENG,,NULL,NULL,NULL,NULL,NULL,NULL
newsly.ma,Newsly,MA,National,IN,GI,ARA,,NULL,NULL,NULL,NULL,NULL,NULL
newsofthesouth.com,News of the South,ZW,National,IN,GI,ENG,,NULL,NULL,NULL,NULL,NULL,NULL
newsvyb.com,News Vyb,ZW,National,IN,GI,ENG,,NULL,NULL,NULL,NULL,NULL,NULL
newtelegraphonline.com,New Telegraph,NG,Nationwide,IN,GI,ENG,,NULL,NULL,NULL,NULL,NULL,NULL
newzimbabwevision.com,New Zimbabwe Vision,ZW,National,IN,GI,ENG,,NULL,NULL,NULL,NULL,NULL,NULL
ngex.com,Ng EX,NG,Nationwide,IN,GI,ENG,,NULL,NULL,NULL,NULL,NULL,NULL
nhasimugweru.blogspot.com,Gweru Today,ZW,Gweru,IN,GI,ENG,,NULL,NULL,NULL,NULL,NULL,NULL
nigerdiaspora.net,Niger Diaspora,NE,National,IN,GI,FRA,,NULL,NULL,NULL,NULL,NULL,NULL
nigeriaindependent.com,Nigeria Independent,NG,Nationwide,IN,GI,ENG,,NULL,NULL,NULL,NULL,NULL,NULL
nigerianbeacon.com,Nigerian Beacon,NG,Nationwide,IN,GI,ENG,,NULL,NULL,NULL,NULL,NULL,NULL
nigerianinquirer.com,Nigerian Inquirer,NG,Nationwide,IN,GI,ENG,,NULL,NULL,NULL,NULL,NULL,NULL
nigeriannewsportal.com,Nigerian News Portal,NG,Nationwide,IN,GI,ENG,,NULL,NULL,NULL,NULL,NULL,NULL
nigeriantimes.ng,Nigerian Times,NG,Nationwide,IN,GI,ENG,,NULL,NULL,NULL,NULL,NULL,NULL
nigeriapoliticsonline.com,Nigeria Politics Online,NG,Nationwide,IN,GI,ENG,,NULL,NULL,NULL,NULL,NULL,NULL
nigeriastandardnewspaper.com,Naija Standard Newspaper,NG,Nationwide,IN,GI,ENG,,NULL,NULL,NULL,NULL,NULL,NULL
northcliffmelvilletimes.co.za,Northcliff Melville Times,ZA,Northcliff,NP,GI,ENG,,NULL,NULL,NULL,NULL,NULL,NULL
northeasterntribune.co.za,North Eastern Tribune,ZA,Johannesburg (East),NP,GI,ENG,,NULL,NULL,NULL,NULL,NULL,NULL
northglennews.co.za,Northglen News,ZA,Umhlanga,NP,GI,ENG,,NULL,NULL,NULL,NULL,NULL,NULL
noticiasdonorte.publ.cv,Noticias do Norte,CV,Mindelo,IN,GI,POR,,NULL,NULL,NULL,NULL,NULL,NULL
novagazeta.co.ao,Nova Gazeta,AO,Luanda,NP,GI,POR,,NULL,NULL,NULL,NULL,NULL,NULL
ntv.nation.co.ke,NTV,KE,National,BC,GI,ENG,TV,NULL,NULL,NULL,NULL,NULL,NULL
observer.gm,Daily Observer,GM,National,NP,GI,ENG,,NULL,NULL,NULL,NULL,NULL,NULL
observer24.com.na,Windhoek Observer,NA,Windhoek,NP,GI,ENG,,NULL,NULL,NULL,NULL,NULL,NULL
ogavendor.com,Oga Vendor,NG,Nationwide,IN,GI,ENG,,NULL,NULL,NULL,NULL,NULL,NULL
ontveg.com,ON TV,EG,National,BC,GI,ARA,TV,NULL,NULL,NULL,NULL,NULL,NULL
opais.co.ao,O Pais,AO,Luanda,NP,GI,POR,,NULL,NULL,NULL,NULL,NULL,NULL
ouest-info.org,Ouest Info,DZ,Sidi bel Abbes,NP,GI,FRA,,NULL,NULL,NULL,NULL,NULL,NULL
owlpressonline.com,Owl,SL,Freetown,NP,GI,ENG,,NULL,NULL,NULL,NULL,NULL,NULL
patsakacommunityradio.org,Patsaka Nyaminyami Community Radio,ZW,Kariba,BC,GI,ENG,Radio,NULL,NULL,NULL,NULL,NULL,NULL
peaceghana.com,Peace Ghana,GH,National,IN,GI,ENG,,NULL,NULL,NULL,NULL,NULL,NULL
plentynews.com,Plenty News,NG,Nationwide,IN,GI,ENG,,NULL,NULL,NULL,NULL,NULL,NULL
pointblanknews.com,Point Blank News,NG,Nationwide,IN,GI,ENG,,NULL,NULL,NULL,NULL,NULL,NULL
politicosl.com,Politico,SL,Freetown,NP,GI,ENG,,NULL,NULL,NULL,NULL,NULL,NULL
polokwaneexpress.co.za,Polokwane Express,ZA,Polokwane,NP,GI,ENG,,NULL,NULL,NULL,NULL,NULL,NULL
ppbdi.com,PPB,BI,Nationwide,IN,GI,FRA,,NULL,NULL,NULL,NULL,NULL,NULL
pulse.ng,Pulse,NG,Nationwide,IN,EN,ENG,,NULL,NULL,NULL,NULL,NULL,NULL
puntlandi.com,Puntland I,SO,Garowe,IN,GI,ENG,,NULL,NULL,NULL,NULL,NULL,NULL
puntlandnews24.com,Puntland News 24,SO,Garowe,IN,GI,SOM,Also ENG,NULL,NULL,NULL,NULL,NULL,NULL
quotidienlemessager.net,Le Messager,CM,Douala,NP,GI,FRA,,NULL,NULL,NULL,NULL,NULL,NULL
radiodemocracy.sl,Radio Democracy,SL,Freetown,BC,GI,ENG,Radio,NULL,NULL,NULL,NULL,NULL,NULL
radiodespertarangola.net,Radio Despertar,AO,Luanda,BC,GI,POR,Radio,NULL,NULL,NULL,NULL,NULL,NULL
radiookapi.net,Radio Okapi,CD,National,BC,GI,FRA,Radio,NULL,NULL,NULL,NULL,NULL,NULL
radioonefm90.com,Radio One,UG,Kampala,BC,GI,ENG,Radio,NULL,NULL,NULL,NULL,NULL,NULL
radiotamazuj.org,Radio Tamazuj,SS,National,BC,GI,ARA,Radio,NULL,NULL,NULL,NULL,NULL,NULL
randburgsun.co.za,Randburg Sun,ZA,Randburg,NP,GI,ENG,,NULL,NULL,NULL,NULL,NULL,NULL
rasd.tv,RASD TV,EH,National,BC,GI,SPA,TV,NULL,NULL,NULL,NULL,NULL,NULL
rc1023.fm,Radio Continental,NG,Lagos,BC,GI,ENG,Radio,NULL,NULL,NULL,NULL,NULL,NULL
realnewsmagazine.net,Realnews,NG,Nationwide,IN,GI,ENG,,NULL,NULL,NULL,NULL,NULL,NULL
rekordcenturion.co.za,Rekord Centurion,ZA,Centurion,NP,GI,AFR,Also ENG,NULL,NULL,NULL,NULL,NULL,NULL
rekordeast.co.za,Pretoria East Rekord,ZA,Pretoria (East),NP,GI,AFR,Also ENG,NULL,NULL,NULL,NULL,NULL,NULL
reporters365.com,Reporters 365,NG,Nationwide,IN,GI,ENG,,NULL,NULL,NULL,NULL,NULL,NULL
reunion.la1ere.fr,La 1ere,RE,National,BC,GI,FRA,Radio TV,NULL,NULL,NULL,NULL,NULL,NULL
risingsunchatsworth.co.za,Rising Sun Chatsworth,ZA,Chatswoth,NP,GI,ENG,,NULL,NULL,NULL,NULL,NULL,NULL
royaltimes.net,Royal Times,NG,Ilorin,IN,GI,ENG,,NULL,NULL,NULL,NULL,NULL,NULL
rwandawire.com,Rwanda News Wire,RW,National,IN,GI,ENG,,NULL,NULL,NULL,NULL,NULL,NULL
saharaoccidental.blogspot.com,Sahara Occidental Western Sahara,EH,National,IN,GI,FRA,Also ENG SPA,NULL,NULL,NULL,NULL,NULL,NULL
saharareporters.com,Sahara Reporters,NG,Nationwide,IN,GI,ENG,,NULL,NULL,NULL,NULL,NULL,NULL
salonepost.com,Salone Post,SL,National,IN,GI,ENG,,NULL,NULL,NULL,NULL,NULL,NULL
salonetimespress.com,Salone Times,SL,Freetown,NP,GI,ENG,,NULL,NULL,NULL,NULL,NULL,NULL
sandtonchronicle.co.za,Sandton Chronicle,ZA,Sandton,NP,GI,ENG,,NULL,NULL,NULL,NULL,NULL,NULL
sandtonmag.co.za,Sandton,ZA,Sandton,MG,GI,ENG,,NULL,NULL,NULL,NULL,NULL,NULL
sawt-alahrar.net,Sawt Al Ahrar,DZ,Alger,NP,GI,ARA,,NULL,NULL,NULL,NULL,NULL,NULL
sawtdjelfa.com,Sawt Djelfa,DZ,Djelfa,IN,GI,ARA,,NULL,NULL,NULL,NULL,NULL,NULL
scannewsnigeria.com,Scan News,NG,Nationwide,IN,GI,ENG,,NULL,NULL,NULL,NULL,NULL,NULL
sdeconews.com,Sudan Commerce News,SD,National,IN,BU,ARA,,NULL,NULL,NULL,NULL,NULL,NULL
sedibengster.com,Sedibeng Ster,ZA,Vanderbijlpark,NP,GI,AFR,Also ENG,NULL,NULL,NULL,NULL,NULL,NULL
semanarioeconomico.co.ao,Semanario Economico,AO,Luanda,NP,BU,POR,,NULL,NULL,NULL,NULL,NULL,NULL
senego.com,Senego,SN,Nationwide,IN,GI,FRA,,NULL,NULL,NULL,NULL,NULL,NULL
silverbirdtv.com,Silverbird TV,NG,Lagos,BC,GI,ENG,TV,NULL,NULL,NULL,NULL,NULL,NULL
sites.google.com,Le Jeune Algerien,DZ,Alger,NP,GI,FRA,,NULL,NULL,NULL,NULL,NULL,NULL
siyimbali.com,Siyimbali,SZ,National,IN,GI,ENG,,NULL,NULL,NULL,NULL,NULL,NULL
skygatenews.com,Skygate News,NG,Makurdi,IN,GI,ENG,,NULL,NULL,NULL,NULL,NULL,NULL
slconcordtimes.com,Concord Times,SL,National,NP,GI,ENG,,NULL,NULL,NULL,NULL,NULL,NULL
slpublicopinion.wordpress.com,Sierra Leone Public Opinion,SL,National,IN,GI,ENG,,NULL,NULL,NULL,NULL,NULL,NULL
societynews.co.za,Society News,ZA,Pretoria,IN,GI,ENG,,NULL,NULL,NULL,NULL,NULL,NULL
somaliaone.net,Somalia One,SO,National,IN,GI,SOM,Also ENG,NULL,NULL,NULL,NULL,NULL,NULL
somalilandpress.com,Somaliland Press,SO,Hargeisa,IN,GI,ENG,,NULL,NULL,NULL,NULL,NULL,NULL
sosanews.com,Sosa News,SS,Foreign,IN,GI,ENG,,NULL,NULL,NULL,NULL,NULL,NULL
source.co.zw,Source,ZW,National,IN,BU,ENG,,NULL,NULL,NULL,NULL,NULL,NULL
southafricatoday.net,South Africa Today,ZA,National,IN,GI,ENG,,NULL,NULL,NULL,NULL,NULL,NULL
southcoastherald.co.za,South Coast Herald,ZA,Port Shepstone,NP,GI,ENG,,NULL,NULL,NULL,NULL,NULL,NULL
southcoastsun.co.za,South Coast Sun,ZA,Amanzimtoti,NP,GI,ENG,,NULL,NULL,NULL,NULL,NULL,NULL
southernafrican.news,Southern Times,NA,Windhoek,NP,GI,ENG,,NULL,NULL,NULL,NULL,NULL,NULL
southlandssun.co.za,Southlands Sun,ZA,Durban (Southlands),NP,GI,ENG,,NULL,NULL,NULL,NULL,NULL,NULL
southsudaninfo.net,South Sudan Info,SS,Foreign,IN,GI,ENG,,NULL,NULL,NULL,NULL,NULL,NULL
southsudantoday.net,South Sudan Today,SS,Juba,NP,GI,ENG,,NULL,NULL,NULL,NULL,NULL,NULL
southsudantribune.org,South Sudan Tribune,SS,Foreign,IN,GI,ENG,,NULL,NULL,NULL,NULL,NULL,NULL
sport.elkhabar.com,El Khabar Er Riadhi,DZ,Alger,NP,SP,ARA,,NULL,NULL,NULL,NULL,NULL,NULL
sport.ennaharonline.com,Echibek,DZ,Alger,NP,SP,ARA,,NULL,NULL,NULL,NULL,NULL,NULL
sportbrief.co.zw,Sport Brief,ZW,National,IN,SP,ENG,,NULL,NULL,NULL,NULL,NULL,NULL
spr.fm,Somali Public Radio,SO,Foreign,BC,GI,SOM,Radio Also ENG,NULL,NULL,NULL,NULL,NULL,NULL
standardtimespress.org,Standard Times Press,SL,National,NP,GI,ENG,,NULL,NULL,NULL,NULL,NULL,NULL
startvtz.com,Star TV,TZ,National,BC,GI,SWA,TV,NULL,NULL,NULL,NULL,NULL,NULL
stfrancischronicle.com,St. Francis Chronicle,ZA,St. Francis Bay,NP,GI,ENG,,NULL,NULL,NULL,NULL,NULL,NULL
sthelenaonline.org,St. Helena Online,SH,Jamestown,IN,GI,ENG,,NULL,NULL,NULL,NULL,NULL,NULL
suna-sd.net,Sudan News Agency,SD,National,PA,GI,ARA,,NULL,NULL,NULL,NULL,NULL,NULL
sundayexpress.co.ls,Sunday Express,LS,National,NP,GI,ENG,,NULL,NULL,NULL,NULL,NULL,NULL
sundayvani.intnet.mu,Sunday Vani,MU,Port Louis,NP,GI,FRA,,NULL,NULL,NULL,NULL,NULL,NULL
sunnewsonline.com,Sun,NG,Nationwide,NP,GI,ENG,,NULL,NULL,NULL,NULL,NULL,NULL
tabloidmedia.co.za,Chatsworth Tabloid,ZA,Chatsworth,NP,GI,ENG,,NULL,NULL,NULL,NULL,NULL,NULL
tahrirnews.com,Al Tahrir,EG,Cairo,NP,GI,ARA,,NULL,NULL,NULL,NULL,NULL,NULL
tchadinfos.com,Tchad Infos,TD,Nationwide,IN,GI,FRA,,NULL,NULL,NULL,NULL,NULL,NULL
tchadonline.com,Tchad Online,TD,Nationwide,IN,GI,FRA,,NULL,NULL,NULL,NULL,NULL,NULL
tdailynews.net,Tunis Daily News,TN,National,IN,GI,ARA,,NULL,NULL,NULL,NULL,NULL,NULL
telquel.ma,Tel Quel,MA,National,MG,GI,FRA,,NULL,NULL,NULL,NULL,NULL,NULL
theabujatimes.com,Abuja Times,NG,Abuja,NP,GI,ENG,,NULL,NULL,NULL,NULL,NULL,NULL
theadvocatengr.com,Advocate,NG,Enugu,NP,GI,ENG,,NULL,NULL,NULL,NULL,NULL,NULL
thebftonline.com,Business and Financial Times,GH,Accra,NP,BU,ENG,,NULL,NULL,NULL,NULL,NULL,NULL
thechronicle.com.gh,Ghanaian Chronicle,GH,Accra,NP,GI,ENG,,NULL,NULL,NULL,NULL,NULL,NULL
thecitizenng.com,Citizen,NG,Nationwide,IN,GI,ENG,,NULL,NULL,NULL,NULL,NULL,NULL
theeagleonline.com.ng,Eagle Online,NG,Nationwide,IN,GI,ENG,,NULL,NULL,NULL,NULL,NULL,NULL
theglobenewspaper.blogspot.com,Globe Newspaper,ZM,National,IN,GI,ENG,,NULL,NULL,NULL,NULL,NULL,NULL
theheraldghana.com,Herald,GH,Accra,NP,GI,ENG,,NULL,NULL,NULL,NULL,NULL,NULL
theinfrastructurenewsng.com,Infra News,NG,Nationwide,IN,GI,ENG,,NULL,NULL,NULL,NULL,NULL,NULL
theinsider.ug,Insider,UG,National,IN,GI,ENG,,NULL,NULL,NULL,NULL,NULL,NULL
theinvestigatornews.com,Investigator,UG,National,IN,GI,ENG,,NULL,NULL,NULL,NULL,NULL,NULL
thelead.com.ng,Lead,NG,Nationwide,IN,GI,ENG,,NULL,NULL,NULL,NULL,NULL,NULL
theliberiandialogue.org,Liberian Dialogue,LR,Nationwide,IN,GI,ENG,,NULL,NULL,NULL,NULL,NULL,NULL
theliberiantimes.weebly.com,Liberian Times,LR,Nationwide,IN,GI,ENG,,NULL,NULL,NULL,NULL,NULL,NULL
thenationonlineng.net,Nation,NG,Nationwide,NP,GI,ENG,,NULL,NULL,NULL,NULL,NULL,NULL
theneighbourhoodonline.com,Neighbourhood,NG,Port Harcourt,NP,GI,ENG,,NULL,NULL,NULL,NULL,NULL,NULL
thenewcrusadingguideonline.com,New Crusading Guide,GH,Accra,NP,GI,ENG,,NULL,NULL,NULL,NULL,NULL,NULL
thenewrisingsun.net,New Rising Sun,SL,National,IN,GI,ENG,,NULL,NULL,NULL,NULL,NULL,NULL
thenews-chronicle.com,News Chronicle,NG,Nationwide,IN,GI,ENG,,NULL,NULL,NULL,NULL,NULL,NULL
thenewsscript.com,News Script,GH,National,IN,GI,ENG,,NULL,NULL,NULL,NULL,NULL,NULL
thepeoplesvoice.org.zw,People's Voice,ZW,Harare,NP,GI,ENG,,NULL,NULL,NULL,NULL,NULL,NULL
thepoint.gm,Point,GM,National,NP,GI,ENG,,NULL,NULL,NULL,NULL,NULL,NULL
thepointernewsonline.com,Pointer,NG,Asaba,NP,GI,ENG,,NULL,NULL,NULL,NULL,NULL,NULL
therainbow.com.ng,Rainbow,NG,Nationwide,IN,GI,ENG,,NULL,NULL,NULL,NULL,NULL,NULL
thesoutherndaily.co.zw,Southern Daily,ZW,National,IN,GI,ENG,,NULL,NULL,NULL,NULL,NULL,NULL
thesummary.com.ng,Summary,NG,Nationwide,IN,GI,ENG,,NULL,NULL,NULL,NULL,NULL,NULL
theweekendpost.com,Weekend Post,ZA,Port Elizabeth,NP,GI,ENG,,NULL,NULL,NULL,NULL,NULL,NULL
theweeklyadvertiser.com,Weekly Advertiser,KE,Nairobi,NP,SH,ENG,,NULL,NULL,NULL,NULL,NULL,NULL
thewillnigeria.com,Will,NG,Nationwide,IN,GI,ENG,,NULL,NULL,NULL,NULL,NULL,NULL
thezimbabwemail.com,Zimbabwe Mail,ZW,National,IN,GI,ENG,,NULL,NULL,NULL,NULL,NULL,NULL
tig.asmarino.com,Asmarino,ER,Foreign,IN,GI,TIG,,NULL,NULL,NULL,NULL,NULL,NULL
timesmediamw.com,Daily Times,MW,National,NP,GI,ENG,,NULL,NULL,NULL,NULL,NULL,NULL
togozine.com,Togo Zine,TG,Foreign,IN,GI,FRA,,NULL,NULL,NULL,NULL,NULL,NULL
tpa.sapo.ao,Televisao Publica de Angola,AO,National,BC,GI,POR,TV,NULL,NULL,NULL,NULL,NULL,NULL
trends.ng,Trends,NG,Nationwide,IN,GI,ENG,,NULL,NULL,NULL,NULL,NULL,NULL
tv3network.com,TV3,GH,National,BC,GI,ENG,TV,NULL,NULL,NULL,NULL,NULL,NULL
tvt.tg,Television Togolaise,TG,National,BC,GI,FRA,TV,NULL,NULL,NULL,NULL,NULL,NULL
tvwest.co.ug,TV West,UG,Mbarara,BC,GI,RUN,,NULL,NULL,NULL,NULL,NULL,NULL
ubc.ug,UBC,UG,National,BC,GI,ENG,Radio TV,NULL,NULL,NULL,NULL,NULL,NULL
ugandaradionetwork.com,URN,UG,National,NP,GI,ENG,,NULL,NULL,NULL,NULL,NULL,NULL
ukzambians.co.uk,UK Zambians,ZM,National,IN,GI,ENG,,NULL,NULL,NULL,NULL,NULL,NULL
upperniletimes.net,Upper Nile Times,SS,Foreign,IN,GI,ENG,,NULL,NULL,NULL,NULL,NULL,NULL
urhobotoday.com,Urhobo Today,NG,Ughelli,IN,GI,ENG,,NULL,NULL,NULL,NULL,NULL,NULL
vibeghana.com,Vibe Ghana,GH,National,IN,GI,ENG,,NULL,NULL,NULL,NULL,NULL,NULL
victoriafalls24.com,Victoria Falls 24,ZW,Victoria Falls,IN,GI,ENG,,NULL,NULL,NULL,NULL,NULL,NULL
wakteldjazair.com,Waqt El DjazairåÊ,DZ,Alger,NP,GI,ARA,,NULL,NULL,NULL,NULL,NULL,NULL
watchdog.co.ug,Watchdog News,UG,National,IN,GI,ENG,,NULL,NULL,NULL,NULL,NULL,NULL
weekly.ahram.org.eg,Al Ahram Weekly,EG,Cairo,NP,GI,ENG,,NULL,NULL,NULL,NULL,NULL,NULL
wn.com,Ghana News,GH,National,IN,GI,ENG,,NULL,NULL,NULL,NULL,NULL,NULL
worldstagegroup.com,World Stage,NG,Nationwide,IN,GI,ENG,,NULL,NULL,NULL,NULL,NULL,NULL
wpost.co,Warri Post,NG,Warri,IN,GI,ENG,,NULL,NULL,NULL,NULL,NULL,NULL
wsrw.org,Western Sahara Resource Watch,EH,National,IN,GI,DEU,,NULL,NULL,NULL,NULL,NULL,NULL
ww2.radionigeria.gov.ng,Radio Nigeria,NG,Nationwide,BC,GI,ENG,Radio,NULL,NULL,NULL,NULL,NULL,NULL
www.1847post.com,1847 Post,LR,Nationwide,IN,GI,ENG,,NULL,NULL,NULL,NULL,NULL,NULL
www.24haubenin.info,24 Heures au Benin,BJ,National,IN,GI,FRA,,NULL,NULL,NULL,NULL,NULL,NULL
www.24hnewspaper.net,24 Hours,EG,Cairo,NP,GI,ARA,,NULL,NULL,NULL,NULL,NULL,NULL
www.3-mob.com,3 MOB,ZW,National,IN,GI,ENG,,NULL,NULL,NULL,NULL,NULL,NULL
www.5plus.mu,5 Plus Dimanche,MU,Port Louis,NP,GI,FRA,Also ENG,NULL,NULL,NULL,NULL,NULL,NULL
www.702.co.za,702coza,ZA,Johannesburg,BC,GI,ENG,Radio,NULL,NULL,NULL,NULL,NULL,NULL
www.aayaha.net,Waayaha,SO,National,IN,GI,SOM,Also ENG,NULL,NULL,NULL,NULL,NULL,NULL
www.abamako.com,A Bamako,ML,National,IN,GI,FRA,,NULL,NULL,NULL,NULL,NULL,NULL
www.abidjan.net,Abidjan,CI,National,IN,GI,FRA,,NULL,NULL,NULL,NULL,NULL,NULL
www.aboutalgeria.com,About Algeria,DZ,National,IN,GI,ENG,,NULL,NULL,NULL,NULL,NULL,NULL
www.abp.gouv.bj,Agence Benin Presse,BJ,National,PA,GI,FRA,,NULL,NULL,NULL,NULL,NULL,NULL
www.acholitimes.com,Acholi Times,UG,Gulu,NP,GI,ENG,Radio,NULL,NULL,NULL,NULL,NULL,NULL
www.acotonou.com,A Cotonou,BJ,National,IN,GI,FRA,,NULL,NULL,NULL,NULL,NULL,NULL
www.actsa.org,Angola Monitor,AO,National,IN,GI,ENG,Site 1 Also POR,NULL,NULL,NULL,NULL,NULL,NULL
www.actubenin.com,Le Matinal,BJ,National,NP,GI,FRA,,NULL,NULL,NULL,NULL,NULL,NULL
www.actuburkina.com,Actu Burkina,BF,National,IN,GI,FRA,,NULL,NULL,NULL,NULL,NULL,NULL
www.actuel-dz.com,L'Actuel,DZ,National,MG,BU,FRA,,NULL,NULL,NULL,NULL,NULL,NULL
www.actuniger.com,Actu Niger,NE,National,IN,GI,FRA,,NULL,NULL,NULL,NULL,NULL,NULL
www.actusen.com,Actu Sen,SN,Nationwide,IN,GI,FRA,,NULL,NULL,NULL,NULL,NULL,NULL
www.addisadmassnews.com,Addis Admass,ET,National,NP,GI,AMH,,NULL,NULL,NULL,NULL,NULL,NULL
www.adi.dj,ADI,DJ,National,PA,GI,FRA,,NULL,NULL,NULL,NULL,NULL,NULL
www.adiac-congo.com,Agence d'Information d'Afrique,CG,National,PA,GI,FRA,,NULL,NULL,NULL,NULL,NULL,NULL
www.afbis.com,Africa Business Information,NG,Nationwide,IN,BU,ENG,,NULL,NULL,NULL,NULL,NULL,NULL
www.africa21digital.com,Africa 21,AO,National,MG,GI,POR,,NULL,NULL,NULL,NULL,NULL,NULL
www.africaguinee.com,Africa Guinee,GQ,National,IN,GI,FRA,,NULL,NULL,NULL,NULL,NULL,NULL
www.africanewsposts.com,Africa News Post,KE,National,IN,GI,ENG,,NULL,NULL,NULL,NULL,NULL,NULL
www.africanexaminer.com,African Examiner,NG,Nationwide,IN,GI,ENG,,NULL,NULL,NULL,NULL,NULL,NULL
www.africanheraldexpress.com,African Herald Express,NG,Abuja,NP,GI,ENG,,NULL,NULL,NULL,NULL,NULL,NULL
www.africapresse.com,Africa Presse,CM,Nationwide,IN,GI,FRA,,NULL,NULL,NULL,NULL,NULL,NULL
www.africasports.net,Africa Sports,SO,National,IN,SP,ENG,Also SOM,NULL,NULL,NULL,NULL,NULL,NULL
www.africatoday.co.ao,Africa Today,AO,National,MG,GI,POR,,NULL,NULL,NULL,NULL,NULL,NULL
www.afrik53.com,Afrik 53,CI,National,IN,GI,FRA,,NULL,NULL,NULL,NULL,NULL,NULL
www.afrol.com,Afrol Somaliland,SO,Hargeisa,IN,GI,ENG,,NULL,NULL,NULL,NULL,NULL,NULL
www.agpgabon.ga,Agence Gabonaise de Presse,GA,National,PA,GI,FRA,,NULL,NULL,NULL,NULL,NULL,NULL
www.ahdath.info,Al Ahdath Al Maghribia,MA,Casablanca,NP,GI,ARA,,NULL,NULL,NULL,NULL,NULL,NULL
www.ahram.org.eg,Al Ahram,EG,National,NP,GI,ARA,,NULL,NULL,NULL,NULL,NULL,NULL
www.aib.bf,Agence d'Information du Burkina,BF,National,PA,GI,FRA,,NULL,NULL,NULL,NULL,NULL,NULL
www.aip.ci,Agence Ivoirienne de Presse,CI,National,PA,GI,FRA,,NULL,NULL,NULL,NULL,NULL,NULL
www.akaboozi.fm,Akaboozi,UG,Kampala,BC,GI,LUG,Radio Also ENG,NULL,NULL,NULL,NULL,NULL,NULL
www.akhbaralyoumsd.net,Akhbar Al Youm,SD,Khartoum,NP,GI,ARA,,NULL,NULL,NULL,NULL,NULL,NULL
www.akhbarelyoum.dz,Akhbar El Youm,DZ,Alger,NP,GI,ARA,Islam,NULL,NULL,NULL,NULL,NULL,NULL
www.akhbarlibya24.net,Akhbar Libya 24,LY,Nationwide,PA,GI,ARA,,NULL,NULL,NULL,NULL,NULL,NULL
www.akhersaa-dz.com,Akher Saa,DZ,Alger,NP,GI,ARA,,NULL,NULL,NULL,NULL,NULL,NULL
www.akwaibomnewsonline.com,Akwa Ibom News Online,NG,Uyo,IN,GI,ENG,,NULL,NULL,NULL,NULL,NULL,NULL
www.al-fadjr.com,Al Fadjr,DZ,Alger,NP,GI,ARA,,NULL,NULL,NULL,NULL,NULL,NULL
www.al-jarida.net,Al Jarida Al Maghribia,MA,National,IN,GI,ENG,,NULL,NULL,NULL,NULL,NULL,NULL
www.alakhbar.info,Alakhbar,MR,National,PA,GI,ARA,,NULL,NULL,NULL,NULL,NULL,NULL
www.alalam.ma,Al Alam,MA,National,NP,GI,ARA,,NULL,NULL,NULL,NULL,NULL,NULL
www.alaroyeonline.com,Alaroye,NG,Lagos,NP,GI,YOR,,NULL,NULL,NULL,NULL,NULL,NULL
www.alayaam.net,Al Ayaam,SD,National,NP,GI,ARA,,NULL,NULL,NULL,NULL,NULL,NULL
www.albassair.org,Al Bassair,DZ,Alger,NP,RL,ARA,,NULL,NULL,NULL,NULL,NULL,NULL
www.alchourouk.com,Al Chourouk,TN,Tunis,NP,GI,ARA,,NULL,NULL,NULL,NULL,NULL,NULL
www.alenalki.com,Alenalki,ER,National,IN,GI,TIG,Also ENG,NULL,NULL,NULL,NULL,NULL,NULL
www.alfa.cv,Alfa Comunicacoes,CV,Nationwide,IN,GI,POR,,NULL,NULL,NULL,NULL,NULL,NULL
www.alger-info.com,Alger Info,DZ,Alger,IN,GI,FRA,,NULL,NULL,NULL,NULL,NULL,NULL
www.alger-republicain.com,Alger Republicain,DZ,National,IN,GI,FRA,,NULL,NULL,NULL,NULL,NULL,NULL
www.algerep.com,Alger Republicain,DZ,National,IN,GI,ARA,,NULL,NULL,NULL,NULL,NULL,NULL
www.algeria-newspapers.com,Algeria Newspapers,DZ,National,IN,GI,ENG,,NULL,NULL,NULL,NULL,NULL,NULL
www.algeria-watch.org,Algeria Watch,DZ,National,IN,GI,ENG,,NULL,NULL,NULL,NULL,NULL,NULL
www.algeriabusinessinfo.com,Algeria Business Info,DZ,National,IN,BU,ARA,,NULL,NULL,NULL,NULL,NULL,NULL
www.algeriatimes.net,Algeria Times,DZ,National,IN,GI,ARA,Site 1,NULL,NULL,NULL,NULL,NULL,NULL
www.algerie-focus.com,Algerie Focus,DZ,National,IN,GI,FRA,,NULL,NULL,NULL,NULL,NULL,NULL
www.algerie1.com,Algerie 1,DZ,National,IN,GI,FRA,,NULL,NULL,NULL,NULL,NULL,NULL
www.algerie360.com,Algerie 360,DZ,National,IN,GI,FRA,,NULL,NULL,NULL,NULL,NULL,NULL
www.algerieconfluences.com,Algerie Confluences,DZ,Alger,NP,GI,FRA,,NULL,NULL,NULL,NULL,NULL,NULL
www.algeriepatriotique.com,Algerie Patriotique,DZ,National,IN,GI,FRA,,NULL,NULL,NULL,NULL,NULL,NULL
www.algomhuria.net.eg,Al Gomhuria,EG,National,NP,GI,ARA,,NULL,NULL,NULL,NULL,NULL,NULL
www.allghananews.com,All Ghana News,GH,National,IN,GI,ENG,,NULL,NULL,NULL,NULL,NULL,NULL
www.allnigeriasoccer.com,All Nigeria Soccer,NG,Nationwide,IN,SP,ENG,,NULL,NULL,NULL,NULL,NULL,NULL
www.allpuntland.com,All Puntland,SO,Garowe,IN,GI,SOM,,NULL,NULL,NULL,NULL,NULL,NULL
www.allsomali.com,All Somali,SO,Foreign,IN,GI,SOM,Also ENG,NULL,NULL,NULL,NULL,NULL,NULL
www.almaghribia.ma,Assahra Al Maghribia,MA,Casablanca,NP,GI,ARA,,NULL,NULL,NULL,NULL,NULL,NULL
www.almasryalyoum.com,Al Masry Al Youm,EG,Cairo,NP,GI,ARA,,NULL,NULL,NULL,NULL,NULL,NULL
www.almassaepress.com,Al Massae,MA,National,NP,GI,ARA,,NULL,NULL,NULL,NULL,NULL,NULL
www.almessa.net.eg,Al Messa,EG,National,NP,GI,ARA,,NULL,NULL,NULL,NULL,NULL,NULL
www.almizan.info,Al Mizan,NG,Kaduna,NP,GI,HAU,Radio,NULL,NULL,NULL,NULL,NULL,NULL
www.almshaheer.com,Al Mshaheer,SD,Khartoum,NP,GI,ARA,,NULL,NULL,NULL,NULL,NULL,NULL
www.alome.com,A Lome,TG,National,IN,GI,FRA,,NULL,NULL,NULL,NULL,NULL,NULL
www.alqarn.dj,Al Qarn,DJ,National,NP,GI,ARA,,NULL,NULL,NULL,NULL,NULL,NULL
www.alrakoba.net,Al Rakoba,SD,National,IN,GI,ARA,,NULL,NULL,NULL,NULL,NULL,NULL
www.alsahafa.info,Al Sahafa,SD,Khartoum,NP,GI,ARA,,NULL,NULL,NULL,NULL,NULL,NULL
www.alsudani.net,Al Sudani,SD,Khartoum,NP,GI,ARA,,NULL,NULL,NULL,NULL,NULL,NULL
www.alwafd.org,Al Wafd,EG,National,NP,GI,ARA,,NULL,NULL,NULL,NULL,NULL,NULL
www.alwaslonline.com,Al Wasl,DZ,Oran,NP,GI,ARA,,NULL,NULL,NULL,NULL,NULL,NULL
www.alwatanalarabi.com,Al Watan Al Arabi,EG,National,MG,GI,ARA,,NULL,NULL,NULL,NULL,NULL,NULL
www.alwatwan.net,Al Watwan,KM,Nationwide,NP,GI,FRA,,NULL,NULL,NULL,NULL,NULL,NULL
www.alwihdainfo.com,Al Wihda,TD,Nationwide,IN,GI,FRA,,NULL,NULL,NULL,NULL,NULL,NULL
www.amalawi.info,Amalawi,MW,National,IN,GI,ENG,,NULL,NULL,NULL,NULL,NULL,NULL
www.ami.mr,Chaab,MR,National,NP,GI,ARA,,NULL,NULL,NULL,NULL,NULL,NULL
www.angola24.net,Angola 24,AO,National,IN,GI,POR,,NULL,NULL,NULL,NULL,NULL,NULL
www.angola24horas.com,Angola 24 Horas,AO,National,IN,GI,POR,,NULL,NULL,NULL,NULL,NULL,NULL
www.angolaglobal.net,Angola Global,AO,National,IN,GI,POR,,NULL,NULL,NULL,NULL,NULL,NULL
www.angolamonitor.co.ao,Angola Monitor,AO,National,IN,GI,ENG,Site 2,NULL,NULL,NULL,NULL,NULL,NULL
www.angonoticias.com,Ango Noticias,AO,National,IN,GI,POR,,NULL,NULL,NULL,NULL,NULL,NULL
www.ann7.com,ANN7,ZA,National,BC,GI,ENG,TV,NULL,NULL,NULL,NULL,NULL,NULL
www.annabacity.net,Annaba City,DZ,Annaba,IN,GI,FRA,,NULL,NULL,NULL,NULL,NULL,NULL
www.annasronline.com,An Nasr,DZ,Constantine,NP,GI,ARA,,NULL,NULL,NULL,NULL,NULL,NULL
www.antennereunion.fr,Antenne Reunion,RE,National,BC,GI,FRA,TV,NULL,NULL,NULL,NULL,NULL,NULL
www.aouaga.com,A Ouaga,BF,National,IN,GI,FRA,,NULL,NULL,NULL,NULL,NULL,NULL
www.apctimes.com,All Peoples Communication,SL,National,IN,GI,ENG,,NULL,NULL,NULL,NULL,NULL,NULL
www.aproko247.com,Aproko 247,NG,Nationwide,IN,GI,ENG,,NULL,NULL,NULL,NULL,NULL,NULL
www.aps.dz,Algerie Presse Service,DZ,National,PA,GI,ARA,,NULL,NULL,NULL,NULL,NULL,NULL
www.aps.sn,Agence de Presse Senegalaise,SN,Nationwide,PA,GI,FRA,,NULL,NULL,NULL,NULL,NULL,NULL
www.arenebi.com,Arenebi,SN,Nationwide,IN,GI,FRA,,NULL,NULL,NULL,NULL,NULL,NULL
www.arewaonline-ng.com,Arewa Online,NG,Nationwide,IN,GI,ENG,Covers Northern,NULL,NULL,NULL,NULL,NULL,NULL
www.arib.info,ARIB,BI,Nationwide,IN,GI,FRA,,NULL,NULL,NULL,NULL,NULL,NULL
www.arushatimes.co.tz,Arusha Times,TZ,Arusha,NP,GI,ENG,,NULL,NULL,NULL,NULL,NULL,NULL
www.ascension-island.gov.ac,Ascension Island,SH,Georgetown,IN,GO,ENG,,NULL,NULL,NULL,NULL,NULL,NULL
www.asdae.com,Asdae,MA,Rabat,NP,GI,ARA,,NULL,NULL,NULL,NULL,NULL,NULL
www.asmarino.com,Asmarino,ER,Foreign,IN,GI,ENG,,NULL,NULL,NULL,NULL,NULL,NULL
www.assabah.com.tn,Assabah,TN,National,NP,GI,ARA,,NULL,NULL,NULL,NULL,NULL,NULL
www.assabah.press.ma,Assabah,MA,National,NP,GI,ARA,,NULL,NULL,NULL,NULL,NULL,NULL
www.atoo.ci,Atoo,CI,National,IN,GI,FRA,,NULL,NULL,NULL,NULL,NULL,NULL
www.attounissia.com.tn,Attounissia,TN,Tunis,NP,GI,ARA,,NULL,NULL,NULL,NULL,NULL,NULL
www.au-senegal.com,Au Senegal,SN,Nationwide,IN,GI,FRA,,NULL,NULL,NULL,NULL,NULL,NULL
www.aufait.ma,Au Fait,MA,Casablanca,NP,GI,FRA,,NULL,NULL,NULL,NULL,NULL,NULL
www.aujourdhui-en-guinee.com,Aujourd'hui en Guinee,GQ,National,IN,GI,FRA,,NULL,NULL,NULL,NULL,NULL,NULL
www.aujourdhui.ma,Aujourd'hui Le Maroc,MA,Casablanca,NP,GI,FRA,,NULL,NULL,NULL,NULL,NULL,NULL
www.autrequotidien.com,L'Autre Quotidien,BJ,Cotonou,NP,GI,FRA,,NULL,NULL,NULL,NULL,NULL,NULL
www.awrambatimes.com,Awramba Times,ET,Foreign,IN,GI,ENG,,NULL,NULL,NULL,NULL,NULL,NULL
www.az.com.na,Allgemeine Zeitung,NA,Windhoek,NP,GI,DEU,,NULL,NULL,NULL,NULL,NULL,NULL
www.b-metro.co.zw,B Metro,ZW,Bulawayo,NP,GI,ENG,Radio,NULL,NULL,NULL,NULL,NULL,NULL
www.babnet.net,Babnet Tunisie,TN,National,IN,GI,FRA,Also ARA,NULL,NULL,NULL,NULL,NULL,NULL
www.bakhitaradio.org,Radio Bakhita,SS,National,BC,GI,ENG,Radio,NULL,NULL,NULL,NULL,NULL,NULL
www.ballito-fever.co.za,Ballito Fever,ZA,Ballito,NP,GI,ENG,,NULL,NULL,NULL,NULL,NULL,NULL
www.ballitonews.co.za,Ballito News,ZA,Ballito,IN,GI,ENG,,NULL,NULL,NULL,NULL,NULL,NULL
www.banadir.com,Banadir,SO,Foreign,IN,GI,ENG,Also SOM,NULL,NULL,NULL,NULL,NULL,NULL
www.banjulfocus.com,Banjul Focus,GM,Foreign,IN,GI,ENG,,NULL,NULL,NULL,NULL,NULL,NULL
www.bdlive.co.za,Business Day,ZA,Johannesburg,NP,BU,ENG,,NULL,NULL,NULL,NULL,NULL,NULL
www.beeld.com,Beeld,ZA,Johannesburg,NP,GI,AFR,,NULL,NULL,NULL,NULL,NULL,NULL
www.bejaiainfo.com,Bejaia Info,DZ,Bejaia,IN,GI,FRA,,NULL,NULL,NULL,NULL,NULL,NULL
www.bellanaija.com,Bella Naija,NG,Nationwide,IN,EN,ENG,,NULL,NULL,NULL,NULL,NULL,NULL
www.benin24tv.com,Benin 24 TV,BJ,National,BC,GI,FRA,Radio TV,NULL,NULL,NULL,NULL,NULL,NULL
www.benininfo.com,Benin Info,BJ,National,IN,GI,FRA,,NULL,NULL,NULL,NULL,NULL,NULL
www.bh24.co.zw,BH24,ZW,National,IN,BU,ENG,,NULL,NULL,NULL,NULL,NULL,NULL
www.bignigeria.com,Big Nigeria,NG,Nationwide,IN,GI,ENG,,NULL,NULL,NULL,NULL,NULL,NULL
www.bissaudigital.com,Bissau Digital,GW,National,IN,GI,POR,,NULL,NULL,NULL,NULL,NULL,NULL
www.bizday.co.zw,Biz Day,ZW,National,IN,BU,ENG,,NULL,NULL,NULL,NULL,NULL,NULL
www.blida-aps.dz,Blida APS,DZ,Blida,PA,GI,ARA,,NULL,NULL,NULL,NULL,NULL,NULL
www.blueprint.ng,Blueprint,NG,Abuja,NP,GI,ENG,,NULL,NULL,NULL,NULL,NULL,NULL
www.bonaberi.com,Bonaberi,CM,Nationwide,IN,GI,FRA,,NULL,NULL,NULL,NULL,NULL,NULL
www.bonesha.bi,Bonesha FM,BI,Nationwide,BC,GI,FRA,Radio,NULL,NULL,NULL,NULL,NULL,NULL
www.bordj.info,Bord Bou Arreridj Info,DZ,Bordj Bou Arreridj,IN,GI,FRA,,NULL,NULL,NULL,NULL,NULL,NULL
www.bordj.net,Bord Bou Arreridj Info,DZ,Bordj Bou Arreridj,IN,GI,ARA,,NULL,NULL,NULL,NULL,NULL,NULL
www.botswanaguardian.co.bw,Botswana Guardian,BW,Gaborone,NP,GI,ENG,,NULL,NULL,NULL,NULL,NULL,NULL
www.bravanews.com,Brava News,CV,Vila Nova Sintra,IN,GI,POR,,NULL,NULL,NULL,NULL,NULL,NULL
www.breede.com,Standard,ZA,Worcester,NP,GI,AFR,Also ENG,NULL,NULL,NULL,NULL,NULL,NULL
www.brnieq.com,Brnieq,LY,Benghazi,NP,GI,ARA,,NULL,NULL,NULL,NULL,NULL,NULL
www.bugandawatch.com,Buganda Watch,UG,National,IN,GI,ENG,,NULL,NULL,NULL,NULL,NULL,NULL
www.bujumbura.be,Agence Bujumbura News,BI,Nationwide,PA,GI,FRA,,NULL,NULL,NULL,NULL,NULL,NULL
www.bukedde.co.ug,Bukedde,UG,Kampala,NP,GI,LUG,,NULL,NULL,NULL,NULL,NULL,NULL
www.burkina24.com,Burkina 24,BF,National,IN,GI,FRA,,NULL,NULL,NULL,NULL,NULL,NULL
www.burundi-info.com,Burundi Information,BI,Nationwide,IN,GI,FRA,,NULL,NULL,NULL,NULL,NULL,NULL
www.burundi-sites.com,Burundi Sites,BI,Nationwide,IN,GI,FRA,,NULL,NULL,NULL,NULL,NULL,NULL
www.burundi.gov.bi,Gouvernement du Burundi,BI,Nationwide,IN,GO,FRA,,NULL,NULL,NULL,NULL,NULL,NULL
www.burundirealite.org,Burundi Realites,BI,Nationwide,IN,GI,ENG,,NULL,NULL,NULL,NULL,NULL,NULL
www.bushchicken.com,Bush Chicken,LR,Nationwide,IN,GI,ENG,,NULL,NULL,NULL,NULL,NULL,NULL
www.business-et-finances.com,Business et Finances,CD,Kinshasa,NP,BU,FRA,,NULL,NULL,NULL,NULL,NULL,NULL
www.businessdaily.co.zw,Business Daily,ZW,National,IN,BU,ENG,,NULL,NULL,NULL,NULL,NULL,NULL
www.businessdailyafrica.com,Business Daily,KE,Nairobi,NP,BU,ENG,Radio,NULL,NULL,NULL,NULL,NULL,NULL
www.businessdaytv.co.za,Business Day TV,ZA,National,BC,GI,ENG,TV,NULL,NULL,NULL,NULL,NULL,NULL
www.businessghana.com,Business Ghana,GH,National,BU,GI,ENG,,NULL,NULL,NULL,NULL,NULL,NULL
www.businesstimes.co.tz,Business Times,TZ,Dar es Salaam,NP,BU,ENG,,NULL,NULL,NULL,NULL,NULL,NULL
www.businesstodayegypt.com,Business Today Egypt,EG,Cairo,NP,BU,ENG,,NULL,NULL,NULL,NULL,NULL,NULL
www.businessweekly.co.bw,Business Weekly and Review,BW,Gaborone,NP,BU,ENG,,NULL,NULL,NULL,NULL,NULL,NULL
www.busiweek.com,East African Business Week,UG,Kampala,NP,BU,ENG,,NULL,NULL,NULL,NULL,NULL,NULL
www.cabindanation.net,Cabinda Nation Press,AO,Cabinda,IN,GI,POR,A,NULL,NULL,NULL,NULL,NULL,NULL
www.cabodiario.com,Cabo Diario,CV,Nationwide,IN,GI,POR,,NULL,NULL,NULL,NULL,NULL,NULL
www.caboverdeonline.com,Cabo Verde Online,CV,Nationwide,IN,GI,ENG,,NULL,NULL,NULL,NULL,NULL,NULL
www.cairolive.com,Cairo Live,EG,Cairo,IN,GI,ENG,,NULL,NULL,NULL,NULL,NULL,NULL
www.cairotimes.com,Cairo Times,EG,Cairo,NP,GI,ENG,,NULL,NULL,NULL,NULL,NULL,NULL
www.camer.be,Camer,CM,Nationwide,IN,GI,FRA,,NULL,NULL,NULL,NULL,NULL,NULL
www.cameroon-info.net,Cameroon Info,CM,Nationwide,IN,GI,FRA,,NULL,NULL,NULL,NULL,NULL,NULL
www.cameroon-tribune.cm,Cameroon Tribune,CM,Nationwide,NP,GI,FRA,Also ENG,NULL,NULL,NULL,NULL,NULL,NULL
www.cameroononline.org,Cameroon Online,CM,Nationwide,IN,GI,ENG,Also FRA,NULL,NULL,NULL,NULL,NULL,NULL
www.cameroonpostline.com,Cameroon Post,CM,Buea,NP,GI,ENG,,NULL,NULL,NULL,NULL,NULL,NULL
www.cameroonweb.com,Cameroon Web,CM,Nationwide,IN,GI,ENG,,NULL,NULL,NULL,NULL,NULL,NULL
www.cameroun-online.com,Cameroun Online,CM,Nationwide,IN,GI,FRA,,NULL,NULL,NULL,NULL,NULL,NULL
www.cameroun24.net,Cameroun 24,CM,Nationwide,IN,GI,FRA,,NULL,NULL,NULL,NULL,NULL,NULL
www.camerounactu.net,Cameroun Actu,CM,Nationwide,IN,GI,FRA,,NULL,NULL,NULL,NULL,NULL,NULL
www.camerounlink.net,Cameroun Link,CM,Nationwide,IN,GI,FRA,,NULL,NULL,NULL,NULL,NULL,NULL
www.camerpost.com,Camer Post,CM,Nationwide,IN,GI,FRA,,NULL,NULL,NULL,NULL,NULL,NULL
www.camnews24.com,Cam News 24,CM,Nationwide,IN,GI,FRA,,NULL,NULL,NULL,NULL,NULL,NULL
www.canalmoz.com,Canal de Mocambique,MZ,National,IN,GI,POR,,NULL,NULL,NULL,NULL,NULL,NULL
www.capetalk.co.za,Cape Talk,ZA,Cape Town,BC,GI,ENG,Radio,NULL,NULL,NULL,NULL,NULL,NULL
www.capitaleritrea.com,Capital Eritrea,ER,Foreign,IN,GI,ENG,,NULL,NULL,NULL,NULL,NULL,NULL
www.capitalethiopia.com,Capital,ET,Addis Ababa,NP,BU,ENG,,NULL,NULL,NULL,NULL,NULL,NULL
www.capitalfm.co.ke,Capital FM,KE,Nairobi,BC,GI,ENG,,NULL,NULL,NULL,NULL,NULL,NULL
www.capitalradiomalawi.com,Capital FM,MW,Blantyre,BC,GI,ENG,Radio,NULL,NULL,NULL,NULL,NULL,NULL
www.carletonvilleherald.com,Carletonville Fochville Herald,ZA,Carletonville,NP,GI,AFR,Also ENG,NULL,NULL,NULL,NULL,NULL,NULL
www.carrefourdalgerie.com,Le Carrefour d'Algerie,DZ,Oran,NP,GI,FRA,,NULL,NULL,NULL,NULL,NULL,NULL
www.cbc-eg.com,CBC,EG,National,BC,GI,ARA,TV,NULL,NULL,NULL,NULL,NULL,NULL
www.cbn.co.za,Cape Business News,ZA,Cape Town,NP,BU,ENG,,NULL,NULL,NULL,NULL,NULL,NULL
www.ceelqaboobe.com,Ceel Qaboobe,SO,Foreign,IN,GI,SOM,,NULL,NULL,NULL,NULL,NULL,NULL
www.cefib.com,CEFIB,ML,National,IN,GI,FRA,,NULL,NULL,NULL,NULL,NULL,NULL
www.centrafrique-presse.info,Centrafrique Presse Info,CF,Nationwide,IN,GI,FRA,,NULL,NULL,NULL,NULL,NULL,NULL
www.centrafriquelibre.info,Centrafrique Libre,CF,Nationwide,IN,GI,FRA,,NULL,NULL,NULL,NULL,NULL,NULL
www.channelafrica.co.za,Channel Africa,ZA,National,BC,GI,ENG,Radio,NULL,NULL,NULL,NULL,NULL,NULL
www.channelstv.com,Channels TV,NG,Nationwide,BC,GI,ENG,TV,NULL,NULL,NULL,NULL,NULL,NULL
www.channelzim.net,Channel Zim,ZW,National,BC,GI,ENG,Radio,NULL,NULL,NULL,NULL,NULL,NULL
www.chikuniradiozm.org,Radio Chikuni,ZM,Chikuni Mission,BC,GI,ENG,Radio,NULL,NULL,NULL,NULL,NULL,NULL
www.chimpreports.com,Chimp Reports,UG,National,IN,GI,ENG,,NULL,NULL,NULL,NULL,NULL,NULL
www.chronicle.co.zw,Chronicle,ZW,Bulawayo,NP,GI,ENG,,NULL,NULL,NULL,NULL,NULL,NULL
www.citifmonline.com,Citi FM,GH,Accra,BC,GI,ENG,Radio,NULL,NULL,NULL,NULL,NULL,NULL
www.citizentv.co.ke,Citizen TV,KE,National,BC,GI,ENG,TV,NULL,NULL,NULL,NULL,NULL,NULL
www.citypress.co.za,City Press,ZA,National,NP,GI,ENG,,NULL,NULL,NULL,NULL,NULL,NULL
www.cknnigeria.com,CKN Nigeria,NG,Nationwide,IN,GI,ENG,,NULL,NULL,NULL,NULL,NULL,NULL
www.clicanoo.re,Le Journal de L'Ile,RE,National,NP,GI,FRA,,NULL,NULL,NULL,NULL,NULL,NULL
www.club-k.net,Club K,AO,National,IN,GI,POR,,NULL,NULL,NULL,NULL,NULL,NULL
www.coastweek.com,Coastweek,KE,Mombasa,NP,GI,ENG,,NULL,NULL,NULL,NULL,NULL,NULL
www.comores-actualites.com,Comores Actualites,KM,Nationwide,IN,GI,FRA,,NULL,NULL,NULL,NULL,NULL,NULL
www.comores-infos.net,Comores Infos,KM,Nationwide,IN,GI,FRA,,NULL,NULL,NULL,NULL,NULL,NULL
www.comores-web.com,Comores Web,KM,Nationwide,IN,GI,FRA,,NULL,NULL,NULL,NULL,NULL,NULL
www.comoresonline.net,Comores Online,KM,Nationwide,IN,GI,FRA,,NULL,NULL,NULL,NULL,NULL,NULL
www.competition.dz,Competition,DZ,Alger,NP,SP,FRA,,NULL,NULL,NULL,NULL,NULL,NULL
www.conakryonline.com,Conakry Online,GQ,National,IN,GI,FRA,,NULL,NULL,NULL,NULL,NULL,NULL
www.confidente.com.na,Confidente,NA,Windhoek,NP,GI,ENG,,NULL,NULL,NULL,NULL,NULL,NULL
www.congo-site.com,Congo Site,CG,Foreign,IN,GI,FRA,,NULL,NULL,NULL,NULL,NULL,NULL
www.congo24.net,Congo 24,CD,National,IN,GI,FRA,,NULL,NULL,NULL,NULL,NULL,NULL
www.congoindependant.com,Congo Independant,CD,Foreign,IN,GI,ENG,,NULL,NULL,NULL,NULL,NULL,NULL
www.congojet.com,Congo Jet,CD,National,IN,GI,FRA,,NULL,NULL,NULL,NULL,NULL,NULL
www.congolais.fr,Congolais,CD,Foreign,IN,GI,FRA,,NULL,NULL,NULL,NULL,NULL,NULL
www.congonline.com,Congonline,CD,Foreign,IN,GI,FRA,,NULL,NULL,NULL,NULL,NULL,NULL
www.congopage.com,Congo Page,CG,Foreign,IN,GI,FRA,,NULL,NULL,NULL,NULL,NULL,NULL
www.congoplanet.com,Congo Planet,CD,Foreign,IN,GI,ENG,,NULL,NULL,NULL,NULL,NULL,NULL
www.congoplanete.com,Congo Planete,CD,Foreign,IN,GI,FRA,,NULL,NULL,NULL,NULL,NULL,NULL
www.congotribune.com,Congo Tribune,CD,Foreign,IN,GI,FRA,,NULL,NULL,NULL,NULL,NULL,NULL
www.congovision.com,Congo Vision,CD,Foreign,IN,GI,FRA,,NULL,NULL,NULL,NULL,NULL,NULL
www.connectionivoirienne.net,Connection Ivoirienne,CI,National,IN,GI,FRA,,NULL,NULL,NULL,NULL,NULL,NULL
www.constantine-aps.dz,Constantine APS,DZ,Constantine,PA,GI,ARA,,NULL,NULL,NULL,NULL,NULL,NULL
www.corcas.com,Corcas,EH,National,IN,GI,ARA,,NULL,NULL,NULL,NULL,NULL,NULL
www.cote-d-ivoire.info,Cote d Ivoire,CI,National,IN,GI,FRA,,NULL,NULL,NULL,NULL,NULL,NULL
www.cote-d-ivoire.net,Cote d'Ivoire,CI,National,IN,GI,FRA,,NULL,NULL,NULL,NULL,NULL,NULL
www.cottontreenews.org,Cotton Tree,SL,Freetown,BC,GI,ENG,Radio,NULL,NULL,NULL,NULL,NULL,NULL
www.courriercasablanca.com,Le Courrier de Casablanca,MA,Casablanca,IN,GI,FRA,,NULL,NULL,NULL,NULL,NULL,NULL
www.courrierconfidentiel.net,Courrier Confidentiel,BF,Ouagadougou,NP,GI,FRA,Radio,NULL,NULL,NULL,NULL,NULL,NULL
www.cridem.org,Cridem,MR,Foreign,IN,GI,FRA,,NULL,NULL,NULL,NULL,NULL,NULL
www.critiqueecho.com,Critique Echo Newspaper,SL,National,IN,GI,ENG,,NULL,NULL,NULL,NULL,NULL,NULL
www.cxpress.co.za,CXpress,ZA,Plettenberg Bay,NP,GI,ENG,,NULL,NULL,NULL,NULL,NULL,NULL
www.cyberethiopia.com,Cyber Ethiopia,ET,Foreign,IN,GI,ENG,Also AMH,NULL,NULL,NULL,NULL,NULL,NULL
www.dac-presse.com,DAC,CG,Foreign,IN,GI,FRA,,NULL,NULL,NULL,NULL,NULL,NULL
www.daily-mail.co.zm,Zambia Daily Mail,ZM,National,NP,GI,ENG,,NULL,NULL,NULL,NULL,NULL,NULL
www.dailyguideghana.com,Daily Guide,GH,Accra,NP,GI,ENG,,NULL,NULL,NULL,NULL,NULL,NULL
www.dailyheritageonline.com,Daily Heritage,GH,Accra,NP,GI,ENG,,NULL,NULL,NULL,NULL,NULL,NULL
www.dailymaverick.co.za,Daily Maverick,ZA,National,IN,GI,ENG,,NULL,NULL,NULL,NULL,NULL,NULL
www.dailynation.news,Daily Nation,ZM,National,NP,GI,ENG,,NULL,NULL,NULL,NULL,NULL,NULL
www.dailynews.co.tz,Daily News,TZ,Dar es Salaam,NP,GI,ENG,,NULL,NULL,NULL,NULL,NULL,NULL
www.dailynews.co.zw,Daily News,ZW,National,NP,GI,ENG,,NULL,NULL,NULL,NULL,NULL,NULL
www.dailynews.gov.bw,Daily News,BW,Nationwide,NP,GI,ENG,,NULL,NULL,NULL,NULL,NULL,NULL
www.dailynewsegypt.com,Daily News Egypt,EG,Cairo,NP,GI,ENG,,NULL,NULL,NULL,NULL,NULL,NULL
www.dailytimes.com.ng,Daily Times,NG,Lagos,NP,GI,ENG,,NULL,NULL,NULL,NULL,NULL,NULL
www.dailytrust.com.ng,Daily Trust,NG,Nationwide,NP,GI,ENG,,NULL,NULL,NULL,NULL,NULL,NULL
www.dakar-info.com,Dakar Info,SN,Nationwide,IN,GI,FRA,,NULL,NULL,NULL,NULL,NULL,NULL
www.dakaractu.com,Dakar Actu,SN,Nationwide,IN,GI,FRA,,NULL,NULL,NULL,NULL,NULL,NULL
www.deboutcongolais.info,Debout Congolais,CD,National,IN,GI,FRA,,NULL,NULL,NULL,NULL,NULL,NULL
www.defimedia.info,Defi Media,MU,National,IN,GI,FRA,Also ENG,NULL,NULL,NULL,NULL,NULL,NULL
www.dehai.org,Dehai,ER,Foreign,IN,GI,ENG,,NULL,NULL,NULL,NULL,NULL,NULL
www.depechedekabylie.com,La Depeche de Kabylie,DZ,Tizi Ouzou,NP,GI,FRA,,NULL,NULL,NULL,NULL,NULL,NULL
www.derbypresse.dz,Derby,DZ,Alger,NP,SP,FRA,,NULL,NULL,NULL,NULL,NULL,NULL
www.devoircitoyen.fr,Devoir Citoyen,SN,Nationwide,IN,GI,FRA,,NULL,NULL,NULL,NULL,NULL,NULL
www.dieburger.com,Die Burger,ZA,Cape Town,NP,GI,AFR,,NULL,NULL,NULL,NULL,NULL,NULL
www.digitalcongo.net,Digital Congo,CD,National,IN,GI,FRA,,NULL,NULL,NULL,NULL,NULL,NULL
www.direct.cd,Direct,CD,National,IN,GI,FRA,,NULL,NULL,NULL,NULL,NULL,NULL
www.dispatchlive.co.za,Dispatch,ZA,East London,NP,GI,ENG,,NULL,NULL,NULL,NULL,NULL,NULL
www.districtmail.com,District Mail,ZA,Helderberg,NP,GI,ENG,Also AFR,NULL,NULL,NULL,NULL,NULL,NULL
www.djazairess.com,Djazairess,DZ,National,IN,GI,ARA,,NULL,NULL,NULL,NULL,NULL,NULL
www.djelfa.info,Djelfa,DZ,Djelfa,IN,GI,ARA,,NULL,NULL,NULL,NULL,NULL,NULL
www.djibnet.com,Djib Net,DJ,Foreign,IN,GI,ENG,Also ENG SOM,NULL,NULL,NULL,NULL,NULL,NULL
www.dknews-dz.com,DK News,DZ,Alger,NP,GI,FRA,,NULL,NULL,NULL,NULL,NULL,NULL
www.dmd.mg,DMD,MG,National,MG,GI,FRA,,NULL,NULL,NULL,NULL,NULL,NULL
www.dostor.org,Al Dostor,EG,Cairo,NP,GI,ARA,,NULL,NULL,NULL,NULL,NULL,NULL
www.durbannews.co.za,Durban News,ZA,Durban,IN,GI,ENG,,NULL,NULL,NULL,NULL,NULL,NULL
www.dzfoot.com,DZ Foot,DZ,National,IN,SP,FRA,,NULL,NULL,NULL,NULL,NULL,NULL
www.e-nigeriang.com,E Nigeria,NG,Nationwide,IN,GI,ENG,,NULL,NULL,NULL,NULL,NULL,NULL
www.eastlondonexpress.co.za,East London Express,ZA,East London,NP,GI,ENG,Also AFR,NULL,NULL,NULL,NULL,NULL,NULL
www.ech-chaab.com,Ech Chaab,DZ,National,NP,GI,ARA,,NULL,NULL,NULL,NULL,NULL,NULL
www.echo-doran.com,L'Echo d'Oran,DZ,Oran,NP,GI,FRA,,NULL,NULL,NULL,NULL,NULL,NULL
www.echo.co.bw,Echo,BW,Gaborone,NP,GI,ENG,,NULL,NULL,NULL,NULL,NULL,NULL
www.echoroukonline.com,Ech Chorouk El Youmi,DZ,National,NP,GI,ARA,,NULL,NULL,NULL,NULL,NULL,NULL
www.economist.com.na,Namibia Economist,NA,Windhoek,NP,BU,ENG,,NULL,NULL,NULL,NULL,NULL,NULL
www.ecr.co.za,East Coast Radio,ZA,Durban,BC,GI,ENG,Radio,NULL,NULL,NULL,NULL,NULL,NULL
www.edenexpress.co.za,Eden Express,ZA,George,NP,GI,ENG,Also AFR,NULL,NULL,NULL,NULL,NULL,NULL
www.edgecommunitynews.com,Edge,ZA,Sedgefield,NP,GI,ENG,,NULL,NULL,NULL,NULL,NULL,NULL
www.editogo.tg,Togo Presse,TG,National,NP,GI,FRA,,NULL,NULL,NULL,NULL,NULL,NULL
www.editorialnigeria.com,Editorial Nigeria,NG,Nationwide,IN,GI,ENG,,NULL,NULL,NULL,NULL,NULL,NULL
www.edoworld.net,Edo World,NG,Benin City,IN,GI,ENG,Radio TV,NULL,NULL,NULL,NULL,NULL,NULL
www.egynews.net,Egyptian Radio and Television,EG,National,BC,GI,ARA,Radio TV,NULL,NULL,NULL,NULL,NULL,NULL
www.egypt-elections.com,Egypt Elections,EG,Foreign,IN,GI,ARA,,NULL,NULL,NULL,NULL,NULL,NULL
www.egyptindependent.com,Egypt Independent,EG,National,IN,GI,ENG,,NULL,NULL,NULL,NULL,NULL,NULL
www.eikestadnuus.co.za,Eikestad Nuus,ZA,Stellenbosch,NP,GI,AFR,,NULL,NULL,NULL,NULL,NULL,NULL
www.el-hakaek.com,El Hakaek,DZ,Alger,NP,GI,ARA,,NULL,NULL,NULL,NULL,NULL,NULL
www.el-massa.com,El Massa,DZ,Alger,NP,GI,ARA,,NULL,NULL,NULL,NULL,NULL,NULL
www.elacil.com,El Acil,DZ,Constantine,NP,GI,FRA,,NULL,NULL,NULL,NULL,NULL,NULL
www.elahdath.net,El Ahdath,DZ,Alger,NP,GI,ARA,,NULL,NULL,NULL,NULL,NULL,NULL
www.elbilad.net,El Bilad,DZ,Alger,NP,GI,ARA,,NULL,NULL,NULL,NULL,NULL,NULL
www.elconfidencialsaharaui.com,El Confidencial Saharaui,EH,National,IN,GI,SPA,,NULL,NULL,NULL,NULL,NULL,NULL
www.eldjazaircom.dz,El Djazair,DZ,National,MG,GI,FRA,,NULL,NULL,NULL,NULL,NULL,NULL
www.eldjoumhouria.dz,El Djoumhouria,DZ,Oran,NP,GI,ARA,,NULL,NULL,NULL,NULL,NULL,NULL
www.elgoual.com,El Goual,DZ,National,IN,GI,FRA,,NULL,NULL,NULL,NULL,NULL,NULL
www.elheddaf.com,El Heddaf,DZ,Alger,NP,SP,ARA,,NULL,NULL,NULL,NULL,NULL,NULL
www.eljadida.com,El Jadida,MA,El Jadida,IN,GI,FRA,,NULL,NULL,NULL,NULL,NULL,NULL
www.elkhabar.com,El Khabar,DZ,National,NP,GI,ARA,,NULL,NULL,NULL,NULL,NULL,NULL
www.elmoudjahid-hebdo.com,El Moudjahid Hebdo,DZ,Alger,NP,GI,ARA,,NULL,NULL,NULL,NULL,NULL,NULL
www.elmoudjahid.com,El Moudjahid,DZ,National,NP,GI,ARA,,NULL,NULL,NULL,NULL,NULL,NULL
www.elombah.com,Elombah,NG,Nationwide,IN,GI,ENG,,NULL,NULL,NULL,NULL,NULL,NULL
www.elwassat.com,El Wassat,DZ,Alger,NP,GI,ARA,,NULL,NULL,NULL,NULL,NULL,NULL
www.elwatan.com,El Watan,DZ,National,NP,GI,FRA,,NULL,NULL,NULL,NULL,NULL,NULL
www.emarrakech.info,E Marrakech,MA,Marrakech,IN,GI,FRA,,NULL,NULL,NULL,NULL,NULL,NULL
www.ena.gov.et,Ethiopian News Agency,ET,National,PA,GI,ENG,Also AMH,NULL,NULL,NULL,NULL,NULL,NULL
www.enca.com,eNews Channel Africa,ZA,National,BC,GI,ENG,TV,NULL,NULL,NULL,NULL,NULL,NULL
www.ennaharonline.com,Ennahar El Jadid,DZ,Alger,NP,GI,ARA,,NULL,NULL,NULL,NULL,NULL,NULL
www.enqueteplus.com,Enquete Plus,SN,Dakar,NP,GI,FRA,,NULL,NULL,NULL,NULL,NULL,NULL
www.enqueteur-gn.info,L'Enqueteur,GQ,Conakry,NP,GI,FRA,,NULL,NULL,NULL,NULL,NULL,NULL
www.entv.dz,Television Algerienne,DZ,National,BC,GI,ARA,TV,NULL,NULL,NULL,NULL,NULL,NULL
www.ereporter.com.ng,E Reporter,NG,Nationwide,IN,GI,ENG,,NULL,NULL,NULL,NULL,NULL,NULL
www.eritrea24.com,Eritrea 24,ER,National,IN,GI,ENG,,NULL,NULL,NULL,NULL,NULL,NULL
www.eritreadaily.net,Eritrea Daily,ER,Foreign,IN,GI,ENG,,NULL,NULL,NULL,NULL,NULL,NULL
www.ertagov.com,EBC,ET,National,BC,GI,AMH,Also ENG,NULL,NULL,NULL,NULL,NULL,NULL
www.essahafa.info.tn,Essahafa,TN,National,NP,GI,ARA,,NULL,NULL,NULL,NULL,NULL,NULL
www.essor.ml,L'Essor,ML,National,NP,GI,FRA,,NULL,NULL,NULL,NULL,NULL,NULL
www.ethiomedia.com,Ethio Media,ET,Foreign,IN,GI,ENG,,NULL,NULL,NULL,NULL,NULL,NULL
www.ethionewsdirect.com,Ethio News Direct,ET,Foreign,IN,GI,ENG,,NULL,NULL,NULL,NULL,NULL,NULL
www.ethioobserver.net,Ethiopian Observer,ET,Foreign,IN,GI,ENG,,NULL,NULL,NULL,NULL,NULL,NULL
www.ethiopian-news.com,Ethiopian News,ET,Foreign,IN,GI,ENG,,NULL,NULL,NULL,NULL,NULL,NULL
www.ethiopianism.net,Ethiopianism,ET,Foreign,IN,GI,ENG,,NULL,NULL,NULL,NULL,NULL,NULL
www.ethiopianreporter.com,Reporter,ET,Addis Ababa,NP,GI,AMH,,NULL,NULL,NULL,NULL,NULL,NULL
www.ethiopians.com,Media Ethiopia,ET,Foreign,IN,GI,ENG,Also AMH,NULL,NULL,NULL,NULL,NULL,NULL
www.etiame.com,Etiame,TG,Foreign,IN,GI,FRA,,NULL,NULL,NULL,NULL,NULL,NULL
www.evenement-bf.net,L'Evenement,BF,Ouagadougou,NP,GI,FRA,,NULL,NULL,NULL,NULL,NULL,NULL
www.expansao.co.ao,Expansao,AO,Luanda,NP,BU,POR,,NULL,NULL,NULL,NULL,NULL,NULL
www.expatica.com,Expatica,ZA,Foreign,IN,GI,ENG,,NULL,NULL,NULL,NULL,NULL,NULL
www.expotimesonline.net,Expo Times,SL,National,IN,GI,ENG,,NULL,NULL,NULL,NULL,NULL,NULL
www.expressodasilhas.sapo.cv,Expresso das Ilhas,CV,Nationwide,NP,GI,POR,,NULL,NULL,NULL,NULL,NULL,NULL
www.ezega.com,Ezega,ET,Foreign,IN,GI,ENG,Also AMH,NULL,NULL,NULL,NULL,NULL,NULL
www.faceofmalawi.com,Face of Malawi,MW,National,IN,GI,ENG,,NULL,NULL,NULL,NULL,NULL,NULL
www.factualreporters.com,Factual Reporters,NG,Nationwide,IN,GI,ENG,,NULL,NULL,NULL,NULL,NULL,NULL
www.farajat.net,Farajat,ER,Foreign,IN,GI,ARA,,NULL,NULL,NULL,NULL,NULL,NULL
www.fasonews.net,Faso News,BF,National,IN,GI,FRA,,NULL,NULL,NULL,NULL,NULL,NULL
www.fasopresse.net,Faso Presse,BF,National,IN,GI,FRA,,NULL,NULL,NULL,NULL,NULL,NULL
www.fasozine.com,Faso Zine,BF,National,MG,GI,FRA,,NULL,NULL,NULL,NULL,NULL,NULL
www.febpress.ly,Febrayer,LY,Nationwide,NP,GI,ARA,,NULL,NULL,NULL,NULL,NULL,NULL
www.fimdesemana.co.mz,Fim de Semana,MZ,Maputo,NP,GI,POR,,NULL,NULL,NULL,NULL,NULL,NULL
www.financialgazette.co.zw,Financial Gazette,ZW,Harare,NP,BU,ENG,,NULL,NULL,NULL,NULL,NULL,NULL
www.financialmail.co.za,Financial Mail,ZA,National,MG,BU,ENG,,NULL,NULL,NULL,NULL,NULL,NULL
www.finitemagazine.co.ls,Finite Magazine,LS,National,MG,GI,ENG,,NULL,NULL,NULL,NULL,NULL,NULL
www.flavafm.co.zm,Flava FM,ZM,Kitwe,BC,GI,ENG,Radio,NULL,NULL,NULL,NULL,NULL,NULL
www.focusinfos.net,Focus Infos,TG,Lome,NP,GI,FRA,,NULL,NULL,NULL,NULL,NULL,NULL
www.forumdelasemaine.com,Forum de La Semaine,TG,Lome,NP,GI,FRA,,NULL,NULL,NULL,NULL,NULL,NULL
www.fraternitebj.info,Fraternite,BJ,National,NP,GI,FRA,,NULL,NULL,NULL,NULL,NULL,NULL
www.fratmat.info,Fraternite Matin,CI,National,NP,GI,FRA,,NULL,NULL,NULL,NULL,NULL,NULL
www.frcnssz.com,Radio Nigeria South South Zone,NG,Port Harcourt,BC,GI,ENG,,NULL,NULL,NULL,NULL,NULL,NULL
www.freedomnewspaper.com,Freedom Newspaper,GM,Foreign,IN,GI,ENG,,NULL,NULL,NULL,NULL,NULL,NULL
www.freedomradionig.com,Freedom Radio,NG,Kano,BC,GI,ENG,Radio,NULL,NULL,NULL,NULL,NULL,NULL
www.freemedia.co.tz,Daima,TZ,Dar es Salaam,NP,GI,SWA,,NULL,NULL,NULL,NULL,NULL,NULL
www.freshangleng.com,Fresh Angle,NG,Warri,NP,GI,ENG,,NULL,NULL,NULL,NULL,NULL,NULL
www.freshfactsonlinenews.net,Fresh Facts,NG,Abuja,NP,GI,ENG,,NULL,NULL,NULL,NULL,NULL,NULL
www.frontiersnews.com,Frontiers News,NG,Nationwide,IN,GI,ENG,,NULL,NULL,NULL,NULL,NULL,NULL
www.frontpageafricaonline.com,Front Page Africa,LR,Monrovia,NP,GI,ENG,,NULL,NULL,NULL,NULL,NULL,NULL
www.gabonactu.com,Gabon Actu,GA,National,IN,GI,FRA,,NULL,NULL,NULL,NULL,NULL,NULL
www.gaboneco.com,Gabon Eco,GA,National,IN,GI,FRA,,NULL,NULL,NULL,NULL,NULL,NULL
www.gabonews.com,Gabo News,GA,National,IN,GI,FRA,,NULL,NULL,NULL,NULL,NULL,NULL
www.gabonlibre.com,Gabon Libre,GA,National,IN,GI,FRA,,NULL,NULL,NULL,NULL,NULL,NULL
www.gabzfm.com,Gabz FM,BW,Gaborone,BC,GI,ENG,,NULL,NULL,NULL,NULL,NULL,NULL
www.galaxytvonline.com,Galaxy TV,NG,Lagos,BC,GI,ENG,TV,NULL,NULL,NULL,NULL,NULL,NULL
www.gamji.com,Gamji,NG,Nationwide,IN,GI,ENG,,NULL,NULL,NULL,NULL,NULL,NULL
www.garoweonline.com,Garowe Online,SO,Garowe,IN,GI,ENG,,NULL,NULL,NULL,NULL,NULL,NULL
www.gazettebw.com,Botswana Gazette,BW,Nationwide,NP,GI,ENG,,NULL,NULL,NULL,NULL,NULL,NULL
www.gaznot.com,Gazeta de Noticias,GW,Foreign,IN,GI,POR,,NULL,NULL,NULL,NULL,NULL,NULL
www.gbcghana.com,Ghana Broadcasting Corporation,GH,National,BC,GI,ENG,Radio TV,NULL,NULL,NULL,NULL,NULL,NULL
www.gbcsomtv.com,GBC,SO,Mogadishu,BC,GI,SOM,Radio TV Also ENG,NULL,NULL,NULL,NULL,NULL,NULL
www.gbich.com,Gbich,CI,Abidjan,NP,SR,FRA,,NULL,NULL,NULL,NULL,NULL,NULL
www.gbissau.com,Guine Bissau,GW,National,IN,GI,POR,,NULL,NULL,NULL,NULL,NULL,NULL
www.gbn.co.za,Gauteng Business News,ZA,Johannesburg,IN,BU,ENG,,NULL,NULL,NULL,NULL,NULL,NULL
www.georgeherald.com,George Herald,ZA,George,NP,GI,AFR,Also ENG,NULL,NULL,NULL,NULL,NULL,NULL
www.ghana.gov.gh,Ghana,GH,National,IN,GO,ENG,,NULL,NULL,NULL,NULL,NULL,NULL
www.ghanabusinessnews.com,Ghana Business News,GH,National,IN,BU,ENG,,NULL,NULL,NULL,NULL,NULL,NULL
www.ghanadistricts.com,Ghana Districts,GH,National,IN,GI,ENG,,NULL,NULL,NULL,NULL,NULL,NULL
www.ghanadot.com,Ghana Dot,GH,National,IN,GI,ENG,,NULL,NULL,NULL,NULL,NULL,NULL
www.ghanaiantimes.com.gh,Ghanaian Times,GH,Accra,NP,GI,ENG,,NULL,NULL,NULL,NULL,NULL,NULL
www.ghanamma.com,Ghana MMA,GH,National,IN,GI,ENG,,NULL,NULL,NULL,NULL,NULL,NULL
www.ghananation.com,Ghana Nation,GH,National,IN,GI,ENG,,NULL,NULL,NULL,NULL,NULL,NULL
www.ghananewsagency.org,Ghana News Agency,GH,National,PA,GI,ENG,,NULL,NULL,NULL,NULL,NULL,NULL
www.ghanareview.com,Ghana Review International,GH,National,MG,GI,ENG,,NULL,NULL,NULL,NULL,NULL,NULL
www.ghanasoccernet.com,Ghana Soccer Net,GH,National,IN,GI,ENG,,NULL,NULL,NULL,NULL,NULL,NULL
www.ghanatoday.com,Ghana Today,GH,National,IN,GI,ENG,,NULL,NULL,NULL,NULL,NULL,NULL
www.ghanavoice.com,Ghana Voice,GH,National,IN,GI,ENG,,NULL,NULL,NULL,NULL,NULL,NULL
www.ghanaweb.com,Ghana Web,GH,National,IN,GI,ENG,,NULL,NULL,NULL,NULL,NULL,NULL
www.globaltimes-sl.com,Global Times,SL,Freetown,NP,GI,ENG,,NULL,NULL,NULL,NULL,NULL,NULL
www.gnet.tn,G Net,TN,National,IN,GI,ARA,,NULL,NULL,NULL,NULL,NULL,NULL
www.golfemediaonline.com,Golfe FM,BJ,Cotonou,BC,GI,FRA,Radio,NULL,NULL,NULL,NULL,NULL,NULL
www.gossipnigeria.com,Gossip Nigeria,NG,Nationwide,IN,EN,ENG,,NULL,NULL,NULL,NULL,NULL,NULL
www.gov.ls,Lesotho,LS,National,IN,GO,ENG,,NULL,NULL,NULL,NULL,NULL,NULL
www.greytown.co.za,Greytown Gazette,ZA,Greytown,NP,GI,ENG,,NULL,NULL,NULL,NULL,NULL,NULL
www.grocotts.co.za,Grocott's Mail,ZA,Grahamstown,NP,GI,ENG,,NULL,NULL,NULL,NULL,NULL,NULL
www.groupelavenir.org,L'Avenir,CD,National,NP,GI,FRA,,NULL,NULL,NULL,NULL,NULL,NULL
www.grts.gm,GRTS,GM,National,BC,GI,ENG,Radio TV,NULL,NULL,NULL,NULL,NULL,NULL
www.guardian.co.tz,Guardian,TZ,National,NP,GI,ENG,,NULL,NULL,NULL,NULL,NULL,NULL
www.guineatime.com,Guinea Time,GQ,National,IN,GI,FRA,,NULL,NULL,NULL,NULL,NULL,NULL
www.guinee24.com,Guinee 24,GQ,National,IN,GI,FRA,,NULL,NULL,NULL,NULL,NULL,NULL
www.guinee360.com,Guinee 360,GQ,National,IN,GI,FRA,,NULL,NULL,NULL,NULL,NULL,NULL
www.guinee7.com,Guinee 7,GQ,National,IN,GI,FRA,,NULL,NULL,NULL,NULL,NULL,NULL
www.guineeconakry.info,Guinee Conakry,GQ,National,IN,GI,FRA,,NULL,NULL,NULL,NULL,NULL,NULL
www.guineepresse.info,Guinee Presse,GQ,National,IN,GI,FRA,,NULL,NULL,NULL,NULL,NULL,NULL
www.gurtong.net,Gurtong,SS,Foreign,IN,GI,ENG,,NULL,NULL,NULL,NULL,NULL,NULL
www.habarileo.co.tz,Habari Leo,TZ,Dar es Salaam,NP,GI,SWA,,NULL,NULL,NULL,NULL,NULL,NULL
www.habarizacomores.com,Habari Za Comores,KM,Nationwide,IN,GI,FRA,,NULL,NULL,NULL,NULL,NULL,NULL
www.hafianews.com,Hafia News,GQ,National,IN,GI,FRA,,NULL,NULL,NULL,NULL,NULL,NULL
www.hallmarknews.com,Hallmark,NG,Lagos,NP,GI,ENG,,NULL,NULL,NULL,NULL,NULL,NULL
www.harare24.com,Harare 24,ZW,National,IN,GI,ENG,,NULL,NULL,NULL,NULL,NULL,NULL
www.hararenews.co.zw,Harare News,ZW,Harare,NP,GI,ENG,,NULL,NULL,NULL,NULL,NULL,NULL
www.hebdo.bf,L'Hebdomadaire du Burkina,BF,Ouagadougou,NP,GI,FRA,,NULL,NULL,NULL,NULL,NULL,NULL
www.hebdoimmobilier-dz.com,Hebdo Immobilier,DZ,Alger,NP,RE,FRA,,NULL,NULL,NULL,NULL,NULL,NULL
www.heidelbergnigelheraut.co.za,Heidelberg Nigel Heraut,ZA,Heidelberg,NP,GI,AFR,Also ENG,NULL,NULL,NULL,NULL,NULL,NULL
www.herald.co.za,Palabora Hoedspruit Herald,ZA,PhalaboraåÊ- Palabora,NP,GI,ENG,Also AFR,NULL,NULL,NULL,NULL,NULL,NULL
www.herald.co.zw,Herald,ZW,National,NP,GI,ENG,,NULL,NULL,NULL,NULL,NULL,NULL
www.heraldlive.co.za,Herald,ZA,Port Elizabeth,NP,GI,ENG,,NULL,NULL,NULL,NULL,NULL,NULL
www.hermanustimes.co.za,Hermanus Times,ZA,Hermanus,NP,GI,AFR,Also ENG,NULL,NULL,NULL,NULL,NULL,NULL
www.hiiraan.com,Hiraan Online,SO,Foreign,IN,GI,SOM,Also ENG,NULL,NULL,NULL,NULL,NULL,NULL
www.homeviewsenegal.com,Home View Senegal,SN,Nationwide,IN,GI,FRA,,NULL,NULL,NULL,NULL,NULL,NULL
www.horizons-dz.com,Horizons,DZ,Alger,NP,GI,FRA,,NULL,NULL,NULL,NULL,NULL,NULL
www.huhuonline.com,Huhu Online,NG,Nationwide,IN,GI,ENG,,NULL,NULL,NULL,NULL,NULL,NULL
www.hurriyatsudan.com,Hurriyat,SD,National,IN,GI,ARA,,NULL,NULL,NULL,NULL,NULL,NULL
www.iafrica.com,I Africa,ZA,National,IN,GI,ENG,,NULL,NULL,NULL,NULL,NULL,NULL
www.ialtchad.com,Ial Tchad,TD,Nationwide,IN,GI,FRA,,NULL,NULL,NULL,NULL,NULL,NULL
www.ibinda.com,Ibinda,AO,Cabinda,IN,GI,POR,,NULL,NULL,NULL,NULL,NULL,NULL
www.icibenin.com,Ici Benin,BJ,National,IN,GI,FRA,,NULL,NULL,NULL,NULL,NULL,NULL
www.icilome.com,Ici Lome,TG,Foreign,IN,GI,FRA,,NULL,NULL,NULL,NULL,NULL,NULL
www.igfm.sn,IG FM,SN,Nationwide,IN,GI,FRA,,NULL,NULL,NULL,NULL,NULL,NULL
www.ilanganews.co.za,Ilanga,ZA,Durban,NP,GI,ZUL,Also ENG,NULL,NULL,NULL,NULL,NULL,NULL
www.ilorin.info,Ilorin,NG,Ilorin,IN,GI,ENG,,NULL,NULL,NULL,NULL,NULL,NULL
www.imatin.net,I Matin,CI,National,IN,GI,FRA,,NULL,NULL,NULL,NULL,NULL,NULL
www.imensis.co.mz,Imensis,MZ,National,IN,GI,POR,,NULL,NULL,NULL,NULL,NULL,NULL
www.imostateblog.com,Imo State Blog,NG,Owerri,IN,GI,ENG,,NULL,NULL,NULL,NULL,NULL,NULL
www.imotrumpeta.com,Imo Trumpeta,NG,Owerri,IN,GI,ENG,,NULL,NULL,NULL,NULL,NULL,NULL
www.impact24.info,Impact 24,DZ,National,IN,GI,FRA,,NULL,NULL,NULL,NULL,NULL,NULL
www.independent.co.ug,Independent,UG,Kampala,NP,GI,ENG,,NULL,NULL,NULL,NULL,NULL,NULL
www.indepthnigeria.com,In Depth Nigeria,NG,Nationwide,IN,GI,ENG,,NULL,NULL,NULL,NULL,NULL,NULL
www.infoconstantine.com,Info Constantine,DZ,Constantine,IN,GI,FRA,,NULL,NULL,NULL,NULL,NULL,NULL
www.infoghana.info,Info Ghana,GH,National,IN,GI,ENG,,NULL,NULL,NULL,NULL,NULL,NULL
www.infoguinee.com,Info Guinee,GQ,National,IN,GI,FRA,,NULL,NULL,NULL,NULL,NULL,NULL
www.infonigeria.net,Info Nigeria,NG,Nationwide,IN,GI,ENG,,NULL,NULL,NULL,NULL,NULL,NULL
www.informante.web.na,Informante,NA,National,MG,GI,ENG,,NULL,NULL,NULL,NULL,NULL,NULL
www.informationng.com,Information Nigeria,NG,Nationwide,IN,GI,ENG,,NULL,NULL,NULL,NULL,NULL,NULL
www.informativenews.co.ls,Informative,LS,Maseru,NP,BU,ENG,,NULL,NULL,NULL,NULL,NULL,NULL
www.infosen.net,Info Sen,SN,Nationwide,IN,GI,FRA,,NULL,NULL,NULL,NULL,NULL,NULL
www.infoskikda.com,Info Skikda,DZ,Skikda,IN,GI,ARA,,NULL,NULL,NULL,NULL,NULL,NULL
www.infosoir.com,Info Soir,DZ,Alger,NP,GI,FRA,,NULL,NULL,NULL,NULL,NULL,NULL
www.infosplusgabon.com,Infos Plus Gabon,GA,National,IN,GI,FRA,,NULL,NULL,NULL,NULL,NULL,NULL
www.infotunisie.com,Info Tunisie,TN,National,IN,GI,FRA,,NULL,NULL,NULL,NULL,NULL,NULL
www.insiderzim.com,Insider,ZW,National,IN,GI,ENG,,NULL,NULL,NULL,NULL,NULL,NULL
www.insight.com.na,Insight Namibia,NA,National,MG,GI,ENG,,NULL,NULL,NULL,NULL,NULL,NULL
www.inthenews.co.za,In the News,ZA,National,IN,GI,ENG,,NULL,NULL,NULL,NULL,NULL,NULL
www.iol.co.za,IOL,ZA,National,IN,GI,ENG,,NULL,NULL,NULL,NULL,NULL,NULL
www.ionigeria.com,Ionigeria,NG,Nationwide,IN,GI,ENG,,NULL,NULL,NULL,NULL,NULL,NULL
www.ippmedia.com,IPP Media,TZ,National,IN,GI,ENG,,NULL,NULL,NULL,NULL,NULL,NULL
www.ipreunion.com,Imaz Press Reunion,RE,National,PA,GI,FRA,,NULL,NULL,NULL,NULL,NULL,NULL
www.iq4news.com,IQ4 News,NG,Nationwide,IN,GI,ENG,,NULL,NULL,NULL,NULL,NULL,NULL
www.isanganiro.org,Radio Isanganiro,BI,Nationwide,BC,GI,FRA,Radio,NULL,NULL,NULL,NULL,NULL,NULL
www.itv.co.tz,ITV,TZ,Natiional,BC,GI,SWA,TV,NULL,NULL,NULL,NULL,NULL,NULL
www.ivoire-presse.com,Ivoire Presse,CI,National,IN,GI,FRA,,NULL,NULL,NULL,NULL,NULL,NULL
www.ivoireactu.net,Ivoire Actu,CI,National,IN,GI,FRA,,NULL,NULL,NULL,NULL,NULL,NULL
www.ivoirediaspo.net,Diaspo Ivoire,CI,National,IN,GI,FRA,,NULL,NULL,NULL,NULL,NULL,NULL
www.ivorian.net,Ivorian,CI,National,IN,GI,FRA,,NULL,NULL,NULL,NULL,NULL,NULL
www.iwacu-burundi.org,Iwacu,BI,Nationwide,NP,GI,FRA,,NULL,NULL,NULL,NULL,NULL,NULL
www.jadidpresse.com,Attajdid,MA,Casablanca,NP,GI,ARA,,NULL,NULL,NULL,NULL,NULL,NULL
www.jamana.org,Les Echos,ML,Bamako,NP,GI,FRA,,NULL,NULL,NULL,NULL,NULL,NULL
www.jamhuuriya.info,Jamhuuriya,SO,National,NP,GI,SOM,Also ENG,NULL,NULL,NULL,NULL,NULL,NULL
www.jbaynews.com,J Bay News,ZA,Jeffreys Bay,IN,GI,ENG,,NULL,NULL,NULL,NULL,NULL,NULL
www.jdd.sn,Journal de Dakar,SN,Nationwide,IN,GI,FRA,,NULL,NULL,NULL,NULL,NULL,NULL
www.jeberti.com,Jeberti,ER,Foreign,IN,GI,ENG,,NULL,NULL,NULL,NULL,NULL,NULL
www.jeune-independant.net,Le Jeune Independant,DZ,Alger,NP,GI,FRA,,NULL,NULL,NULL,NULL,NULL,NULL
www.jeunessedalgerie.com,Jeunesse d'Algerie,DZ,Oran,NP,GI,FRA,,NULL,NULL,NULL,NULL,NULL,NULL
www.jijel-echo.com,L'Echo de Jijel,DZ,Jijel,IN,GI,FRA,,NULL,NULL,NULL,NULL,NULL,NULL
www.jijel.info,Jijel,DZ,Jijel,IN,GI,ARA,,NULL,NULL,NULL,NULL,NULL,NULL
www.jollofnews.com,Jollof News,GM,Foreign,IN,GI,ENG,,NULL,NULL,NULL,NULL,NULL,NULL
www.joradp.dz,Journal Officiel,DZ,National,NP,GO,ARA,,NULL,NULL,NULL,NULL,NULL,NULL
www.jornalnoticias.co.mz,Noticias,MZ,National,NP,GI,POR,,NULL,NULL,NULL,NULL,NULL,NULL
www.journal-adjinakou-benin.info,Adjinikou,BJ,Porto Novo,NP,GI,FRA,,NULL,NULL,NULL,NULL,NULL,NULL
www.journaldebangui.com,Journal de Bangui,CF,Nationwide,IN,GI,FRA,,NULL,NULL,NULL,NULL,NULL,NULL
www.journaldebrazza.com,Journal de Brazza,CG,Foreign,IN,GI,FRA,,NULL,NULL,NULL,NULL,NULL,NULL
www.journaldikalo.info,Dikalo,CM,Douala,NP,GI,FRA,,NULL,NULL,NULL,NULL,NULL,NULL
www.journalducameroun.com,Journal du Cameroun,CM,Nationwide,IN,GI,FRA,,NULL,NULL,NULL,NULL,NULL,NULL
www.journaldujeudi.com,Journal du Jeudi,BF,Ouagadougou,NP,SR,FRA,,NULL,NULL,NULL,NULL,NULL,NULL
www.journaldusport.ma,Le Journal du Sport,MA,Casablanca,NP,SP,FRA,,NULL,NULL,NULL,NULL,NULL,NULL
www.journaldutchad.com,Journal du Tchad,TD,Nationwide,IN,GI,FRA,,NULL,NULL,NULL,NULL,NULL,NULL
www.k-towndiary.com,K Town Diary,CM,Kumba,IN,GI,ENG,,NULL,NULL,NULL,NULL,NULL,NULL
www.kababachir.com,Kaba Bachir,GQ,National,IN,GI,FRA,,NULL,NULL,NULL,NULL,NULL,NULL
www.kabyle.com,Kabyle,DZ,Tizi Ouzou,IN,ET,FRA,Kabyle,NULL,NULL,NULL,NULL,NULL,NULL
www.kapital971.com,Kapital Radio,GH,Accra,BC,GI,ENG,Radio,NULL,NULL,NULL,NULL,NULL,NULL
www.kawalisse.com,Kawalisse,DZ,El Eulma,NP,GI,ARA,,NULL,NULL,NULL,NULL,NULL,NULL
www.kawowo.com,Kawowo Sports,UG,National,IN,SP,ENG,,NULL,NULL,NULL,NULL,NULL,NULL
www.kbc.co.ke,Kenya Broadcasting Corporation,KE,National,BC,GI,ENG,Radio TV Also SWA,NULL,NULL,NULL,NULL,NULL,NULL
www.kbn.co.za,Kwazulu Natal Business News,ZA,Durban,IN,GI,ENG,,NULL,NULL,NULL,NULL,NULL,NULL
www.kenya-today.com,Kenya Today,KE,National,IN,GI,ENG,,NULL,NULL,NULL,NULL,NULL,NULL
www.kenyamoja.com,Kenya Moja,KE,National,IN,GI,ENG,,NULL,NULL,NULL,NULL,NULL,NULL
www.kenyan-post.com,Daily Post,KE,National,IN,GI,ENG,,NULL,NULL,NULL,NULL,NULL,NULL
www.kenyanewsupdates.com,Kenya News Updates,KE,National,IN,GI,ENG,,NULL,NULL,NULL,NULL,NULL,NULL
www.kitwetimes.com,Kitwe Times,ZM,National,IN,GI,ENG,,NULL,NULL,NULL,NULL,NULL,NULL
www.kivumedia.com,Kivu Media,CD,National,IN,GI,FRA,,NULL,NULL,NULL,NULL,NULL,NULL
www.koerant.co.za,Koerant,ZA,National,IN,GI,AFR,,NULL,NULL,NULL,NULL,NULL,NULL
www.kogireports.com,Kogi Reports,NG,Lokoja,IN,GI,ENG,,NULL,NULL,NULL,NULL,NULL,NULL
www.kormorant.co.za,Kormorant,ZA,Hartbeespoort,NP,GI,AFR,Also ENG,NULL,NULL,NULL,NULL,NULL,NULL
www.kotzot.com,Kot Zot,MU,National,IN,GI,FRA,,NULL,NULL,NULL,NULL,NULL,NULL
www.kougaexpress.co.za,Kouga Express,ZA,Kouga,NP,GI,ENG,Also AFR,NULL,NULL,NULL,NULL,NULL,NULL
www.ktnkenya.tv,Kenya Television Network,KE,National,BC,GI,ENG,TV Also SWA,NULL,NULL,NULL,NULL,NULL,NULL
www.ktvsl.com,KTV Sierra Leone,SL,National,IN,GI,ENG,,NULL,NULL,NULL,NULL,NULL,NULL
www.kwaranews.com,Kwara News,NG,Ilorin,IN,GI,ENG,,NULL,NULL,NULL,NULL,NULL,NULL
www.kwayedza.co.zw,Kwayedza,ZW,Harare,NP,GI,SNA,,NULL,NULL,NULL,NULL,NULL,NULL
www.kwevoel.co.za,Die Kwevoel,ZA,Thabazimbi,NP,GI,AFR,Also ENG,NULL,NULL,NULL,NULL,NULL,NULL
www.laconscience.com,La Conscience,CD,Kinshasa,NP,GI,FRA,,NULL,NULL,NULL,NULL,NULL,NULL
www.lactualite-dz.info,L'Actualite,DZ,Alger,NP,GI,FRA,,NULL,NULL,NULL,NULL,NULL,NULL
www.ladepechedabidjan.info,La Depeche d'Abidjan,CI,National,IN,GI,FRA,,NULL,NULL,NULL,NULL,NULL,NULL
www.lagachettedumaroc.com,La Gachette du Maroc,MA,National,MG,SR,FRA,,NULL,NULL,NULL,NULL,NULL,NULL
www.lagazette-dgi.com,La Gazette de la Grande Isle,MG,Antananarivo,NP,GI,FRA,Also MLG,NULL,NULL,NULL,NULL,NULL,NULL
www.lagazette.sn,La Gazette,SN,Dakar,NP,GI,FRA,,NULL,NULL,NULL,NULL,NULL,NULL
www.lagazettedescomores.com,La Gazette des Comores,KM,Nationwide,NP,GI,FRA,,NULL,NULL,NULL,NULL,NULL,NULL
www.lagazettedumaroc.com,La Gazette du Maroc,MA,Casablanca,NP,GI,FRA,,NULL,NULL,NULL,NULL,NULL,NULL
www.lana-news.ly,Libya News Agency,LY,Nationwide,PA,GI,ARA,,NULL,NULL,NULL,NULL,NULL,NULL
www.lanation-arabe.dz,La Nation Arabe,DZ,Alger,NP,GI,ARA,,NULL,NULL,NULL,NULL,NULL,NULL
www.lanation.dz,La Nation,DZ,Alger,NP,GI,FRA,,NULL,NULL,NULL,NULL,NULL,NULL
www.lanation.mg,La Nation,MG,Antananarivo,NP,GI,FRA,,NULL,NULL,NULL,NULL,NULL,NULL
www.lanationbenin.info,La Nation,BJ,National,NP,GI,FRA,,NULL,NULL,NULL,NULL,NULL,NULL
www.lanationdj.com,La Nation,DJ,National,NP,GI,FRA,,NULL,NULL,NULL,NULL,NULL,NULL
www.lanouvellecentrafrique.info,La Nouvelle Centrafrique,CF,Nationwide,IN,GI,FRA,,NULL,NULL,NULL,NULL,NULL,NULL
www.lanouvelleexpression.info,La Nouvelle Expression,CM,Douala,NP,GI,FRA,,NULL,NULL,NULL,NULL,NULL,NULL
www.lanouvelletribune.info,La Nouvelle Tribune,BJ,Cotonou,NP,GI,FRA,,NULL,NULL,NULL,NULL,NULL,NULL
www.lapresse.tn,La Presse,TN,National,NP,GI,FRA,,NULL,NULL,NULL,NULL,NULL,NULL
www.lapressedujour.net,La Presse du Jour,BJ,Cotonou,NP,GI,FRA,,NULL,NULL,NULL,NULL,NULL,NULL
www.laprosperiteonline.net,La Prosperite,CD,Kinshasa,NP,GI,FRA,,NULL,NULL,NULL,NULL,NULL,NULL
www.laraignee.org,L'Araignee,BJ,National,IN,GI,FRA,,NULL,NULL,NULL,NULL,NULL,NULL
www.lasemaineafricaine.net,La Semaine Africaine,CG,Brazzaville,NP,GI,FRA,,NULL,NULL,NULL,NULL,NULL,NULL
www.latestnigeriannews.com,Latest Nigerian News,NG,Nationwide,IN,GI,ENG,,NULL,NULL,NULL,NULL,NULL,NULL
www.latribune-dz.com,La Tribune,DZ,National,NP,GI,FRA,,NULL,NULL,NULL,NULL,NULL,NULL
www.lauthentic.info,L'Authentique,MR,National,IN,GI,FRA,,NULL,NULL,NULL,NULL,NULL,NULL
www.lautomarche.com,L'Auto Marche,DZ,Alger,NP,AT,FRA,,NULL,NULL,NULL,NULL,NULL,NULL
www.laverite.mg,La Verite,MG,Antananarivo,NP,GI,FRA,,NULL,NULL,NULL,NULL,NULL,NULL
www.lavieeco.com,La Vie Eco,MA,Casablanca,NP,BU,FRA,,NULL,NULL,NULL,NULL,NULL,NULL
www.le-canal.com,Le Canal,YT,Nationwide,IN,GI,FRA,,NULL,NULL,NULL,NULL,NULL,NULL
www.leaders.com.tn,Leaders,TN,National,MG,GI,FRA,,NULL,NULL,NULL,NULL,NULL,NULL
www.lebuteur.com,Le Buteur,DZ,Alger,NP,SP,FRA,,NULL,NULL,NULL,NULL,NULL,NULL
www.lecalame.info,Le Calame,MR,National,NP,GI,FRA,,NULL,NULL,NULL,NULL,NULL,NULL
www.leconomiste.com,L'Economiste,MA,Casablanca,NP,BU,FRA,,NULL,NULL,NULL,NULL,NULL,NULL
www.leconomistemaghrebin.com,L'Economiste Maghrebin,TN,National,MG,BU,FRA,,NULL,NULL,NULL,NULL,NULL,NULL
www.leffortcamerounais.com,L'Effort Camerounais,CM,Douala,NP,RL,ENG,Roman Catholic,NULL,NULL,NULL,NULL,NULL,NULL
www.leffortcamerounais.info,L'Effort Camerounais,CM,Douala,NP,RL,FRA,Roman Catholic,NULL,NULL,NULL,NULL,NULL,NULL
www.lejourdalgerie.com,Le Jour d'Algerie,DZ,Alger,NP,GI,FRA,,NULL,NULL,NULL,NULL,NULL,NULL
www.lejourguinee.com,Le Jour,GQ,National,NP,GI,FRA,,NULL,NULL,NULL,NULL,NULL,NULL
www.lejournaldetanger.com,Le Journal de Tanger,MA,Tangier - Tanger,NP,GI,FRA,,NULL,NULL,NULL,NULL,NULL,NULL
www.lelephantdechaine.net,L'Elephant Dechaine,CI,Abidjan,NP,SR,FRA,,NULL,NULL,NULL,NULL,NULL,NULL
www.lemaghreb.tn,Le Maghreb,TN,Tunis,NP,GI,ARA,,NULL,NULL,NULL,NULL,NULL,NULL
www.lemaghrebdz.com,Le Maghreb,DZ,Alger,NP,BU,FRA,,NULL,NULL,NULL,NULL,NULL,NULL
www.lematin.ma,Le Matin,MA,National,NP,GI,FRA,,NULL,NULL,NULL,NULL,NULL,NULL
www.lematinal.com,Le Matinal,MU,National,NP,GI,FRA,,NULL,NULL,NULL,NULL,NULL,NULL
www.lematindz.net,Le Matin,DZ,National,IN,GI,FRA,,NULL,NULL,NULL,NULL,NULL,NULL
www.lemauricien.com,Le Mauricien,MU,National,NP,GI,FRA,,NULL,NULL,NULL,NULL,NULL,NULL
www.lemidi-dz.com,Midi Libre,DZ,Alger,NP,GI,FRA,,NULL,NULL,NULL,NULL,NULL,NULL
www.lena.gov.ls,Lesotho News Agency,LS,National,PA,GI,ENG,,NULL,NULL,NULL,NULL,NULL,NULL
www.lenasia-times.co.za,Lenasia Times,ZA,Lenasia,NP,GI,ENG,,NULL,NULL,NULL,NULL,NULL,NULL
www.lenouveaureveil.com,Le Nouveau Reveil,CI,Abidjan,NP,GI,FRA,,NULL,NULL,NULL,NULL,NULL,NULL
www.lenzinfo.co.za,Lenz Info,ZA,Lenasia,IN,GI,ENG,,NULL,NULL,NULL,NULL,NULL,NULL
www.lepatriote.net,Le Patriote,CI,Abidjan,NP,GI,FRA,,NULL,NULL,NULL,NULL,NULL,NULL
www.lepetitjournal.com,Le Petit Journal,EG,Cairo - Le Caire,IN,GI,FRA,,NULL,NULL,NULL,NULL,NULL,NULL
www.lephareonline.net,Le Phare,CD,Kinshasa,NP,GI,FRA,,NULL,NULL,NULL,NULL,NULL,NULL
www.lepotentielonline.com,Le Potentiel,CD,National,NP,GI,FRA,,NULL,NULL,NULL,NULL,NULL,NULL
www.lequotidien-oran.com,Le Quotidien d'Oran,DZ,Oran,NP,GI,FRA,,NULL,NULL,NULL,NULL,NULL,NULL
www.lequotidien.sn,Le Quotidien,SN,Dakar,NP,GI,FRA,,NULL,NULL,NULL,NULL,NULL,NULL
www.lequotidiendeconstantine.com,Le Quotidien de Constantine,DZ,Constantine,NP,GI,FRA,,NULL,NULL,NULL,NULL,NULL,NULL
www.leral.net,Leral,SN,Nationwide,IN,GI,FRA,,NULL,NULL,NULL,NULL,NULL,NULL
www.lereporter.ma,Le Reporter,MA,Casablanca,NP,GI,FRA,,NULL,NULL,NULL,NULL,NULL,NULL
www.les4verites.info,Les 4 Verites,BJ,Cotonou,NP,GI,FRA,,NULL,NULL,NULL,NULL,NULL,NULL
www.lesahel.org,Le Sahel,NE,National,NP,GI,FRA,,NULL,NULL,NULL,NULL,NULL,NULL
www.lesdebats.com,Les Debats,DZ,Alger,NP,GI,FRA,,NULL,NULL,NULL,NULL,NULL,NULL
www.lesdepechesdebrazzaville.fr,Les Depeches de Brazzaville,CG,National,NP,GI,FRA,,NULL,NULL,NULL,NULL,NULL,NULL
www.leseco.ma,Les Eco,MA,Casablanca,NP,BU,FRA,,NULL,NULL,NULL,NULL,NULL,NULL
www.lesetifien.com,Le Setifien,DZ,Setif,IN,GI,FRA,,NULL,NULL,NULL,NULL,NULL,NULL
