"cc","operator","quarter",price
"DZ","Mobilis (Algerie Telecom)","2015_Q4",42.2761478
"DZ","Mobilis (Algerie Telecom)","2016_Q1",9.326531183
"DZ","Mobilis (Algerie Telecom)","2016_Q2",9.17490114
"DZ","Mobilis (Algerie Telecom)","2016_Q3",9.156167594
"DZ","Mobilis (Algerie Telecom)","2016_Q4",12.14573915
"DZ","Mobilis (Algerie Telecom)","2017_Q1",9.142857143
"DZ","Mobilis (Algerie Telecom)","2017_Q2",9.205560158
"DZ","Mobilis (Algerie Telecom)","2017_Q3",9.13492281
"DZ","Mobilis (Algerie Telecom)","2017_Q4",6.998512816
"DZ","Ooredoo (NMTC)","2015_Q3",9.773929022
"DZ","Ooredoo (NMTC)","2015_Q4",9.394699511
"DZ","Ooredoo (NMTC)","2016_Q1",9.326531183
"DZ","Ooredoo (NMTC)","2016_Q2",9.17490114
"DZ","Ooredoo (NMTC)","2016_Q3",9.156167594
"DZ","Ooredoo (NMTC)","2016_Q4",12.14573915
"DZ","Ooredoo (NMTC)","2017_Q1",9.142857143
"DZ","Ooredoo (NMTC)","2017_Q2",9.205560158
"DZ","Ooredoo (NMTC)","2017_Q3",9.13492281
"DZ","Ooredoo (NMTC)","2017_Q4",8.74814102
"DZ","Djezzy","2015_Q2",61.35734724
"DZ","Djezzy","2015_Q3",58.64357413
"DZ","Djezzy","2015_Q4",14.09204927
"DZ","Djezzy","2016_Q1",13.98979677
"DZ","Djezzy","2016_Q2",55.04940684
"DZ","Djezzy","2016_Q3",54.93700557
"DZ","Djezzy","2016_Q4",9.716591323
"DZ","Djezzy","2017_Q1",7.314285714
"DZ","Djezzy","2017_Q2",7.364448127
"DZ","Djezzy","2017_Q3",7.307938248
"DZ","Djezzy","2017_Q4",6.998512816
"AO","Unitel","2016_Q1",17.45584318
"AO","Unitel","2016_Q2",16.4179649
"AO","Unitel","2016_Q3",16.35739081
"AO","Unitel","2016_Q4",22.71625878
"AO","Unitel","2017_Q1",22.71598357
"AO","Unitel","2017_Q2",22.71515798
"AO","Unitel","2017_Q3",22.71488279
"AO","Unitel","2017_Q4",22.7139197
"AO","Movicel","2015_Q2",11.28657981
"AO","Movicel","2015_Q3",9.893702065
"AO","Movicel","2015_Q4",9.284223505
"AO","Movicel","2016_Q1",16.16281776
"AO","Movicel","2016_Q2",15.20181935
"AO","Movicel","2016_Q3",15.14573224
"AO","Movicel","2016_Q4",19.99030773
"AO","Movicel","2017_Q1",19.99006554
"AO","Movicel","2017_Q3",19.98909686
"AO","Movicel","2017_Q4",19.98824933
"BJ","MTN","2014_Q3",119.0992864
"BJ","MTN","2014_Q4",112.3871604
"BJ","MTN","2015_Q1",101.2045051
"BJ","MTN","2016_Q1",17.18292773
"BJ","MTN","2016_Q2",17.23145637
"BJ","MTN","2016_Q3",11.90640207
"BJ","MTN","2016_Q4",11.5229562
"BJ","MTN","2017_Q1",11.38392785
"BJ","MTN","2017_Q2",12.00027429
"BJ","MTN","2017_Q3",12.53851114
"BJ","MTN","2017_Q4",7.182798634
"BJ","Moov (Maroc Telecom)","2014_Q3",12.11179184
"BJ","Moov (Maroc Telecom)","2014_Q4",11.42920276
"BJ","Moov (Maroc Telecom)","2015_Q1",10.29198357
"BJ","Moov (Maroc Telecom)","2015_Q2",10.1144961
"BJ","Moov (Maroc Telecom)","2015_Q3",10.17156032
"BJ","Moov (Maroc Telecom)","2015_Q4",10.01311718
"BJ","Moov (Maroc Telecom)","2016_Q1",10.30975664
"BJ","Moov (Maroc Telecom)","2016_Q4",49.38409799
"BJ","Moov (Maroc Telecom)","2017_Q2",8.571624494
"BJ","Moov (Maroc Telecom)","2017_Q3",8.956079387
"BJ","Moov (Maroc Telecom)","2017_Q4",8.978498292
"BJ","Glo Mobile (Globacom)","2014_Q3",10.09315987
"BJ","Glo Mobile (Globacom)","2014_Q4",9.52433563
"BJ","Glo Mobile (Globacom)","2015_Q1",8.576652978
"BJ","Glo Mobile (Globacom)","2015_Q2",8.428746747
"BJ","Glo Mobile (Globacom)","2015_Q3",8.476300264
"BJ","Glo Mobile (Globacom)","2015_Q4",8.34426432
"BJ","Glo Mobile (Globacom)","2016_Q1",8.591463865
"BJ","Glo Mobile (Globacom)","2016_Q2",8.615728184
"BJ","Glo Mobile (Globacom)","2016_Q3",8.504572909
"BJ","Glo Mobile (Globacom)","2016_Q4",8.230682999
"BJ","Glo Mobile (Globacom)","2017_Q1",8.131377032
"BJ","Glo Mobile (Globacom)","2017_Q2",8.571624494
"BJ","Glo Mobile (Globacom)","2017_Q3",8.956079387
"BJ","Glo Mobile (Globacom)","2017_Q4",8.978498292
"BW","Mascom (MTN)","2011_Q1",91.69965307
"BW","Mascom (MTN)","2014_Q2",21.8034071
"BW","Mascom (MTN)","2014_Q3",21.43756451
"BW","Mascom (MTN)","2014_Q4",20.06433326
"BW","Mascom (MTN)","2015_Q1",19.7587137
"BW","Mascom (MTN)","2015_Q2",19.47489902
"BW","Mascom (MTN)","2015_Q3",18.79306745
"BW","Mascom (MTN)","2015_Q4",17.91367316
"BW","Mascom (MTN)","2016_Q1",16.93836764
"BW","Mascom (MTN)","2016_Q2",17.51248575
"BW","Mascom (MTN)","2016_Q3",18.0164722
"BW","Mascom (MTN)","2016_Q4",18.12723593
"BW","Mascom (MTN)","2017_Q1",18.2802979
"BW","Mascom (MTN)","2017_Q2",12.59876356
"BW","Mascom (MTN)","2017_Q3",12.78493558
"BW","Mascom (MTN)","2017_Q4",12.61737089
"BW","Orange","2014_Q2",69.2171654
"BW","Orange","2014_Q3",68.05576035
"BW","Orange","2014_Q4",63.69629606
"BW","Orange","2015_Q1",62.72607523
"BW","Orange","2015_Q2",51.52089688
"BW","Orange","2015_Q3",29.83026579
"BW","Orange","2015_Q4",28.43440183
"BW","Orange","2016_Q1",26.88629785
"BW","Orange","2016_Q2",27.79759643
"BW","Orange","2016_Q3",28.59757493
"BW","Orange","2016_Q4",28.77339037
"BW","Orange","2017_Q1",29.01634587
"BW","Orange","2017_Q2",29.29945015
"BW","Orange","2017_Q3",29.73240833
"BW","Orange","2017_Q4",39.0258216
"BW","Orange","\"2017_Q4",NULL
"BW","Be Mobile (BTC)","2014_Q2",86.52145674
"BW","Be Mobile (BTC)","2014_Q3",85.06970044
"BW","Be Mobile (BTC)","2015_Q1",52.27172936
"BW","Be Mobile (BTC)","2015_Q2",51.52089688
"BW","Be Mobile (BTC)","2015_Q3",27.34441031
"BW","Be Mobile (BTC)","2015_Q4",47.39066972
"BW","Be Mobile (BTC)","2016_Q1",44.81049641
"BW","Be Mobile (BTC)","2016_Q2",46.32932739
"BW","Be Mobile (BTC)","2016_Q3",47.66262488
"BW","Be Mobile (BTC)","2017_Q1",48.36057646
"BW","Be Mobile (BTC)","2017_Q2",48.83241691
"BW","Be Mobile (BTC)","2017_Q3",49.55401388
"BW","Be Mobile (BTC)","2017_Q4",48.90453834
"BF","Airtel (Bharti Airtel)","2014_Q3",10.09315987
"BF","Airtel (Bharti Airtel)","2014_Q4",9.52433563
"BF","Airtel (Bharti Airtel)","2015_Q1",8.576652978
"BF","Airtel (Bharti Airtel)","2015_Q2",8.428746747
"BF","Airtel (Bharti Airtel)","2015_Q3",8.476300264
"BF","Airtel (Bharti Airtel)","2015_Q4",8.34426432
"BF","Airtel (Bharti Airtel)","2016_Q1",8.409509473
"BF","Airtel (Bharti Airtel)","2016_Q2",8.615728184
"BF","Airtel (Bharti Airtel)","2016_Q3",8.504572909
"BF","Airtel (Bharti Airtel)","2016_Q4",8.230682999
"BF","Airtel (Bharti Airtel)","2017_Q1",8.131377032
"BF","Airtel (Bharti Airtel)","2017_Q2",8.571624494
"BF","Airtel (Bharti Airtel)","2017_Q3",8.956079387
"BF","Airtel (Bharti Airtel)","2017_Q4",8.978498292
"BF","Telmob (Onatel)","2014_Q3",10.09315987
"BF","Telmob (Onatel)","2014_Q4",9.52433563
"BF","Telmob (Onatel)","2015_Q1",8.576652978
"BF","Telmob (Onatel)","2015_Q2",8.428746747
"BF","Telmob (Onatel)","2015_Q3",8.476300264
"BF","Telmob (Onatel)","2015_Q4",8.34426432
"BF","Telmob (Onatel)","2016_Q1",8.409509473
"BF","Telmob (Onatel)","2016_Q2",8.615728184
"BF","Telmob (Onatel)","2016_Q3",8.504572909
"BF","Telmob (Onatel)","2016_Q4",8.230682999
"BF","Telmob (Onatel)","2017_Q1",8.131377032
"BF","Telmob (Onatel)","2017_Q2",8.571624494
"BF","Telmob (Onatel)","2017_Q3",8.956079387
"BF","Telmob (Onatel)","2017_Q4",7.182798634
"BF","Telecel (Planor afrique)","2017_Q2",8.571624494
"BF","Telecel (Planor afrique)","2017_Q3",8.956079387
"BF","Telecel (Planor afrique)","2017_Q4",8.978498292
"BI","Econet leo","2016_Q2",6.451737776
"BI","Econet leo","2016_Q3",6.069802731
"BI","Econet leo","2016_Q4",6.05411165
"BI","Econet leo","2017_Q1",18.01939247
"BI","Econet leo","2017_Q2",17.80352035
"BI","Smart","2016_Q1",5.853696609
"BI","Smart","2016_Q2",5.806563998
"BI","Smart","2016_Q3",5.462822458
"BI","Smart","2016_Q4",5.448700485
"BI","Smart","2017_Q1",5.405817741
"BI","Smart","2017_Q2",3.263978731
"BI","Smart","2017_Q3",2.91994674
"BI","Smart","2017_Q4",1.84414125
"BI","Lumitel (Viettel)","2016_Q1",5.853696609
"BI","Lumitel (Viettel)","2016_Q2",5.806563998
"BI","Lumitel (Viettel)","2016_Q3",5.462822458
"BI","Lumitel (Viettel)","2016_Q4",5.448700485
"BI","Lumitel (Viettel)","2017_Q1",5.405817741
"BI","Lumitel (Viettel)","2017_Q2",5.341056105
"BI","Lumitel (Viettel)","2017_Q3",5.255904132
"BI","Lumitel (Viettel)","2017_Q4",5.186647265
"CM","MTN","2014_Q3",24.22363258
"CM","MTN","2014_Q4",22.85448738
"CM","MTN","2015_Q1",20.58089578
"CM","MTN","2015_Q2",20.22899219
"CM","MTN","2015_Q3",20.34167229
"CM","MTN","2015_Q4",13.35140223
"CM","MTN","2016_Q1",6.724395603
"CM","MTN","2016_Q2",6.885677103
"CM","MTN","2016_Q3",6.803831918
"CM","MTN","2016_Q4",6.589670033
"CM","MTN","2017_Q1",4.872257528
"CM","MTN","2017_Q2",5.021887058
"CM","MTN","2017_Q3",5.373647632
"CM","MTN","2017_Q4",5.387098975
"CM","Orange","2014_Q2",20.8054194
"CM","Orange","2014_Q3",20.18636048
"CM","Orange","2014_Q4",19.04540615
"CM","Orange","2015_Q1",13.72059719
"CM","Orange","2015_Q2",13.48599479
"CM","Orange","2015_Q3",13.56111486
"CM","Orange","2015_Q4",6.675701116
"CM","Orange","2016_Q1",6.724395603
"CM","Orange","2016_Q2",6.885677103
"CM","Orange","2016_Q3",6.803831918
"CM","Orange","2016_Q4",8.961951245
"CM","Orange","2017_Q1",6.626270238
"CM","Orange","2017_Q2",6.69584941
"CM","Orange","2017_Q3",7.164863509
"CM","Orange","2017_Q4",7.182798634
"CM","CamTel","2016_Q2",10.32851565
"CM","CamTel","2016_Q3",10.20574788
"CM","CamTel","2016_Q4",13.17934007
"CM","CamTel","2017_Q1",9.744515056
"CM","CamTel","2017_Q2",10.04377412
"CM","CamTel","2017_Q3",10.74729526
"CM","CamTel","2017_Q4",10.77419795
"CM","Nexttel (Viettel)","2015_Q3",13.56111486
"CM","Nexttel (Viettel)","2015_Q4",13.35140223
"CM","Nexttel (Viettel)","2016_Q1",13.44879121
"CM","Nexttel (Viettel)","2016_Q2",6.885677103
"CM","Nexttel (Viettel)","2016_Q4",17.57245342
"CM","Nexttel (Viettel)","2017_Q1",12.99268674
"CM","Nexttel (Viettel)","2017_Q3",14.32972702
"CM","Nexttel (Viettel)","2017_Q4",14.36559727
"CV","CVMovel (Cabo Verde Telecom)","2015_Q3",5.051377561
"CV","CVMovel (Cabo Verde Telecom)","2015_Q4",4.975025373
"CV","CVMovel (Cabo Verde Telecom)","2016_Q1",5.007205369
"CV","CVMovel (Cabo Verde Telecom)","2016_Q2",5.03330714
"CV","CVMovel (Cabo Verde Telecom)","2016_Q3",4.965691128
"CV","CVMovel (Cabo Verde Telecom)","2016_Q4",4.80142671
"CV","CVMovel (Cabo Verde Telecom)","2017_Q1",4.736129905
"CV","CVMovel (Cabo Verde Telecom)","2017_Q2",4.883883185
"CV","CVMovel (Cabo Verde Telecom)","2017_Q3",5.219985086
"CV","CVMovel (Cabo Verde Telecom)","2017_Q4",5.234483495
"CV","T+ (Teylium)","2015_Q3",5.051377561
"CV","T+ (Teylium)","2015_Q4",4.975025373
"CV","T+ (Teylium)","2016_Q1",5.007205369
"CV","T+ (Teylium)","2016_Q2",5.136027693
"CV","T+ (Teylium)","2016_Q3",5.067031763
"CV","T+ (Teylium)","2016_Q4",4.89941501
"CV","T+ (Teylium)","2017_Q1",4.832785618
"CV","T+ (Teylium)","2017_Q2",4.983554271
"CV","T+ (Teylium)","2017_Q3",5.326515394
"CV","T+ (Teylium)","2017_Q4",5.341309689
"CF","Orange","2017_Q4",17.95699658
"CF","Telecel (Econet)","2016_Q4",6.578914907
"CF","Telecel (Econet)","2017_Q1",6.496343371
"CF","Telecel (Econet)","2017_Q2",6.69584941
"CF","Telecel (Econet)","2017_Q3",7.164863509
"CF","Telecel (Econet)","2017_Q4",7.182798634
"TD","Airtel (Bharti Airtel)","2015_Q3",16.95139357
"TD","Airtel (Bharti Airtel)","2015_Q4",16.68925279
"TD","Airtel (Bharti Airtel)","2016_Q1",16.81098901
"TD","Airtel (Bharti Airtel)","2016_Q2",17.21419276
"TD","Airtel (Bharti Airtel)","2016_Q3",17.0095798
"TD","Airtel (Bharti Airtel)","2016_Q4",16.44728727
"TD","Airtel (Bharti Airtel)","2017_Q1",16.24085843
"TD","Airtel (Bharti Airtel)","2017_Q2",20.08753142
"TD","Airtel (Bharti Airtel)","2017_Q3",21.49459053
"TD","Airtel (Bharti Airtel)","2017_Q4",21.5483959
"TD","Tigo ","2015_Q3",16.95139357
"TD","Tigo ","2015_Q4",16.68925279
"TD","Tigo ","2016_Q1",16.81098901
"TD","Tigo ","2016_Q2",17.21419276
"TD","Tigo ","2016_Q3",17.0095798
"TD","Tigo ","2016_Q4",16.44728727
"TD","Tigo ","2017_Q1",19.48903011
"TD","Tigo ","2017_Q2",20.08753142
"TD","Tigo ","2017_Q3",21.49459053
"TD","Tigo ","2017_Q4",21.5483959
"KM","Huri (Comores Telecom)","2017_Q1",10.84410514
"KM","Huri (Comores Telecom)","2017_Q2",11.14039798
"KM","Huri (Comores Telecom)","2017_Q3",12.01960638
"KM","Huri (Comores Telecom)","2017_Q4",11.98270656
"KM","Telma","2017_Q1",8.675284116
"KM","Telma","2017_Q2",11.14039798
"KM","Telma","2017_Q3",12.01960638
"KM","Telma","2017_Q4",11.98270656
"CG","Airtel (Bharti Airtel)","2015_Q3",16.95139357
"CG","Airtel (Bharti Airtel)","2015_Q4",16.68925279
"CG","Airtel (Bharti Airtel)","2016_Q1",16.81098901
"CG","Airtel (Bharti Airtel)","2016_Q2",17.21419276
"CG","Airtel (Bharti Airtel)","2016_Q3",17.0095798
"CG","Airtel (Bharti Airtel)","2016_Q4",16.44728727
"CG","Airtel (Bharti Airtel)","2017_Q2",16.73962353
"CG","Airtel (Bharti Airtel)","2017_Q3",17.91215877
"CG","Airtel (Bharti Airtel)","2017_Q4",17.95699658
"CG","MTN","2015_Q4",35.8818935
"CG","MTN","2016_Q1",36.14362637
"CG","MTN","2016_Q2",37.01051443
"CG","MTN","2016_Q3",36.57059656
"CG","MTN","2016_Q4",16.44728727
"CG","MTN","2017_Q1",16.44711733
"CG","MTN","2017_Q2",16.95221674
"CG","MTN","2017_Q3",18.13964319
"CG","MTN","2017_Q4",4.489249146
"CI","MTN","2014_Q3",20.18631973
"CI","MTN","2014_Q4",19.04867126
"CI","MTN","2015_Q1",17.15330596
"CI","MTN","2015_Q2",16.85749349
"CI","MTN","2015_Q3",16.95260053
"CI","MTN","2015_Q4",16.68852864
"CI","MTN","2016_Q1",16.81901895
"CI","MTN","2016_Q2",12.92186913
"CI","MTN","2016_Q3",12.75515845
"CI","MTN","2016_Q4",12.34437836
"CI","MTN","2017_Q1",8.129750757
"CI","MTN","2017_Q2",8.569910169
"CI","MTN","2017_Q3",8.954288171
"CI","MTN","2017_Q4",8.976702593
"CI","Orange","2015_Q4",25.03279296
"CI","Orange","2016_Q1",25.22852842
"CI","Orange","2016_Q2",8.87420003
"CI","Orange","2016_Q3",8.759710096
"CI","Orange","2016_Q4",8.477603488
"CI","Orange","2017_Q1",8.375318343
"CI","Orange","2017_Q2",8.828773229
"CI","Orange","2017_Q3",9.224761768
"CI","Orange","2017_Q4",7.182798634
"CI","Moov (Maroc Telecom)","2014_Q3",11.10247585
"CI","Moov (Maroc Telecom)","2014_Q4",10.47676919
"CI","Moov (Maroc Telecom)","2015_Q1",9.434318276
"CI","Moov (Maroc Telecom)","2015_Q2",9.271621421
"CI","Moov (Maroc Telecom)","2015_Q3",8.306774259
"CI","Moov (Maroc Telecom)","2015_Q4",8.177379033
"CI","Moov (Maroc Telecom)","2016_Q1",8.241319284
"CI","Moov (Maroc Telecom)","2016_Q2",8.44341362
"CI","Moov (Maroc Telecom)","2016_Q3",8.334481451
"CI","Moov (Maroc Telecom)","2016_Q4",8.066069339
"CI","Moov (Maroc Telecom)","2017_Q1",7.968749492
"CI","Moov (Maroc Telecom)","2017_Q2",8.400192004
"CI","Moov (Maroc Telecom)","2017_Q3",8.776957799
"CI","Moov (Maroc Telecom)","2017_Q4",8.798928326
"CI","YooMee","2014_Q3",30.2794796
"CI","YooMee","2014_Q4",28.57300689
"CI","YooMee","2015_Q1",25.72995893
"CI","YooMee","2015_Q2",25.28624024
"CI","YooMee","2015_Q3",25.42890079
"CI","YooMee","2015_Q4",25.03279296
"CI","YooMee","2016_Q1",25.22852842
"CI","YooMee","2016_Q2",25.84718455
"CI","YooMee","2016_Q3",25.51371873
"CI","YooMee","2016_Q4",24.692049
"CI","YooMee","2017_Q1",24.3941311
"CI","YooMee","2017_Q2",25.71487348
"CI","YooMee","2017_Q3",26.86823816
"CI","YooMee","2017_Q4",26.93549488
"CD","Airtel (Bharti Airtel)","2015_Q3",20
"CD","Airtel (Bharti Airtel)","2015_Q4",20
"CD","Airtel (Bharti Airtel)","2016_Q1",20
"CD","Airtel (Bharti Airtel)","2016_Q2",20
"CD","Airtel (Bharti Airtel)","2016_Q3",20
"CD","Airtel (Bharti Airtel)","2016_Q4",20
"CD","Airtel (Bharti Airtel)","2017_Q1",20
"CD","Airtel (Bharti Airtel)","2017_Q2",20
"CD","Airtel (Bharti Airtel)","2017_Q3",20
"CD","Airtel (Bharti Airtel)","2017_Q4",20
"CD","Vodacom","2015_Q3",300
"CD","Vodacom","2015_Q4",20
"CD","Vodacom","2016_Q1",20
"CD","Vodacom","2016_Q2",20
"CD","Vodacom","2016_Q3",20
"CD","Vodacom","2016_Q4",20
"CD","Vodacom","2017_Q1",20
"CD","Vodacom","2017_Q2",20
"CD","Vodacom","2017_Q3",20
"CD","Vodacom","2017_Q4",20
"CD","Tigo","2015_Q3",13
"CD","Tigo","2015_Q4",13
"CD","Tigo","2016_Q1",13
"CD","Tigo","2016_Q2",13
"CD","Tigo","2016_Q3",13
"CD","Tigo","2016_Q4",13
"CD","Tigo","2017_Q1",13
"CD","Tigo","2017_Q2",13
"CD","Orange","2015_Q3",35
"CD","Orange","2015_Q4",20
"CD","Orange","2016_Q1",20
"CD","Orange","2016_Q2",20
"CD","Orange","2016_Q4",15
"CD","Orange","2017_Q1",15
"EG","Vodafone","2015_Q2",13.82673168
"EG","Vodafone","2015_Q4",3.183496753
"EG","Vodafone","2016_Q1",3.133699934
"EG","Vodafone","2016_Q2",2.824179039
"EG","Vodafone","2016_Q3",2.822906645
"EG","Vodafone","2016_Q4",1.740534971
"EG","Vodafone","2017_Q1",1.407816196
"EG","Vodafone","2017_Q2",1.38427464
"EG","Vodafone","2017_Q3",1.690140845
"EG","Vodafone","2017_Q4",1.696832579
"EG","Orange","2015_Q3",3.591309032
"EG","Orange","2015_Q4",3.565516363
"EG","Orange","2016_Q1",3.133699934
"EG","Orange","2016_Q2",2.824179039
"EG","Orange","2016_Q3",2.822906645
"EG","Orange","2016_Q4",1.740534971
"EG","Orange","2017_Q1",1.407816196
"EG","Orange","2017_Q2",1.661129568
"EG","Orange","2017_Q3",1.690140845
"EG","Orange","2017_Q4",1.696832579
"EG","Etisalat","2015_Q4",3.183496753
"EG","Etisalat","2016_Q1",3.133699934
"EG","Etisalat","2016_Q2",2.824179039
"EG","Etisalat","2016_Q3",2.822906645
"EG","Etisalat","2016_Q4",1.740534971
"EG","Etisalat","2017_Q1",1.407816196
"EG","Etisalat","2017_Q2",1.245847176
"EG","Etisalat","2017_Q3",1.690140845
"EG","Etisalat","2017_Q4",1.696832579
"ET","Ethio telecom","2014_Q2",21.07492663
"ET","Ethio telecom","2014_Q3",20.35271251
"ET","Ethio telecom","2014_Q4",10.05232234
"ET","Ethio telecom","2015_Q1",9.952229299
"ET","Ethio telecom","2015_Q2",9.841163619
"ET","Ethio telecom","2015_Q3",9.711849427
"ET","Ethio telecom","2015_Q4",9.595823897
"ET","Ethio telecom","2016_Q1",9.485731089
"ET","Ethio telecom","2016_Q2",7.694639401
"ET","Ethio telecom","2016_Q3",7.548205586
"ET","Ethio telecom","2016_Q4",9.967861199
"ET","Ethio telecom","2017_Q1",7.362455937
"ET","Ethio telecom","2017_Q2",7.252747253
"ET","Ethio telecom","2017_Q3",7.805108798
"ET","Ethio telecom","2017_Q4",6.201841759
"GA","Airtel (Bharti Airtel)","2015_Q1",24.01104508
"GA","Airtel (Bharti Airtel)","2015_Q4",23.3649539
"GA","Airtel (Bharti Airtel)","2016_Q1",23.53538461
"GA","Airtel (Bharti Airtel)","2016_Q2",10.32851565
"GA","Airtel (Bharti Airtel)","2016_Q3",10.20574788
"GA","Airtel (Bharti Airtel)","2016_Q4",21.96556678
"GA","Airtel (Bharti Airtel)","2017_Q1",16.24085843
"GA","Airtel (Bharti Airtel)","2017_Q2",16.73962353
"GA","Airtel (Bharti Airtel)","2017_Q3",16.9987081
"GA","Airtel (Bharti Airtel)","2017_Q4",17.95699658
"GA","Libertis (Gabon Telecom)","2015_Q4",33.37850558
"GA","Libertis (Gabon Telecom)","2016_Q2",9.467806017
"GA","Libertis (Gabon Telecom)","2016_Q3",9.355268887
"GA","Libertis (Gabon Telecom)","2016_Q4",12.08106173
"GA","Libertis (Gabon Telecom)","2017_Q1",22.7372018
"GA","Libertis (Gabon Telecom)","2017_Q2",9.206792939
"GA","Libertis (Gabon Telecom)","2017_Q3",9.349289454
"GA","Libertis (Gabon Telecom)","2017_Q4",9.876348122
"GA","Moov","2015_Q3",16.95139357
"GA","Moov","2015_Q4",16.68925279
"GA","Moov","2016_Q1",16.81098901
"GA","Moov","2016_Q2",17.21419276
"GA","Moov","2016_Q3",17.0095798
"GA","Moov","2016_Q4",21.96556678
"GA","Moov","2017_Q1",16.24085843
"GA","Azur","2015_Q3",6.78055743
"GA","Azur","2015_Q4",6.675701116
"GA","Azur","2016_Q1",6.724395603
"GA","Azur","2016_Q2",6.885677103
"GA","Azur","2016_Q3",6.803831918
"GA","Azur","2016_Q4",8.786226711
"GA","Azur","2017_Q1",6.496343371
"GA","Azur","2017_Q2",6.69584941
"GA","Azur","2017_Q3",6.799483239
"GA","Azur","2017_Q4",7.182798634
"GM","Africell","2016_Q2",6.541591438
"GM","Africell","2016_Q3",6.55067603
"GM","Africell","2016_Q4",8.728745505
"GM","Africell","2017_Q1",6.342836055
"GM","Africell","2017_Q2",6.174502672
"GM","Africell","2017_Q3",6.116548043
"GM","Africell","2017_Q4",5.858168417
"GM","Gamcel","2017_Q2",6.062238987
"GM","Gamcel","2017_Q3",6.005338078
"GM","Gamcel","2017_Q4",5.751656264
"GM","Comium","2016_Q2",475.7521046
"GM","Comium","2016_Q3",476.4128022
"GM","Comium","2016_Q4",634.8178549
"GM","Comium","2017_Q1",461.2971676
"GM","Comium","2017_Q2",449.0547398
"GM","Comium","2017_Q3",444.8398577
"GM","Comium","2017_Q4",426.0486121
"GM","QCell","2017_Q2",7.858457946
"GM","QCell","2017_Q3",7.784697509
"GM","QCell","2017_Q4",7.455850713
"GH","Tigo (Millicom)","2014_Q2",18.70998273
"GH","Tigo (Millicom)","2014_Q4",5.647976351
"GH","Tigo (Millicom)","2015_Q1",5.244254971
"GH","Tigo (Millicom)","2015_Q2",4.499499499
"GH","Tigo (Millicom)","2015_Q3",7.807213866
"GH","Tigo (Millicom)","2015_Q4",7.925395609
"GH","Tigo (Millicom)","2016_Q1",7.712458963
"GH","Tigo (Millicom)","2016_Q2",7.819403067
"GH","Tigo (Millicom)","2016_Q3",7.61558555
"GH","Tigo (Millicom)","2016_Q4",7.373199403
"GH","Tigo (Millicom)","2017_Q1",6.816632584
"GH","Tigo (Millicom)","2017_Q2",7.025761124
"GH","Tigo (Millicom)","2017_Q3",6.833712984
"GH","Tigo (Millicom)","2017_Q4",6.734006734
"GH","MTN","2014_Q2",6.268000915
"GH","MTN","2014_Q3",5.71575548
"GH","MTN","2014_Q4",6.289505959
"GH","MTN","2015_Q1",5.839927585
"GH","MTN","2015_Q2",5.005005005
"GH","MTN","2015_Q3",5.204809244
"GH","MTN","2015_Q4",5.283597073
"GH","MTN","2016_Q1",5.141639309
"GH","MTN","2016_Q2",5.212935378
"GH","MTN","2016_Q3",5.077057033
"GH","MTN","2016_Q4",4.915466269
"GH","MTN","2017_Q1",4.544421722
"GH","MTN","2017_Q2",4.683840749
"GH","MTN","2017_Q3",4.555808656
"GH","MTN","2017_Q4",4.489337823
"GH","Expresso (Sudatel)","2014_Q2",4.701000686
"GH","Expresso (Sudatel)","2016_Q1",3.856229482
"GH","Vodafone","2014_Q2",9.402001373
"GH","Vodafone","2014_Q3",8.57363322
"GH","Vodafone","2014_Q4",9.434258939
"GH","Vodafone","2015_Q1",8.759891377
"GH","Vodafone","2015_Q2",5.005005005
"GH","Vodafone","2015_Q3",5.204809244
"GH","Vodafone","2015_Q4",5.283597073
"GH","Vodafone","2016_Q1",7.712458963
"GH","Vodafone","2016_Q2",6.490104545
"GH","Vodafone","2016_Q3",7.61558555
"GH","Vodafone","2016_Q4",3.929915282
"GH","Vodafone","2017_Q1",3.633265167
"GH","Vodafone","2017_Q2",3.744730679
"GH","Vodafone","2017_Q3",3.642369021
"GH","Vodafone","2017_Q4",3.589225589
"GH","Airtel (Bharti Airtel)","2014_Q2",7.835001144
"GH","Airtel (Bharti Airtel)","2014_Q3",7.14469435
"GH","Airtel (Bharti Airtel)","2014_Q4",7.861882449
"GH","Airtel (Bharti Airtel)","2015_Q1",7.299909481
"GH","Airtel (Bharti Airtel)","2015_Q2",6.256256256
"GH","Airtel (Bharti Airtel)","2015_Q3",7.807213866
"GH","Airtel (Bharti Airtel)","2015_Q4",7.925395609
"GH","Airtel (Bharti Airtel)","2016_Q1",7.712458963
"GH","Airtel (Bharti Airtel)","2016_Q2",7.819403067
"GH","Airtel (Bharti Airtel)","2016_Q3",7.61558555
"GH","Airtel (Bharti Airtel)","2016_Q4",6.144332836
"GH","Airtel (Bharti Airtel)","2017_Q1",5.680527153
"GH","Airtel (Bharti Airtel)","2017_Q2",5.854800937
"GH","Airtel (Bharti Airtel)","2017_Q3",5.69476082
"GH","Airtel (Bharti Airtel)","2017_Q4",5.611672278
"GH","Glo Mobile (Globacom)","2014_Q2",4.701000686
"GH","Glo Mobile (Globacom)","2014_Q3",4.28681661
"GH","Glo Mobile (Globacom)","2014_Q4",4.717129469
"GH","Glo Mobile (Globacom)","2015_Q1",4.379945689
"GH","Glo Mobile (Globacom)","2015_Q2",3.753753754
"GH","Glo Mobile (Globacom)","2015_Q3",3.903606933
"GH","Glo Mobile (Globacom)","2015_Q4",3.962697805
"GH","Glo Mobile (Globacom)","2016_Q1",3.856229482
"GH","Glo Mobile (Globacom)","2016_Q2",3.909701533
"GH","Glo Mobile (Globacom)","2016_Q3",2.538528517
"GH","Glo Mobile (Globacom)","2016_Q4",2.457733134
"GH","Glo Mobile (Globacom)","2017_Q1",2.272210861
"GH","Glo Mobile (Globacom)","2017_Q2",2.341920375
"GH","Glo Mobile (Globacom)","2017_Q3",2.277904328
"GH","Glo Mobile (Globacom)","2017_Q4",2.244668911
"GH","Blu","2016_Q2",5.212935378
"GH","Blu","2016_Q3",5.077057033
"GH","Blu","2016_Q4",4.915466269
"GH","Blu","2017_Q1",4.544421722
"GH","Blu","2017_Q2",4.683840749
"GH","Blu","2017_Q3",4.555808656
"GH","Blu","2017_Q4",4.489337823
"GH","Surfline","2016_Q2",4.952288609
"GH","Surfline","2016_Q3",4.823204181
"GH","Surfline","2016_Q4",4.669692955
"GH","Surfline","2017_Q1",4.317200636
"GH","Surfline","2017_Q2",9.367681499
"GH","Surfline","2017_Q3",7.972665148
"GH","Surfline","2017_Q4",7.85634119
"GN","MTN","2016_Q1",3.949613464
"GN","MTN","2016_Q2",4.010303807
"GN","MTN","2016_Q3",3.346331974
"GN","MTN","2016_Q4",3.297235927
"GN","MTN","2017_Q1",3.236527012
"GN","MTN","2017_Q2",3.304739989
"GN","MTN","2017_Q3",4.500728555
"GN","MTN","2017_Q4",4.478186084
"GN","Orange (Sonatel)","2015_Q3",6.99973261
"GN","Orange (Sonatel)","2015_Q4",6.660308292
"GN","Orange (Sonatel)","2016_Q1",6.582689107
"GN","Orange (Sonatel)","2016_Q2",6.683839679
"GN","Orange (Sonatel)","2016_Q3",6.692663948
"GN","Orange (Sonatel)","2016_Q4",6.594471854
"GN","Orange (Sonatel)","2017_Q1",6.473054025
"GN","Orange (Sonatel)","2017_Q2",6.609479977
"GN","Orange (Sonatel)","2017_Q3",6.751092833
"GN","Orange (Sonatel)","2017_Q4",6.60980266
"GN","Cellcom","2016_Q3",4.907953562
"GN","Cellcom","2016_Q4",4.835946026
"GN","Cellcom","2017_Q1",4.746906285
"GN","Cellcom","2017_Q2",2.203159992
"GN","Cellcom","2017_Q3",2.250364278
"GN","Cellcom","2017_Q4",2.239093042
"GW","MTN","2017_Q2",58.28704656
"GW","MTN","2017_Q3",57.79560753
"GW","MTN","2017_Q4",61.05378839
"GW","Orange (Sonatel)","2017_Q2",101.3166015
"GW","Orange (Sonatel)","2017_Q3",100.4623649
"KE","Airtel (Bharti Airtel)","2014_Q2",13.92342349
"KE","Airtel (Bharti Airtel)","2014_Q3",13.81773714
"KE","Airtel (Bharti Airtel)","2014_Q4",13.56599006
"KE","Airtel (Bharti Airtel)","2015_Q1",11.07147523
"KE","Airtel (Bharti Airtel)","2015_Q2",10.62625855
"KE","Airtel (Bharti Airtel)","2015_Q3",7.401997552
"KE","Airtel (Bharti Airtel)","2015_Q4",7.447790985
"KE","Airtel (Bharti Airtel)","2016_Q1",4.986586083
"KE","Airtel (Bharti Airtel)","2016_Q2",5.032449233
"KE","Airtel (Bharti Airtel)","2016_Q3",5.017737703
"KE","Airtel (Bharti Airtel)","2016_Q4",5.00183067
"KE","Airtel (Bharti Airtel)","2017_Q1",4.921114534
"KE","Airtel (Bharti Airtel)","2017_Q2",4.906771344
"KE","Airtel (Bharti Airtel)","2017_Q3",4.909662215
"KE","Airtel (Bharti Airtel)","2017_Q4",2.943947244
"KE","Safaricom","2014_Q2",11.60285291
"KE","Safaricom","2014_Q3",11.51478095
"KE","Safaricom","2014_Q4",11.30499172
"KE","Safaricom","2015_Q1",11.07147523
"KE","Safaricom","2015_Q2",10.62625855
"KE","Safaricom","2015_Q3",8.388930559
"KE","Safaricom","2015_Q4",4.96519399
"KE","Safaricom","2016_Q1",4.986586083
"KE","Safaricom","2016_Q2",5.032449233
"KE","Safaricom","2016_Q3",5.017737703
"KE","Safaricom","2016_Q4",5.00183067
"KE","Safaricom","2017_Q1",4.921114534
"KE","Safaricom","2017_Q2",4.906771344
"KE","Safaricom","2017_Q3",4.909662215
"KE","Safaricom","2017_Q4",4.896765583
"KE","Telkom Kenya (Orange)","2014_Q2",8.702139682
"KE","Telkom Kenya (Orange)","2014_Q3",8.636085711
"KE","Telkom Kenya (Orange)","2014_Q4",8.478743789
"KE","Telkom Kenya (Orange)","2015_Q1",8.303606422
"KE","Telkom Kenya (Orange)","2015_Q2",7.969693911
"KE","Telkom Kenya (Orange)","2015_Q3",7.401997552
"KE","Telkom Kenya (Orange)","2015_Q4",4.96519399
"KE","Telkom Kenya (Orange)","2016_Q1",4.986586083
"KE","Telkom Kenya (Orange)","2016_Q2",5.032449233
"KE","Telkom Kenya (Orange)","2016_Q3",5.017737703
"KE","Telkom Kenya (Orange)","2016_Q4",5.00183067
"KE","Telkom Kenya (Orange)","2017_Q1",4.921114534
"KE","Telkom Kenya (Orange)","2017_Q2",4.896957802
"KE","Telkom Kenya (Orange)","2017_Q3",4.899842891
"KE","Telkom Kenya (Orange)","2017_Q4",4.896765583
"KE","Equitel (Equity Bank)","2016_Q1",9.973172167
"KE","Equitel (Equity Bank)","2016_Q2",10.06489847
"KE","Equitel (Equity Bank)","2016_Q3",10.03547541
"KE","Equitel (Equity Bank)","2016_Q4",10.00366134
"KE","Equitel (Equity Bank)","2017_Q1",9.842229068
"KE","Equitel (Equity Bank)","2017_Q2",9.813542689
"KE","Equitel (Equity Bank)","2017_Q3",9.81932443
"LS","Econet Wireless","2016_Q1",7.592822252
"LS","Econet Wireless","2016_Q2",8.002560819
"LS","Econet Wireless","2016_Q3",8.528057309
"LS","Econet Wireless","2016_Q4",8.625646924
"LS","Econet Wireless","2017_Q1",9.083339641
"LS","Econet Wireless","2017_Q2",9.302325581
"LS","Econet Wireless","2017_Q3",9.118541033
"LS","Econet Wireless","2017_Q4",8.809279107
"LS","Vodacom","2015_Q3",16.97688058
"LS","Vodacom","2015_Q4",15.47835141
"LS","Vodacom","2016_Q1",13.92017413
"LS","Vodacom","2016_Q2",10.00320102
"LS","Vodacom","2016_Q3",7.106714424
"LS","Vodacom","2016_Q4",7.188039103
"LS","Vodacom","2017_Q1",7.569449701
"LS","Vodacom","2017_Q2",9.689922481
"LS","Vodacom","2017_Q3",7.598784195
"LS","Vodacom","2017_Q4",9.176332403
"LR","Cellcom","2016_Q2",5
"LR","Cellcom","2016_Q3",5
"LR","Cellcom","2016_Q4",5
"LR","Cellcom","2017_Q1",5
"LR","Cellcom","2017_Q2",5
"LR","Cellcom","2017_Q3",5
"LR","Cellcom","2017_Q4",5
"LR","Novafone","2016_Q2",5
"LR","Novafone","2016_Q3",5
"LR","Novafone","2016_Q4",5
"LR","Novafone","2017_Q1",5
"LR","Novafone","2017_Q2",5
"LR","Novafone","2017_Q3",5
"LR","Novafone","2017_Q4",5
"LR","Lonestar (MTN)","2015_Q1",12
"LR","Lonestar (MTN)","2015_Q2",12
"LR","Lonestar (MTN)","2015_Q3",12
"LR","Lonestar (MTN)","2015_Q4",12
"LR","Lonestar (MTN)","2016_Q1",12
"LR","Lonestar (MTN)","2016_Q2",10
"LR","Lonestar (MTN)","2016_Q3",5
"LR","Lonestar (MTN)","2016_Q4",5
"LR","Lonestar (MTN)","2017_Q1",5
"LR","Lonestar (MTN)","2017_Q2",5
"LR","Lonestar (MTN)","2017_Q3",5
"LR","Lonestar (MTN)","2017_Q4",5
"LY","Libyana","2015_Q3",74.63243526
"LY","Libyana","2015_Q4",73.91529307
"LY","Libyana","2016_Q1",73.78222439
"LY","Libyana","2016_Q2",18.96252247
"LY","Libyana","2016_Q3",11.03769003
"LY","Libyana","2016_Q4",10.79960257
"LY","Libyana","2017_Q1",10.69900143
"LY","Libyana","2017_Q2",10.94890511
"LY","Libyana","2017_Q3",11.11111111
"LY","Libyana","2017_Q4",18.54599407
"MG","Airtel (Bharti Airtel)","2015_Q2",7.30903917
"MG","Airtel (Bharti Airtel)","2015_Q3",6.98898846
"MG","Airtel (Bharti Airtel)","2015_Q4",7.104876503
"MG","Airtel (Bharti Airtel)","2016_Q1",7.125843344
"MG","Airtel (Bharti Airtel)","2016_Q2",7.106133098
"MG","Airtel (Bharti Airtel)","2016_Q3",7.466428449
"MG","Airtel (Bharti Airtel)","2016_Q4",6.531412517
"MG","Airtel (Bharti Airtel)","2017_Q1",6.638928591
"MG","Airtel (Bharti Airtel)","2017_Q2",6.738855858
"MG","Airtel (Bharti Airtel)","2017_Q3",10.25353226
"MG","Airtel (Bharti Airtel)","2017_Q4",9.593537793
"MG","Orange","2015_Q3",16.7735723
"MG","Orange","2015_Q4",17.05170361
"MG","Orange","2016_Q1",17.10202402
"MG","Orange","2016_Q2",17.05471944
"MG","Orange","2016_Q3",11.94628552
"MG","Orange","2016_Q4",4.665294655
"MG","Orange","2017_Q1",4.742091851
"MG","Orange","2017_Q2",4.81346847
"MG","Orange","2017_Q3",5.126766128
"MG","Orange","2017_Q4",4.796768896
"MG","Telma","2015_Q3",7.765542734
"MG","Telma","2015_Q4",7.894307226
"MG","Telma","2016_Q1",7.917603715
"MG","Telma","2016_Q2",7.895703442
"MG","Telma","2016_Q3",8.29603161
"MG","Telma","2016_Q4",7.775491092
"MG","Telma","2017_Q1",7.903486418
"MG","Telma","2017_Q2",8.02244745
"MG","Telma","2017_Q3",8.544610214
"MG","Telma","2017_Q4",7.994614827
"MW","Airtel (Bharti Airtel)","2015_Q3",9.103755101
"MW","Airtel (Bharti Airtel)","2015_Q4",7.603222384
"MW","Airtel (Bharti Airtel)","2016_Q1",5.560450035
"MW","Airtel (Bharti Airtel)","2016_Q2",5.804171767
"MW","Airtel (Bharti Airtel)","2016_Q3",7.292391231
"MW","Airtel (Bharti Airtel)","2016_Q4",7.264670093
"MW","Airtel (Bharti Airtel)","2017_Q1",7.233906991
"MW","Airtel (Bharti Airtel)","2017_Q2",7.222322532
"MW","Airtel (Bharti Airtel)","2017_Q3",7.227542497
"MW","Airtel (Bharti Airtel)","2017_Q4",4.87284655
"MW","TNM","2015_Q3",6.926770186
"MW","TNM","2015_Q4",6.652819586
"MW","TNM","2016_Q1",5.777090946
"MW","TNM","2016_Q2",7.236369996
"MW","TNM","2016_Q3",6.73143806
"MW","TNM","2016_Q4",6.705849317
"MW","TNM","2017_Q1",6.677452607
"MW","TNM","2017_Q2",6.666759261
"MW","TNM","2017_Q3",6.671577689
"MW","TNM","2017_Q4",6.682760983
"ML","Orange (Sonatel)","2014_Q4",14.28650344
"ML","Orange (Sonatel)","2015_Q1",12.86497947
"ML","Orange (Sonatel)","2015_Q2",12.64312012
"ML","Orange (Sonatel)","2015_Q3",12.7144504
"ML","Orange (Sonatel)","2015_Q4",12.51639648
"ML","Orange (Sonatel)","2016_Q1",12.61426421
"ML","Orange (Sonatel)","2016_Q2",12.92359228
"ML","Orange (Sonatel)","2016_Q3",12.75685936
"ML","Orange (Sonatel)","2016_Q4",12.3460245
"ML","Orange (Sonatel)","2017_Q1",12.19706555
"ML","Orange (Sonatel)","2017_Q2",12.85743674
"ML","Orange (Sonatel)","2017_Q3",12.74903107
"ML","Orange (Sonatel)","2017_Q4",13.46774744
"ML","Malitel (Sotelma)","2016_Q2",12.92359228
"ML","Malitel (Sotelma)","2016_Q3",12.75685936
"ML","Malitel (Sotelma)","2016_Q4",12.3460245
"ML","Malitel (Sotelma)","2017_Q1",12.19706555
"ML","Malitel (Sotelma)","2017_Q2",12.85743674
"ML","Malitel (Sotelma)","2017_Q3",12.74903107
"ML","Malitel (Sotelma)","2017_Q4",13.46774744
"MR","Mauritel","2016_Q3",28.47420948
"MR","Mauritel","2016_Q4",14.17776076
"MR","Mauritel","2017_Q1",14.15348034
"MR","Mauritel","2017_Q2",14.05639425
"MR","Mauritel","2017_Q3",13.96063102
"MR","Mauritel","2017_Q4",17.03500125
"MR","Mattel (Tunisie Telecom)","2016_Q1",31.13140879
"MR","Mattel (Tunisie Telecom)","2016_Q2",28.96921731
"MR","Mattel (Tunisie Telecom)","2016_Q3",28.47420948
"MR","Mattel (Tunisie Telecom)","2016_Q4",9.924432535
"MR","Mattel (Tunisie Telecom)","2017_Q1",8.492088204
"MR","Mattel (Tunisie Telecom)","2017_Q2",8.433836552
"MR","Mattel (Tunisie Telecom)","2017_Q3",8.376378612
"MR","Mattel (Tunisie Telecom)","2017_Q4",8.517500625
"MR","Chinguitel (Sudatel)","2015_Q4",22.95300209
"MR","Chinguitel (Sudatel)","2016_Q1",21.79198615
"MR","Chinguitel (Sudatel)","2016_Q2",20.27845212
"MR","Chinguitel (Sudatel)","2016_Q3",28.47420948
"MR","Chinguitel (Sudatel)","2016_Q4",26.65419024
"MR","Chinguitel (Sudatel)","2017_Q1",26.60854304
"MR","Chinguitel (Sudatel)","2017_Q2",26.4260212
"MR","Chinguitel (Sudatel)","2017_Q3",33.50551445
"MR","Chinguitel (Sudatel)","2017_Q4",34.0700025
"MU","Orange","2015_Q4",8.581720075
"MU","Orange","2016_Q1",8.646666551
"MU","Orange","2016_Q2",8.804683267
"MU","Orange","2016_Q3",8.784170865
"MU","Orange","2016_Q4",8.661068353
"MU","Orange","2017_Q1",8.726869418
"MU","Orange","2017_Q2",8.92803822
"MU","Orange","2017_Q3",9.268443893
"MU","Orange","2017_Q4",9.102809998
"MU","Emtel","2015_Q4",7.146649829
"MU","Emtel","2016_Q1",7.20073569
"MU","Emtel","2016_Q2",7.332328206
"MU","Emtel","2016_Q3",7.315245971
"MU","Emtel","2016_Q4",9.703872569
"MU","Emtel","2017_Q1",7.267526706
"MU","Emtel","2017_Q2",7.43505524
"MU","Emtel","2017_Q3",7.718536888
"MU","Emtel","2017_Q4",7.580600968
"MU","CHILI (MTML)","2015_Q3",8.037387002
"MU","CHILI (MTML)","2015_Q4",6.45781611
"MU","CHILI (MTML)","2016_Q1",5.205351101
"MU","CHILI (MTML)","2016_Q2",5.300478221
"MU","CHILI (MTML)","2016_Q3",5.288129618
"MU","CHILI (MTML)","2016_Q4",5.214021082
"MU","CHILI (MTML)","2017_Q1",5.253633763
"MU","CHILI (MTML)","2017_Q2",5.374738728
"MU","CHILI (MTML)","2017_Q3",5.57966522
"MU","CHILI (MTML)","2017_Q4",5.479952507
"MA","Maroc Telecom (Etisalat)","2016_Q1",5.141805864
"MA","Maroc Telecom (Etisalat)","2016_Q2",5.197629465
"MA","Maroc Telecom (Etisalat)","2016_Q3",5.161769868
"MA","Maroc Telecom (Etisalat)","2016_Q4",5.059079935
"MA","Maroc Telecom (Etisalat)","2017_Q1",5.033725964
"MA","Maroc Telecom (Etisalat)","2017_Q2",5.202913632
"MA","Maroc Telecom (Etisalat)","2017_Q3",5.364806867
"MA","Maroc Telecom (Etisalat)","2017_Q4",5.360205832
"MA","Meditel","2015_Q4",10.20189551
"MA","Meditel","2016_Q1",10.28361173
"MA","Meditel","2016_Q2",5.197629465
"MA","Meditel","2016_Q3",10.22030434
"MA","Meditel","2016_Q4",10.11815987
"MA","Meditel","2017_Q1",10.06745193
"MA","Meditel","2017_Q2",10.40582726
"MA","Meditel","2017_Q3",10.72961373
"MA","Meditel","2017_Q4",3.216123499
"MA","inwi (Wana)","2013_Q3",11.98106991
"MA","inwi (Wana)","2013_Q4",12.25189904
"MA","inwi (Wana)","2014_Q1",12.40423927
"MA","inwi (Wana)","2014_Q2",12.27762158
"MA","inwi (Wana)","2014_Q3",11.98509055
"MA","inwi (Wana)","2014_Q4",11.40133852
"MA","inwi (Wana)","2015_Q1",10.45784443
"MA","inwi (Wana)","2015_Q2",10.32023695
"MA","inwi (Wana)","2015_Q3",10.31895902
"MA","inwi (Wana)","2015_Q4",5.100947756
"MA","inwi (Wana)","2016_Q1",5.141805864
"MA","inwi (Wana)","2016_Q2",5.197629465
"MA","inwi (Wana)","2016_Q3",5.161769868
"MA","inwi (Wana)","2016_Q4",5.059079935
"MA","inwi (Wana)","2017_Q1",5.033725964
"MA","inwi (Wana)","2017_Q2",5.202913632
"MA","inwi (Wana)","2017_Q3",5.364806867
"MA","inwi (Wana)","2017_Q4",5.360205832
"MZ","mcel (Mozambique Cellular)","2014_Q2",15.97444089
"MZ","mcel (Mozambique Cellular)","2014_Q3",16.45619197
"MZ","mcel (Mozambique Cellular)","2014_Q4",5.077124697
"MZ","mcel (Mozambique Cellular)","2015_Q1",4.783430198
"MZ","mcel (Mozambique Cellular)","2015_Q2",4.436803283
"MZ","mcel (Mozambique Cellular)","2015_Q3",4.033305016
"MZ","mcel (Mozambique Cellular)","2015_Q4",3.62141706
"MZ","mcel (Mozambique Cellular)","2016_Q1",3.346636212
"MZ","mcel (Mozambique Cellular)","2016_Q2",2.869440459
"MZ","mcel (Mozambique Cellular)","2016_Q3",2.268174814
"MZ","mcel (Mozambique Cellular)","2016_Q4",2.122846472
"MZ","mcel (Mozambique Cellular)","2017_Q1",2.272565869
"MZ","mcel (Mozambique Cellular)","2017_Q2",2.705902249
"MZ","mcel (Mozambique Cellular)","2017_Q3",2.664002664
"MZ","mcel (Mozambique Cellular)","2017_Q4",2.678765759
"MZ","Vodacom","2016_Q1",4.183295265
"MZ","Vodacom","2016_Q2",3.586800574
"MZ","Vodacom","2016_Q3",3.544023147
"MZ","Vodacom","2016_Q4",3.316947612
"MZ","Vodacom","2017_Q1",3.55088417
"MZ","Vodacom","2017_Q2",4.227972265
"MZ","Vodacom","2017_Q3",4.162504163
"MZ","Vodacom","2017_Q4",4.185571498
"MZ","Movitel","2014_Q2",6.389776358
"MZ","Movitel","2014_Q3",6.582476789
"MZ","Movitel","2014_Q4",6.346405872
"MZ","Movitel","2015_Q1",5.979287747
"MZ","Movitel","2015_Q2",5.546004104
"MZ","Movitel","2015_Q3",5.04163127
"MZ","Movitel","2015_Q4",4.526771326
"MZ","Movitel","2016_Q1",4.183295265
"MZ","Movitel","2016_Q2",3.586800574
"MZ","Movitel","2016_Q3",2.835218517
"MZ","Movitel","2016_Q4",2.65355809
"MZ","Movitel","2017_Q1",2.840707336
"MZ","Movitel","2017_Q2",3.382377812
"MZ","Movitel","2017_Q3",3.33000333
"MZ","Movitel","2017_Q4",3.348457198
"NA","MTC","2012_Q1",15.62276236
"NA","MTC","2013_Q1",13.43243485
"NA","MTC","2013_Q4",19.72230988
"NA","MTC","2014_Q1",11.04860465
"NA","MTC","2014_Q2",18.86578878
"NA","MTC","2014_Q3",18.58718785
"NA","MTC","2014_Q4",17.23885293
"NA","MTC","2015_Q1",10.21728765
"NA","MTC","2015_Q2",9.936982966
"NA","MTC","2015_Q3",5.500509306
"NA","MTC","2015_Q4",5.014985858
"NA","MTC","2016_Q1",4.510136418
"NA","MTC","2016_Q2",4.753521127
"NA","MTC","2016_Q3",5.065666041
"NA","MTC","2016_Q4",5.123634273
"NA","MTC","2017_Q1",5.395095368
"NA","MTC","2017_Q2",5.525581395
"NA","MTC","2017_Q3",5.416413374
"NA","MTC","2017_Q4",5.23271179
"NA","TN Mobile (Telecom Namibia)","2014_Q2",22.54461759
"NA","TN Mobile (Telecom Namibia)","2014_Q3",22.21168948
"NA","TN Mobile (Telecom Namibia)","2014_Q4",20.60042925
"NA","TN Mobile (Telecom Namibia)","2015_Q1",20.34943124
"NA","TN Mobile (Telecom Namibia)","2015_Q2",19.79115774
"NA","TN Mobile (Telecom Namibia)","2015_Q3",10.72630182
"NA","TN Mobile (Telecom Namibia)","2015_Q4",9.779503848
"NA","TN Mobile (Telecom Namibia)","2016_Q1",7.592822252
"NA","TN Mobile (Telecom Namibia)","2016_Q2",8.002560819
"NA","TN Mobile (Telecom Namibia)","2016_Q3",8.528057309
"NA","TN Mobile (Telecom Namibia)","2016_Q4",8.625646924
"NA","TN Mobile (Telecom Namibia)","2017_Q1",9.082652134
"NA","TN Mobile (Telecom Namibia)","2017_Q2",9.302325581
"NA","TN Mobile (Telecom Namibia)","2017_Q3",9.118541033
"NA","TN Mobile (Telecom Namibia)","2017_Q4",8.809279107
"NA","Paratus Telecom","2017_Q2",6.589147287
"NA","Paratus Telecom","2017_Q3",6.458966565
"NA","Paratus Telecom","2017_Q4",6.239906034
"NE","Airtel (Bharti Airtel)","2015_Q3",8.476300264
"NE","Airtel (Bharti Airtel)","2015_Q4",8.34426432
"NE","Airtel (Bharti Airtel)","2016_Q1",8.409509473
"NE","Airtel (Bharti Airtel)","2016_Q2",5.16943691
"NE","Airtel (Bharti Airtel)","2016_Q3",5.102743745
"NE","Airtel (Bharti Airtel)","2016_Q4",6.584546399
"NE","Airtel (Bharti Airtel)","2017_Q1",6.505091047
"NE","Airtel (Bharti Airtel)","2017_Q2",6.857299595
"NE","Airtel (Bharti Airtel)","2017_Q3",0.04249677
"NE","Airtel (Bharti Airtel)","2017_Q4",3.396243076
"NE","Moov (Maroc Telecom)","2016_Q2",68.92582547
"NE","Moov (Maroc Telecom)","2016_Q3",68.03658327
"NE","Moov (Maroc Telecom)","2016_Q4",65.84546399
"NE","Moov (Maroc Telecom)","2017_Q1",65.05091047
"NE","Moov (Maroc Telecom)","2017_Q2",68.57299595
"NE","Moov (Maroc Telecom)","2017_Q3",67.99483239
"NE","Moov (Maroc Telecom)","2017_Q4",67.92486152
"NE","Orange","2015_Q3",25.42890079
"NE","Orange","2015_Q4",25.03279296
"NE","Orange","2016_Q1",25.22852842
"NE","Orange","2016_Q2",8.615728184
"NE","Orange","2016_Q3",8.504572909
"NE","Orange","2016_Q4",8.230682999
"NE","Orange","2017_Q1",6.505091047
"NE","Orange","2017_Q2",6.857299595
"NE","Orange","2017_Q3",6.799483239
"NE","Orange","2017_Q4",6.792486152
"NG","Glo Mobile (Globacom)","2014_Q2",18.57849725
"NG","Glo Mobile (Globacom)","2014_Q3",18.63585539
"NG","Glo Mobile (Globacom)","2014_Q4",17.55679624
"NG","Glo Mobile (Globacom)","2015_Q1",15.51502113
"NG","Glo Mobile (Globacom)","2015_Q2",15.17926714
"NG","Glo Mobile (Globacom)","2015_Q3",15.19287353
"NG","Glo Mobile (Globacom)","2015_Q4",5.062188992
"NG","Glo Mobile (Globacom)","2016_Q1",5.075085896
"NG","Glo Mobile (Globacom)","2016_Q2",4.853002553
"NG","Glo Mobile (Globacom)","2016_Q3",3.249876505
"NG","Glo Mobile (Globacom)","2016_Q4",3.202449233
"NG","Glo Mobile (Globacom)","2017_Q1",3.212149635
"NG","Glo Mobile (Globacom)","2017_Q2",3.146336092
"NG","Glo Mobile (Globacom)","2017_Q3",2.898886827
"NG","Glo Mobile (Globacom)","2017_Q4",2.804026582
"NG","MTN","2011_Q1",6.583252469
"NG","MTN","2014_Q2",21.67491346
"NG","MTN","2014_Q3",21.74183128
"NG","MTN","2014_Q4",20.48292894
"NG","MTN","2015_Q1",18.10085798
"NG","MTN","2015_Q2",17.709145
"NG","MTN","2015_Q3",17.72501912
"NG","MTN","2015_Q4",17.71766147
"NG","MTN","2016_Q1",17.76280064
"NG","MTN","2016_Q2",16.98550893
"NG","MTN","2016_Q3",3.249876505
"NG","MTN","2016_Q4",3.202449233
"NG","MTN","2017_Q1",3.212149635
"NG","MTN","2017_Q2",3.146336092
"NG","MTN","2017_Q3",2.898886827
"NG","MTN","2017_Q4",2.804026582
"NG","Airtel (Bharti Airtel)","2014_Q2",18.57849725
"NG","Airtel (Bharti Airtel)","2014_Q3",18.63585539
"NG","Airtel (Bharti Airtel)","2014_Q4",17.55679624
"NG","Airtel (Bharti Airtel)","2015_Q1",10.34334742
"NG","Airtel (Bharti Airtel)","2015_Q2",10.11951143
"NG","Airtel (Bharti Airtel)","2015_Q3",10.12858235
"NG","Airtel (Bharti Airtel)","2015_Q4",10.12437798
"NG","Airtel (Bharti Airtel)","2016_Q1",10.15017179
"NG","Airtel (Bharti Airtel)","2016_Q2",9.706005105
"NG","Airtel (Bharti Airtel)","2016_Q3",3.249876505
"NG","Airtel (Bharti Airtel)","2016_Q4",3.202449233
"NG","Airtel (Bharti Airtel)","2017_Q1",3.212149635
"NG","Airtel (Bharti Airtel)","2017_Q2",3.146336092
"NG","Airtel (Bharti Airtel)","2017_Q3",2.898886827
"NG","Airtel (Bharti Airtel)","2017_Q4",2.804026582
"NG","9mobile","2014_Q2",24.77132966
"NG","9mobile","2014_Q3",24.84780718
"NG","9mobile","2014_Q4",23.40906165
"NG","9mobile","2015_Q1",20.68669484
"NG","9mobile","2015_Q2",20.23902286
"NG","9mobile","2015_Q3",20.25716471
"NG","9mobile","2015_Q4",10.12437798
"NG","9mobile","2016_Q1",10.15017179
"NG","9mobile","2016_Q2",4.853002553
"NG","9mobile","2016_Q3",3.249876505
"NG","9mobile","2016_Q4",3.202449233
"NG","9mobile","2017_Q1",3.212149635
"NG","9mobile","2017_Q2",3.146336092
"NG","9mobile","2017_Q3",2.898886827
"NG","9mobile","2017_Q4",2.804026582
"NG","Spectranet","2016_Q2",14.55900766
"NG","Spectranet","2016_Q3",9.749629514
"NG","Spectranet","2016_Q4",16.01224617
"NG","Spectranet","2017_Q1",16.06074817
"NG","Spectranet","2017_Q2",15.73168046
"NG","Spectranet","2017_Q3",14.49443414
"NG","Spectranet","2017_Q4",8.412079747
"NG","Smile","2014_Q2",11.14709835
"NG","Smile","2014_Q3",11.18151323
"NG","Smile","2014_Q4",10.53407774
"NG","Smile","2015_Q1",9.309012676
"NG","Smile","2015_Q2",9.107560287
"NG","Smile","2015_Q3",9.115724118
"NG","Smile","2015_Q4",7.593283488
"NG","Smile","2016_Q1",7.612628844
"NG","Smile","2016_Q2",7.279503829
"NG","Smile","2016_Q3",4.874814757
"NG","Smile","2016_Q4",4.80367385
"NG","Smile","2017_Q1",3.212149635
"NG","Smile","2017_Q2",3.146336092
"NG","Smile","2017_Q3",2.898886827
"NG","Smile","2017_Q4",2.804026582
"NG","Swift Networks","2016_Q2",9.706005105
"NG","Swift Networks","2016_Q3",6.499753009
"NG","Swift Networks","2016_Q4",6.404898466
"NG","Swift Networks","2017_Q1",6.42429927
"NG","Swift Networks","2017_Q2",6.292672183
"RW","MTN","2014_Q2",11.92424527
"RW","MTN","2014_Q3",11.78213651
"RW","MTN","2014_Q4",11.77206342
"RW","MTN","2015_Q1",11.7992534
"RW","MTN","2015_Q2",11.71361385
"RW","MTN","2015_Q3",11.4895151
"RW","MTN","2015_Q4",11.01267008
"RW","MTN","2016_Q1",10.82721257
"RW","MTN","2016_Q2",10.74272516
"RW","MTN","2016_Q3",10.4232219
"RW","MTN","2016_Q4",9.938764785
"RW","MTN","2017_Q1",6.113029923
"RW","MTN","2017_Q2",2.429749857
"RW","MTN","2017_Q3",2.438340465
"RW","MTN","2017_Q4",2.397328417
"RW","Tigo","2015_Q1",4.424720026
"RW","Tigo","2015_Q2",4.392605196
"RW","Tigo","2015_Q3",4.308568162
"RW","Tigo","2015_Q4",4.129751279
"RW","Tigo","2016_Q1",4.060204716
"RW","Tigo","2016_Q2",4.028521935
"RW","Tigo","2016_Q3",3.908708211
"RW","Tigo","2016_Q4",3.727036795
"RW","Tigo","2017_Q1",3.667817954
"RW","Tigo","2017_Q2",3.644624786
"RW","Tigo","2017_Q3",3.657510698
"RW","Tigo","2017_Q4",4.19532473
"RW","Airtel (Bharti Airtel)","2014_Q2",17.8863679
"RW","Airtel (Bharti Airtel)","2014_Q3",14.72767064
"RW","Airtel (Bharti Airtel)","2014_Q4",14.71507928
"RW","Airtel (Bharti Airtel)","2015_Q1",14.74906675
"RW","Airtel (Bharti Airtel)","2015_Q2",19.03462251
"RW","Airtel (Bharti Airtel)","2015_Q3",18.67046204
"RW","Airtel (Bharti Airtel)","2015_Q4",17.89558888
"RW","Airtel (Bharti Airtel)","2016_Q1",17.59422043
"RW","Airtel (Bharti Airtel)","2016_Q2",5.37136258
"RW","Airtel (Bharti Airtel)","2016_Q3",18.24063832
"RW","Airtel (Bharti Airtel)","2016_Q4",3.727036795
"RW","Airtel (Bharti Airtel)","2017_Q1",3.056514962
"RW","Airtel (Bharti Airtel)","2017_Q2",3.037187322
"RW","Airtel (Bharti Airtel)","2017_Q3",3.047925582
"RW","Airtel (Bharti Airtel)","2017_Q4",2.996660522
"ST","CST","2015_Q3",9.184170164
"ST","CST","2015_Q4",9.00775117
"ST","CST","2016_Q1",9.054813312
"ST","CST","2016_Q2",9.352699657
"ST","CST","2016_Q3",9.193711501
"ST","CST","2016_Q4",8.843101276
"ST","CST","2017_Q1",8.732899509
"ST","CST","2017_Q2",9.212773141
"ST","CST","2017_Q3",9.61984767
"ST","CST","2017_Q4",9.647604833
"ST","Unitel","2016_Q2",9.352699657
"ST","Unitel","2016_Q3",9.193711501
"ST","Unitel","2016_Q4",8.843101276
"ST","Unitel","2017_Q1",8.732899509
"ST","Unitel","2017_Q2",9.212773141
"ST","Unitel","2017_Q3",9.61984767
"ST","Unitel","2017_Q4",9.647604833
"SN","Orange","2014_Q4",47.62167815
"SN","Orange","2015_Q1",32.59128132
"SN","Orange","2015_Q2",8.259169364
"SN","Orange","2015_Q3",8.306774259
"SN","Orange","2015_Q4",8.177379033
"SN","Orange","2016_Q1",8.241319284
"SN","Orange","2016_Q2",8.44341362
"SN","Orange","2016_Q3",8.334481451
"SN","Orange","2016_Q4",8.066069339
"SN","Orange","2017_Q1",7.968749492
"SN","Orange","2017_Q2",8.400192004
"SN","Orange","2017_Q3",8.329366968
"SN","Orange","2017_Q4",8.820115508
"SN","Tigo (Millicom)","2014_Q3",50.46579933
"SN","Tigo (Millicom)","2014_Q4",47.62167815
"SN","Tigo (Millicom)","2015_Q1",42.88326489
"SN","Tigo (Millicom)","2015_Q2",32.02535059
"SN","Tigo (Millicom)","2015_Q3",8.476300264
"SN","Tigo (Millicom)","2015_Q4",8.34426432
"SN","Tigo (Millicom)","2016_Q1",8.409509473
"SN","Tigo (Millicom)","2016_Q2",8.615728184
"SN","Tigo (Millicom)","2016_Q3",8.504572909
"SN","Tigo (Millicom)","2016_Q4",8.230682999
"SN","Tigo (Millicom)","2017_Q1",6.505101626
"SN","Tigo (Millicom)","2017_Q2",6.857299595
"SN","Tigo (Millicom)","2017_Q3",6.799483239
"SN","Tigo (Millicom)","2017_Q4",7.056092407
"SN","Expresso (Sudatel)","2014_Q4",19.04867126
"SN","Expresso (Sudatel)","2015_Q1",17.15330596
"SN","Expresso (Sudatel)","2015_Q2",16.85544768
"SN","Expresso (Sudatel)","2015_Q3",16.95260053
"SN","Expresso (Sudatel)","2015_Q4",16.68852864
"SN","Expresso (Sudatel)","2016_Q1",16.81901895
"SN","Expresso (Sudatel)","2016_Q2",17.23145637
"SN","Expresso (Sudatel)","2016_Q3",17.00914582
"SN","Expresso (Sudatel)","2017_Q1",3.089923272
"SN","Expresso (Sudatel)","2017_Q2",3.257217308
"SN","Expresso (Sudatel)","2017_Q3",3.229754539
"SN","Expresso (Sudatel)","2017_Q4",4.057253134
"SN","Kirene Mobile (Orange)","2016_Q2",8.615728184
"SN","Kirene Mobile (Orange)","2016_Q3",8.504572909
"SN","Kirene Mobile (Orange)","2016_Q4",8.230682999
"SN","Kirene Mobile (Orange)","2017_Q1",8.131377032
"SN","Kirene Mobile (Orange)","2017_Q2",8.571624494
"SN","Kirene Mobile (Orange)","2017_Q3",8.499354049
"SN","Kirene Mobile (Orange)","2017_Q4",8.820115508
"SC","Cable & Wireless","2015_Q4",41.20561519
"SC","Cable & Wireless","2016_Q1",40.21663792
"SC","Cable & Wireless","2016_Q2",15.97944353
"SC","Cable & Wireless","2016_Q3",16.04153064
"SC","Cable & Wireless","2016_Q4",15.9375951
"SC","Cable & Wireless","2017_Q1",15.86289358
"SC","Cable & Wireless","2017_Q2",15.7312253
"SC","Cable & Wireless","2017_Q3",15.65696302
"SC","Cable & Wireless","2017_Q4",15.34309946
"SC","Airtel (Bharti Airtel)","2016_Q3",24.10260131
"SC","Airtel (Bharti Airtel)","2016_Q4",23.94643687
"SC","Airtel (Bharti Airtel)","2017_Q2",23.63636364
"SC","Airtel (Bharti Airtel)","2017_Q3",23.52478363
"SC","Airtel (Bharti Airtel)","2017_Q4",23.05319969
"SL","Orange (Airtel)","2014_Q4",23.80692468
"SL","Orange (Airtel)","2015_Q1",23.86495925
"SL","Orange (Airtel)","2015_Q2",24.00074929
"SL","Orange (Airtel)","2015_Q3",26.74438629
"SL","Orange (Airtel)","2015_Q4",25.18749324
"SL","Orange (Airtel)","2016_Q1",25.29340348
"SL","Orange (Airtel)","2016_Q2",27.97265673
"SL","Orange (Airtel)","2016_Q3",20.2994576
"SL","Orange (Airtel)","2016_Q4",20.01569087
"SL","Orange (Airtel)","2017_Q1",15.41277121
"SL","Orange (Airtel)","2017_Q2",15.00284652
"SL","Orange (Airtel)","2017_Q3",14.91114555
"SL","Orange (Airtel)","2017_Q4",7.888828525
"SL","Smart SL","2016_Q2",24.97558636
"SL","Smart SL","2016_Q3",18.04396231
"SL","Smart SL","2016_Q4",17.87115256
"SL","Smart SL","2017_Q1",13.76140287
"SL","Smart SL","2017_Q2",13.39539868
"SL","Smart SL","2017_Q3",13.31352281
"SL","Smart SL","2017_Q4",13.14804754
"ZA","CellC ","2014_Q2",14.05501264
"ZA","CellC ","2014_Q3",13.84745495
"ZA","CellC ","2014_Q4",12.84294543
"ZA","CellC ","2015_Q1",10.48306528
"ZA","CellC ","2015_Q2",10.48306528
"ZA","CellC ","2015_Q3",10.48306528
"ZA","CellC ","2015_Q4",10.48306528
"ZA","CellC ","2016_Q1",9.427754296
"ZA","CellC ","2016_Q2",9.936513017
"ZA","CellC ","2016_Q3",10.58900449
"ZA","CellC ","2016_Q4",10.71017826
"ZA","CellC ","2017_Q1",11.2776264
"ZA","CellC ","2017_Q2",11.5503876
"ZA","CellC ","2017_Q3",11.32218845
"ZA","CellC ","2017_Q4",10.93818822
"ZA","MTN","2014_Q2",14.05501264
"ZA","MTN","2014_Q3",13.84745495
"ZA","MTN","2014_Q4",12.84294543
"ZA","MTN","2015_Q1",10.48306528
"ZA","MTN","2015_Q2",10.48306528
"ZA","MTN","2015_Q3",11.25698285
"ZA","MTN","2015_Q4",11.25698285
"ZA","MTN","2016_Q1",9.491027815
"ZA","MTN","2016_Q2",10.00320102
"ZA","MTN","2016_Q3",11.37074308
"ZA","MTN","2016_Q4",11.50086256
"ZA","MTN","2017_Q1",12.11020285
"ZA","MTN","2017_Q2",12.40310078
"ZA","MTN","2017_Q3",12.15805471
"ZA","MTN","2017_Q4",11.74570548
"ZA","Vodacom","2014_Q2",14.05501264
"ZA","Vodacom","2014_Q3",13.84745495
"ZA","Vodacom","2014_Q4",12.84294543
"ZA","Vodacom","2015_Q1",10.48306528
"ZA","Vodacom","2015_Q2",10.48306528
"ZA","Vodacom","2015_Q3",10.48306528
"ZA","Vodacom","2015_Q4",10.48306528
"ZA","Vodacom","2016_Q1",9.427754296
"ZA","Vodacom","2016_Q2",9.936513017
"ZA","Vodacom","2016_Q3",10.58900449
"ZA","Vodacom","2016_Q4",10.71017826
"ZA","Vodacom","2017_Q1",11.2776264
"ZA","Vodacom","2017_Q2",11.5503876
"ZA","Vodacom","2017_Q3",11.32218845
"ZA","Vodacom","2017_Q4",10.93818822
"ZA","Telkom Mobile","2014_Q2",16.9792099
"ZA","Telkom Mobile","2014_Q3",16.72846907
"ZA","Telkom Mobile","2014_Q4",15.51496763
"ZA","Telkom Mobile","2015_Q1",8.372380993
"ZA","Telkom Mobile","2015_Q2",8.372380993
"ZA","Telkom Mobile","2015_Q3",6.965258137
"ZA","Telkom Mobile","2015_Q4",6.965258137
"ZA","Telkom Mobile","2016_Q1",6.264078358
"ZA","Telkom Mobile","2016_Q2",6.602112676
"ZA","Telkom Mobile","2016_Q3",7.03564728
"ZA","Telkom Mobile","2016_Q4",7.116158712
"ZA","Telkom Mobile","2017_Q1",7.493188011
"ZA","Telkom Mobile","2017_Q2",7.674418605
"ZA","Telkom Mobile","2017_Q3",7.522796353
"ZA","Telkom Mobile","2017_Q4",7.267655264
"ZA","Virgin Mobile","2014_Q3",9.107722047
"ZA","Virgin Mobile","2014_Q4",8.447037934
"ZA","Virgin Mobile","2015_Q1",11.25698285
"ZA","Virgin Mobile","2015_Q2",11.25698285
"ZA","Virgin Mobile","2015_Q3",11.25698285
"ZA","Virgin Mobile","2015_Q4",11.25698285
"ZA","Virgin Mobile","2016_Q1",11.07286578
"ZA","Virgin Mobile","2016_Q2",10.00320102
"ZA","Virgin Mobile","2016_Q3",10.66007164
"ZA","Virgin Mobile","2016_Q4",10.78205865
"ZA","Virgin Mobile","2017_Q1",11.35331517
"ZA","Virgin Mobile","2017_Q2",11.5503876
"ZA","Virgin Mobile","2017_Q3",15.19756839
"ZA","Virgin Mobile","2017_Q4",14.68213185
"SS","MTN","2015_Q4",6.094182825
"SS","MTN","2016_Q1",26.08614639
"SS","MTN","2016_Q2",13.67818951
"SS","MTN","2016_Q3",8.202833706
"SS","MTN","2016_Q4",10.42036998
"SS","MTN","2017_Q1",7.752998586
"SS","MTN","2017_Q2",7.275902212
"SS","MTN","2017_Q3",7.173843323
"SS","MTN","2017_Q4",6.525410717
"SD","MTN","2016_Q1",4.953633986
"SD","MTN","2016_Q2",4.954116623
"SD","MTN","2016_Q3",4.955802501
"SD","MTN","2016_Q4",4.718724686
"SD","MTN","2017_Q1",4.638218924
"SD","MTN","2017_Q2",4.518072289
"SD","MTN","2017_Q3",4.518072289
"SD","MTN","2017_Q4",4.486316734
"SD","Zain","2016_Q1",7.513011545
"SD","Zain","2016_Q2",7.513743545
"SD","Zain","2016_Q3",7.51630046
"SD","Zain","2016_Q4",7.15673244
"SD","Zain","2017_Q1",7.034632035
"SD","Zain","2017_Q2",8.993975904
"SD","Zain","2017_Q3",8.993975904
"SD","Zain","2017_Q4",8.930761178
"SD","Sudani (Sudatel)","2015_Q3",4.324612032
"SD","Sudani (Sudatel)","2015_Q4",10.86652288
"SD","Sudani (Sudatel)","2016_Q1",3.302422657
"SD","Sudani (Sudatel)","2016_Q2",3.302744415
"SD","Sudani (Sudatel)","2016_Q3",4.295028835
"SD","Sudani (Sudatel)","2016_Q4",4.089561395
"SD","Sudani (Sudatel)","2017_Q1",3.401360544
"SD","Sudani (Sudatel)","2017_Q2",3.313253012
"SD","Sudani (Sudatel)","2017_Q3",3.313253012
"SD","Sudani (Sudatel)","2017_Q4",3.289965605
"SZ","MTN","2015_Q3",30.78988795
"SZ","MTN","2015_Q4",28.07210098
"SZ","MTN","2016_Q1",25.24613399
"SZ","MTN","2016_Q2",26.60851472
"SZ","MTN","2016_Q3",28.35579055
"SZ","MTN","2016_Q4",28.68027602
"SZ","MTN","2017_Q1",30.19981835
"SZ","MTN","2017_Q2",30.93023256
"SZ","MTN","2017_Q3",30.31914894
"TZ","Airtel (Bharti Airtel)","2014_Q2",10.87866109
"TZ","Airtel (Bharti Airtel)","2014_Q3",10.78891153
"TZ","Airtel (Bharti Airtel)","2014_Q4",10.33292768
"TZ","Airtel (Bharti Airtel)","2015_Q1",5.641080605
"TZ","Airtel (Bharti Airtel)","2015_Q2",6.252782488
"TZ","Airtel (Bharti Airtel)","2015_Q3",5.984239906
"TZ","Airtel (Bharti Airtel)","2015_Q4",7.061282517
"TZ","Airtel (Bharti Airtel)","2016_Q1",7.002964588
"TZ","Airtel (Bharti Airtel)","2016_Q2",5.583343027
"TZ","Airtel (Bharti Airtel)","2016_Q3",6.995126728
"TZ","Airtel (Bharti Airtel)","2016_Q4",4.209620386
"TZ","Airtel (Bharti Airtel)","2017_Q1",4.125843735
"TZ","Airtel (Bharti Airtel)","2017_Q2",4.089663602
"TZ","Airtel (Bharti Airtel)","2017_Q3",4.071550718
"TZ","Airtel (Bharti Airtel)","2017_Q4",4.05062015
"TZ","Tigo (Millicom)","2014_Q3",9.207650944
"TZ","Tigo (Millicom)","2014_Q4",8.818497681
"TZ","Tigo (Millicom)","2015_Q1",5.640516497
"TZ","Tigo (Millicom)","2015_Q2",7.503338986
"TZ","Tigo (Millicom)","2015_Q3",7.181087887
"TZ","Tigo (Millicom)","2015_Q4",7.061282517
"TZ","Tigo (Millicom)","2016_Q1",7.002964588
"TZ","Tigo (Millicom)","2016_Q2",6.979178783
"TZ","Tigo (Millicom)","2016_Q3",6.995126728
"TZ","Tigo (Millicom)","2016_Q4",7.016033976
"TZ","Tigo (Millicom)","2017_Q1",2.292135408
"TZ","Tigo (Millicom)","2017_Q2",2.272035335
"TZ","Tigo (Millicom)","2017_Q3",2.261972621
"TZ","Tigo (Millicom)","2017_Q4",2.250344528
"TZ","Vodacom","2014_Q2",9.284246491
"TZ","Vodacom","2014_Q3",9.207650944
"TZ","Vodacom","2014_Q4",8.818497681
"TZ","Vodacom","2015_Q1",8.461620908
"TZ","Vodacom","2015_Q2",7.503338986
"TZ","Vodacom","2015_Q3",7.181087887
"TZ","Vodacom","2015_Q4",7.061282517
"TZ","Vodacom","2016_Q1",7.002964588
"TZ","Vodacom","2016_Q2",1.861114342
"TZ","Vodacom","2016_Q3",1.865367128
"TZ","Vodacom","2016_Q4",5.612827181
"TZ","Vodacom","2017_Q1",4.125843735
"TZ","Vodacom","2017_Q2",4.089663602
"TZ","Vodacom","2017_Q3",4.071550718
"TZ","Vodacom","2017_Q4",4.05062015
"TZ","Zantel","2014_Q2",6.18949766
"TZ","Zantel","2014_Q3",6.138433963
"TZ","Zantel","2014_Q4",5.878998454
"TZ","Zantel","2015_Q1",5.641080605
"TZ","Zantel","2015_Q2",5.002225991
"TZ","Zantel","2015_Q3",4.787391925
"TZ","Zantel","2015_Q4",4.707521678
"TZ","Zantel","2016_Q1",4.668643059
"TZ","Zantel","2016_Q2",4.652785856
"TZ","Zantel","2016_Q3",4.197076037
"TZ","Zantel","2016_Q4",4.209620386
"TZ","Zantel","2017_Q1",4.125843735
"TZ","Zantel","2017_Q2",4.089663602
"TZ","Zantel","2017_Q3",4.071550718
"TZ","Zantel","2017_Q4",4.05062015
"TZ","TTCL","2014_Q3",7.673042453
"TZ","TTCL","2014_Q4",7.348748067
"TZ","TTCL","2015_Q1",10.15394509
"TZ","TTCL","2015_Q2",22.51001696
"TZ","TTCL","2015_Q3",21.54326366
"TZ","TTCL","2015_Q4",21.18384755
"TZ","TTCL","2016_Q1",21.00889377
"TZ","TTCL","2016_Q2",0.697917878
"TZ","TTCL","2016_Q3",6.342248234
"TZ","TTCL","2016_Q4",2.338677992
"TZ","TTCL","2017_Q1",2.292135408
"TZ","TTCL","2017_Q2",2.272035335
"TZ","TTCL","2017_Q3",2.261972621
"TZ","TTCL","2017_Q4",2.250344528
"TZ","Smile","2016_Q1",7.002964588
"TZ","Smile","2016_Q2",6.979178783
"TZ","Smile","2016_Q3",6.995126728
"TZ","Smile","2016_Q4",7.016033976
"TZ","Smile","2017_Q1",6.876406225
"TZ","Smile","2017_Q2",6.816106004
"TZ","Smile","2017_Q3",6.785917863
"TZ","Smile","2017_Q4",2.250344528
"TZ","Smart","2015_Q2",5.001725768
"TZ","Smart","2015_Q3",4.786913185
"TZ","Smart","2015_Q4",4.707050926
"TZ","Smart","2016_Q1",4.668176195
"TZ","Smart","2016_Q2",9.305571711
"TZ","Smart","2016_Q3",9.326835638
"TZ","Smart","2016_Q4",6.548298378
"TZ","Smart","2017_Q1",6.417979143
"TZ","Halotel (Viettel)","2016_Q2",4.652320577
"TZ","Halotel (Viettel)","2016_Q3",4.662951477
"TZ","Halotel (Viettel)","2016_Q4",4.676888249
"TZ","Halotel (Viettel)","2017_Q1",4.58381239
"TZ","Halotel (Viettel)","2017_Q2",4.543616262
"TZ","Halotel (Viettel)","2017_Q3",4.523492848
"TZ","Halotel (Viettel)","2017_Q4",4.500238987
"TG","Moov (Maroc Telecom)","2015_Q3",16.95260053
"TG","Moov (Maroc Telecom)","2015_Q4",16.68852864
"TG","Moov (Maroc Telecom)","2016_Q1",16.81901895
"TG","Moov (Maroc Telecom)","2016_Q2",17.23145637
"TG","Moov (Maroc Telecom)","2016_Q3",17.00914582
"TG","Moov (Maroc Telecom)","2016_Q4",16.461366
"TG","Moov (Maroc Telecom)","2017_Q1",7.318239329
"TG","Moov (Maroc Telecom)","2017_Q2",7.714462045
"TG","Moov (Maroc Telecom)","2017_Q3",7.649418644
"TG","Moov (Maroc Telecom)","2017_Q4",8.080648463
"TG","Togocel (Togo Telecom)","2015_Q3",8.476300264
"TG","Togocel (Togo Telecom)","2015_Q4",8.34426432
"TG","Togocel (Togo Telecom)","2016_Q1",8.409509473
"TG","Togocel (Togo Telecom)","2016_Q2",8.615728184
"TG","Togocel (Togo Telecom)","2016_Q3",8.504572909
"TG","Togocel (Togo Telecom)","2016_Q4",8.230682999
"TG","Togocel (Togo Telecom)","2017_Q1",8.131377032
"TG","Togocel (Togo Telecom)","2017_Q2",8.571624494
"TG","Togocel (Togo Telecom)","2017_Q3",8.499354049
"TG","Togocel (Togo Telecom)","2017_Q4",8.978498292
"TN","Ooredoo (NMTC)","2015_Q1",2.59053935
"TN","Ooredoo (NMTC)","2015_Q2",5.160224986
"TN","Ooredoo (NMTC)","2015_Q3",5.114566285
"TN","Ooredoo (NMTC)","2015_Q4",4.986287709
"TN","Ooredoo (NMTC)","2016_Q1",4.936760103
"TN","Ooredoo (NMTC)","2016_Q2",4.834654806
"TN","Ooredoo (NMTC)","2016_Q3",9.083765948
"TN","Ooredoo (NMTC)","2016_Q4",1.765622448
"TN","Ooredoo (NMTC)","2017_Q1",1.75515577
"TN","Ooredoo (NMTC)","2017_Q2",4.081632653
"TN","Ooredoo (NMTC)","2017_Q3",4.132231405
"TN","Ooredoo (NMTC)","2017_Q4",4.037141704
"TN","Tunisie Telecom","2017_Q1",3.51031154
"TN","Tunisie Telecom","2017_Q2",3.265306122
"TN","Tunisie Telecom","2017_Q3",3.305785124
"TN","Tunisie Telecom","2017_Q4",3.229713363
"TN","Orange","2014_Q3",8.664510166
"TN","Orange","2014_Q4",8.214227041
"TN","Orange","2015_Q1",7.771618051
"TN","Orange","2015_Q2",7.740337479
"TN","Orange","2015_Q3",7.671849427
"TN","Orange","2015_Q4",7.479431563
"TN","Orange","2016_Q1",9.873520206
"TN","Orange","2016_Q2",4.834654806
"TN","Orange","2016_Q3",4.541882974
"TN","Orange","2016_Q4",4.41405612
"TN","Orange","2017_Q1",2.632733655
"TN","Orange","2017_Q2",2.448979592
"TN","Orange","2017_Q3",2.479338843
"TN","Orange","2017_Q4",2.422285022
"TN","Lycamobile","2016_Q4",2.20702806
"TN","Lycamobile","2017_Q1",2.193944713
"TN","Lycamobile","2017_Q2",2.040816327
"TN","Lycamobile","2017_Q3",2.066115702
"TN","Lycamobile","2017_Q4",2.018570852
"UG","Airtel","2014_Q2",17.55357742
"UG","Airtel","2014_Q3",17.37076153
"UG","Airtel","2014_Q4",16.71476805
"UG","Airtel","2015_Q1",15.73349556
"UG","Airtel","2015_Q2",11.56936828
"UG","Airtel","2015_Q3",10.07724931
"UG","Airtel","2015_Q4",10.16874303
"UG","Airtel","2016_Q1",10.37052401
"UG","Airtel","2016_Q2",10.56412423
"UG","Airtel","2016_Q3",10.47424383
"UG","Airtel","2016_Q4",10.02500523
"UG","Airtel","2017_Q1",9.846709244
"UG","Airtel","2017_Q2",9.861127155
"UG","Airtel","2017_Q3",4.210384492
"UG","Airtel","2017_Q4",4.167106528
"UG","MTN","2014_Q2",14.62798118
"UG","MTN","2014_Q3",14.47563461
"UG","MTN","2014_Q4",13.92897338
"UG","MTN","2015_Q1",13.1112463
"UG","MTN","2015_Q2",12.39575173
"UG","MTN","2015_Q3",10.07724931
"UG","MTN","2015_Q4",10.16874303
"UG","MTN","2016_Q1",10.37052401
"UG","MTN","2016_Q2",10.56412423
"UG","MTN","2016_Q3",10.47424383
"UG","MTN","2016_Q4",10.02500523
"UG","MTN","2017_Q1",9.846709244
"UG","MTN","2017_Q2",9.861127155
"UG","MTN","2017_Q3",8.420768985
"UG","MTN","2017_Q4",8.334213056
"UG","UT Mobile","2014_Q2",5.851192473
"UG","UT Mobile","2014_Q3",5.790253845
"UG","UT Mobile","2014_Q4",5.571589352
"UG","UT Mobile","2015_Q1",5.244498521
"UG","UT Mobile","2015_Q2",4.958300691
"UG","UT Mobile","2015_Q3",4.318821135
"UG","UT Mobile","2015_Q4",4.358032726
"UG","UT Mobile","2016_Q1",4.444510289
"UG","UT Mobile","2016_Q2",4.527481815
"UG","UT Mobile","2016_Q3",4.488961643
"UG","UT Mobile","2016_Q4",4.296430812
"UG","UT Mobile","2017_Q1",4.220018247
"UG","UT Mobile","2017_Q2",4.226197352
"UG","UT Mobile","2017_Q3",4.210384492
"UG","UT Mobile","2017_Q4",4.167106528
"UG","Africell ","2014_Q2",13.65278244
"UG","Africell ","2014_Q3",13.5105923
"UG","Africell ","2014_Q4",13.00037515
"UG","Africell ","2015_Q1",12.23716322
"UG","Africell ","2015_Q2",11.56936828
"UG","Africell ","2015_Q3",10.07724931
"UG","Africell ","2015_Q4",10.16874303
"UG","Africell ","2016_Q1",10.37052401
"UG","Africell ","2016_Q2",10.41320817
"UG","Africell ","2016_Q3",10.32461178
"UG","Africell ","2016_Q4",9.881790867
"UG","Africell ","2017_Q1",9.706041969
"UG","Africell ","2017_Q2",9.72025391
"UG","Africell ","2017_Q3",9.683884332
"UG","Africell ","2017_Q4",9.584345014
"UG","Smart","2015_Q2",3.965318339
"UG","Smart","2015_Q3",3.453905222
"UG","Smart","2015_Q4",3.485264039
"UG","Smart","2016_Q1",3.554423028
"UG","Smart","2016_Q2",3.620778123
"UG","Smart","2016_Q3",3.589972258
"UG","Smart","2016_Q4",3.435998934
"UG","Smart","2017_Q1",3.37488926
"UG","Smart","2017_Q2",2.817183155
"UG","Smart","2017_Q3",2.806642303
"UG","Smart","2017_Q4",2.777793212
"UG","Smile","2014_Q2",14.62798118
"UG","Smile","2014_Q3",14.47563461
"UG","Smile","2014_Q4",13.92897338
"UG","Smile","2015_Q1",13.1112463
"UG","Smile","2015_Q2",12.39575173
"UG","Smile","2015_Q3",10.65309213
"UG","Smile","2015_Q4",9.297136482
"UG","Smile","2016_Q1",9.48162195
"UG","Smile","2016_Q3",9.576451506
"UG","Smile","2016_Q4",9.165719065
"UG","Smile","2017_Q1",9.002705594
"UG","Smile","2017_Q2",9.015887685
"UG","Smile","2017_Q3",8.982153584
"UG","Smile","2017_Q4",8.88982726
"UG","Vodafone (Afrimax)","2015_Q3",11.45927208
"UG","Vodafone (Afrimax)","2015_Q4",5.810710301
"UG","Vodafone (Afrimax)","2016_Q1",5.926013719
"UG","Vodafone (Afrimax)","2016_Q2",6.036642419
"UG","Vodafone (Afrimax)","2016_Q3",5.985282191
"UG","Vodafone (Afrimax)","2016_Q4",10.02500523
"UG","Vodafone (Afrimax)","2017_Q1",9.846709244
"UG","Vodafone (Afrimax)","2017_Q2",9.861127155
"UG","Vodafone (Afrimax)","2017_Q3",9.824230482
"UG","Vodafone (Afrimax)","2017_Q4",9.723248565
"ZM","Airtel","2015_Q3",14.69374838
"ZM","Airtel","2015_Q4",11.20940901
"ZM","Airtel","2016_Q1",11.58211721
"ZM","Airtel","2016_Q2",12.81394157
"ZM","Airtel","2016_Q3",13.08996735
"ZM","Airtel","2016_Q4",13.24619376
"ZM","Airtel","2017_Q1",13.66906475
"ZM","Airtel","2017_Q2",14.58106638
"ZM","Airtel","2017_Q3",14.77398015
"ZM","Airtel","2017_Q4",25.24997475
"ZM","Zamtel","2015_Q3",13.58945667
"ZM","Zamtel","2015_Q4",10.36697881
"ZM","Zamtel","2016_Q1",10.711436
"ZM","Zamtel","2016_Q2",11.85065844
"ZM","Zamtel","2016_Q3",12.10593408
"ZM","Zamtel","2017_Q1",12.62487153
"ZM","Zamtel","2017_Q2",8.705114255
"ZM","Zamtel","2017_Q3",8.820286659
"ZM","Zamtel","2017_Q4",8.07999192
"ZM","MTN","2015_Q3",14.83503442
"ZM","MTN","2015_Q4",11.31719178
"ZM","MTN","2016_Q1",9.265693769
"ZM","MTN","2016_Q2",12.81394157
"ZM","MTN","2016_Q3",13.08996735
"ZM","MTN","2016_Q4",13.24619376
"ZM","MTN","2017_Q1",13.36073998
"ZM","MTN","2017_Q2",14.49945593
"ZM","MTN","2017_Q3",14.69128997
"ZM","MTN","2017_Q4",13.45823654
"ZM","Vodafone","2016_Q4",18.85035265
"ZM","Vodafone","2017_Q1",19.42754368
"ZM","Vodafone","2017_Q2",20.56909684
"ZM","Vodafone","2017_Q3",20.94818082
"ZM","Vodafone","2017_Q4",19.18998081
"ZW","Econet Wireless","2014_Q4",35
"ZW","Econet Wireless","2015_Q1",35
"ZW","Econet Wireless","2015_Q2",35
"ZW","Econet Wireless","2015_Q3",35
"ZW","Econet Wireless","2015_Q4",35
"ZW","Econet Wireless","2016_Q1",20
"ZW","Econet Wireless","2016_Q2",60
"ZW","Econet Wireless","2016_Q3",60
"ZW","Econet Wireless","2016_Q4",60
"ZW","Econet Wireless","2017_Q1",35
"ZW","Econet Wireless","2017_Q2",35
"ZW","Econet Wireless","2017_Q3",35
"ZW","Econet Wireless","2017_Q4",35
"ZW","NetOne","2015_Q1",30
"ZW","NetOne","2015_Q2",30
"ZW","NetOne","2015_Q3",30
"ZW","NetOne","2015_Q4",30
"ZW","NetOne","2016_Q1",30
"ZW","NetOne","2016_Q2",30
"ZW","NetOne","2016_Q3",30
"ZW","NetOne","2016_Q4",30
"ZW","NetOne","2017_Q1",30
"ZW","NetOne","2017_Q2",30
"ZW","NetOne","2017_Q3",20
"ZW","NetOne","2017_Q4",20
"ZW","Telecel (Global Telecom)","2014_Q4",30
"ZW","Telecel (Global Telecom)","2015_Q1",30
"ZW","Telecel (Global Telecom)","2015_Q2",30
"ZW","Telecel (Global Telecom)","2015_Q3",30
"ZW","Telecel (Global Telecom)","2015_Q4",30
"ZW","Telecel (Global Telecom)","2016_Q1",30
"ZW","Telecel (Global Telecom)","2016_Q2",30
"ZW","Telecel (Global Telecom)","2016_Q3",30
"ZW","Telecel (Global Telecom)","2016_Q4",40
"ZW","Telecel (Global Telecom)","2017_Q1",40
"ZW","Telecel (Global Telecom)","2017_Q2",40
"ZW","Telecel (Global Telecom)","2017_Q3",40
"ZW","Telecel (Global Telecom)","2017_Q4",40
