"domain","cc","object_domain","object_loc_cc","cdn_domain"
"247ureports.com","NG","pagead2.googlesyndication.com","US-CA","googlesyndication."
"263chat.com","ZW","i1.wp.com","US-CA","wp.com"
"263chat.com","ZW","stats.wp.com","US-CA","wp.com"
"263chat.com","ZW","secure.gravatar.com","US-CA","gravatar.com"
"263chat.com","ZW","i2.wp.com","US-CA","wp.com"
"263chat.com","ZW","s0.wp.com","US-CA","wp.com"
"263chat.com","ZW","i0.wp.com","US-CA","wp.com"
"7sur7.cd","CD","stats.wp.com","US-CA","wp.com"
"7sur7.cd","CD","s.gravatar.com","US-CA","gravatar.com"
"7sur7.cd","CD","i2.wp.com","US-CA","wp.com"
"7sur7.cd","CD","s0.wp.com","US-CA","wp.com"
"7sur7.cd","CD","i0.wp.com","US-CA","wp.com"
"7sur7.cd","CD","i1.wp.com","US-CA","wp.com"
"abcafricanews.com","UG","i1.wp.com","US-CA","wp.com"
"abcafricanews.com","UG","s0.wp.com","US-CA","wp.com"
"abcafricanews.com","UG","i0.wp.com","US-CA","wp.com"
"abcafricanews.com","UG","i2.wp.com","US-CA","wp.com"
"abcafricanews.com","UG","stats.wp.com","US-CA","wp.com"
"abidjantv.net","CI","s.gravatar.com","US-CA","gravatar.com"
"abidjantv.net","CI","lago2.egroup.netdna-cdn.com","US","netdna-cdn.com"
"abidjantv.net","CI","stats.wp.com","US-CA","wp.com"
"abidjantv.net","CI","lago2.egroup.netdna-cdn.com","US-TX","netdna-cdn.com"
"abidjantv.net","CI","s0.wp.com","US-CA","wp.com"
"acpcongo.com","CD","s0.wp.com","US-CA","wp.com"
"acpcongo.com","CD","i1.wp.com","US-CA","wp.com"
"acpcongo.com","CD","i2.wp.com","US-CA","wp.com"
"acpcongo.com","CD","stats.wp.com","US-CA","wp.com"
"acpcongo.com","CD","s.gravatar.com","US-CA","gravatar.com"
"acpcongo.com","CD","i0.wp.com","US-CA","wp.com"
"africanreporter.co.za","ZA","www.facebook.com","IE","facebook.com"
"africanreporter.co.za","ZA","www.google.com","US-CA","google."
"ain-oulmene.com","DZ","s.gravatar.com","US-CA","gravatar.com"
"ain-oulmene.com","DZ","stats.wp.com","US-CA","wp.com"
"ain-oulmene.com","DZ","s0.wp.com","US-CA","wp.com"
"akhbarachark.dz","DZ","1.gravatar.com","US-CA","gravatar.com"
"akhbarachark.dz","DZ","2.gravatar.com","US-CA","gravatar.com"
"akhbarachark.dz","DZ","0.gravatar.com","US-CA","gravatar.com"
"akhbarelyom.com","EG","d5nxst8fruw4z.cloudfront.net","US-WA","cloudfront.net"
"akhbarelyom.com","EG","ajax.cloudflare.com","US","cloudflare.com"
"albertonrecord.co.za","ZA","www.google.com","US-CA","google."
"albertonrecord.co.za","ZA","www.facebook.com","IE","facebook.com"
"alexnews.co.za","ZA","www.google.com","US-CA","google."
"alexnews.co.za","ZA","www.facebook.com","IE","facebook.com"
"algerienetwork.com","DZ","img.youtube.com","US-CA","youtube."
"algerienetwork.com","DZ","2.gravatar.com","US-CA","gravatar.com"
"allsbc.com","SO","s.gravatar.com","US-CA","gravatar.com"
"allsbc.com","SO","stats.wp.com","US-CA","wp.com"
"allsbc.com","SO","s0.wp.com","US-CA","wp.com"
"alnabaa.tv","LY","s.yimg.com","GB","yimg."
"aminata.com","GQ","secure.gravatar.com","US-CA","gravatar.com"
"aminata.com","GQ","securepubads.g.doubleclick.net","US-CA","doubleclick.net"
"aminata.com","GQ","pagead2.googlesyndication.com","US-CA","googlesyndication."
"aminata.com","GQ","www.facebook.com","IE","facebook.com"
"angolanas.net","AO","www.google.com","US-CA","google."
"ar.leaders.com.tn","TN","d5nxst8fruw4z.cloudfront.net","US-WA","cloudfront.net"
"atoptogo.blogspot.com","TG","apis.google.com","US-CA","google."
"awate.com","ER","pagead2.googlesyndication.com","US-CA","googlesyndication."
"bedfordviewedenvalenews.co.za","ZA","www.google.com","US-CA","google."
"bedfordviewedenvalenews.co.za","ZA","www.facebook.com","IE","facebook.com"
"benonicitytimes.co.za","ZA","www.facebook.com","IE","facebook.com"
"benonicitytimes.co.za","ZA","www.google.com","US-CA","google."
"bereamail.co.za","ZA","www.facebook.com","IE","facebook.com"
"bereamail.co.za","ZA","www.google.com","US-CA","google."
"bizwatchnigeria.ng","NG","apis.google.com","US-CA","google."
"bizwatchnigeria.ng","NG","stats.wp.com","US-CA","wp.com"
"bizwatchnigeria.ng","NG","s0.wp.com","US-CA","wp.com"
"blanknewsonline.wordpress.com","NG","0.gravatar.com","US-CA","gravatar.com"
"blanknewsonline.wordpress.com","NG","pixel.wp.com","US-CA","wp.com"
"blanknewsonline.wordpress.com","NG","s1.wp.com","US-CA","wp.com"
"blanknewsonline.wordpress.com","NG","blanknewsonline.files.wordpress.com","US-CA","wordpress.com"
"blanknewsonline.wordpress.com","NG","s2.wp.com","US-CA","wp.com"
"boksburgadvertiser.co.za","ZA","www.google.com","US-CA","google."
"boksburgadvertiser.co.za","ZA","www.facebook.com","IE","facebook.com"
"brakpanherald.co.za","ZA","www.google.com","US-CA","google."
"brakpanherald.co.za","ZA","www.facebook.com","IE","facebook.com"
"bulawayo24.com","ZW","d5nxst8fruw4z.cloudfront.net","US-WA","cloudfront.net"
"burundi-24.com","BI","cdn.jsdelivr.net","US","cdn.jsdelivr.net"
"businessdayonline.com","NG","cdnjs.cloudflare.com","US","cloudflare.com"
"businessnews.com.ng","NG","1.gravatar.com","US-CA","gravatar.com"
"businessnews.com.ng","NG","0.gravatar.com","US-CA","gravatar.com"
"buzzghana.com","GH","s0.wp.com","US-CA","wp.com"
"buzzghana.com","GH","d5nxst8fruw4z.cloudfront.net","US-WA","cloudfront.net"
"buzzghana.com","GH","stats.wp.com","US-CA","wp.com"
"buzzkenya.com","KE","stats.wp.com","US-CA","wp.com"
"buzzkenya.com","KE","s0.wp.com","US-CA","wp.com"
"buzznigeria.com","NG","stats.wp.com","US-CA","wp.com"
"buzznigeria.com","NG","s0.wp.com","US-CA","wp.com"
"buzznigeria.com","NG","d5nxst8fruw4z.cloudfront.net","US-WA","cloudfront.net"
"buzzsouthafrica.com","ZA","s0.wp.com","US-CA","wp.com"
"buzzsouthafrica.com","ZA","secure.gravatar.com","US-CA","gravatar.com"
"buzzsouthafrica.com","ZA","stats.wp.com","US-CA","wp.com"
"buzzsouthafrica.com","ZA","d5nxst8fruw4z.cloudfront.net","US-WA","cloudfront.net"
"capitalradio.co.ug","UG","s0.wp.com","US-CA","wp.com"
"citybuzz.co.za","ZA","www.facebook.com","IE","facebook.com"
"citybuzz.co.za","ZA","www.google.com","US-CA","google."
"comarochronicle.co.za","ZA","www.facebook.com","IE","facebook.com"
"comarochronicle.co.za","ZA","www.google.com","US-CA","google."
"completesportsnigeria.com","NG","stats.wp.com","US-CA","wp.com"
"completesportsnigeria.com","NG","s0.wp.com","US-CA","wp.com"
"completesportsnigeria.com","NG","img.youtube.com","US-CA","youtube."
"congo-liberty.com","CG","s.gravatar.com","US-CA","gravatar.com"
"congo-liberty.com","CG","stats.wp.com","US-CA","wp.com"
"congo-liberty.com","CG","s0.wp.com","US-CA","wp.com"
"cyberzena.com","ET","www.google.com","US-CA","google."
"cyberzena.com","ET","d1lxhc4jvstzrp.cloudfront.net","US-WA","cloudfront.net"
"dailypost.ng","NG","cdnjs.cloudflare.com","US","cloudflare.com"
"dailyreviewonline.com.ng","NG","d1lxhc4jvstzrp.cloudfront.net","US-WA","cloudfront.net"
"dailyreviewonline.com.ng","NG","www.google.com","US-CA","google."
"dailystar.com.ng","NG","cdnjs.cloudflare.com","US","cloudflare.com"
"desertherald.com","NG","i1.wp.com","US-CA","wp.com"
"desertherald.com","NG","i0.wp.com","GB","wp.com"
"desertherald.com","NG","s.gravatar.com","US-CA","gravatar.com"
"desertherald.com","NG","stats.wp.com","US-CA","wp.com"
"desertherald.com","NG","i0.wp.com","US-CA","wp.com"
"desertherald.com","NG","i0.wp.com","US","wp.com"
"desertherald.com","NG","2.gravatar.com","US-CA","gravatar.com"
"desertherald.com","NG","s0.wp.com","US-CA","wp.com"
"desertherald.com","NG","i2.wp.com","US-CA","wp.com"
"diasporasaharaui-en.blogspot.com","EH","apis.google.com","US-CA","google."
"dieson.mobi","ZA","pubads.g.doubleclick.net","US-CA","doubleclick.net"
"diplomat.so","SO","stats.wp.com","US-CA","wp.com"
"diplomat.so","SO","secure.gravatar.com","US-CA","gravatar.com"
"diplomat.so","SO","i0.wp.com","US-CA","wp.com"
"diplomat.so","SO","s0.wp.com","US-CA","wp.com"
"diplomat.so","SO","i1.wp.com","US-CA","wp.com"
"diplomat.so","SO","i2.wp.com","US-CA","wp.com"
"eaglereporters.com","NG","www.google.com","US-CA","google."
"ecadforum.com","ET","s0.wp.com","US-CA","wp.com"
"ecadforum.com","ET","i0.wp.com","US-CA","wp.com"
"ecadforum.com","ET","i1.wp.com","US-CA","wp.com"
"ecadforum.com","ET","cdnjs.cloudflare.com","US","cloudflare.com"
"ecadforum.com","ET","i2.wp.com","US-CA","wp.com"
"ectv.org","ET","i0.wp.com","US","wp.com"
"ectv.org","ET","www.google.com","US","google."
"ectv.org","ET","i0.wp.com","US-CA","wp.com"
"ectv.org","ET","i2.wp.com","US-CA","wp.com"
"ectv.org","ET","www.google.com","US-CA","google."
"ectv.org","ET","i1.wp.com","US-CA","wp.com"
"edennewspaper.org","CM","www.google.com","US-CA","google."
"egypttoday.com","EG","d5nxst8fruw4z.cloudfront.net","US-WA","cloudfront.net"
"elmassar-ar.com","DZ","d31qbv1cthcecs.cloudfront.net","US-WA","cloudfront.net"
"elwaha-dz.com","DZ","s0.wp.com","US-CA","wp.com"
"elwaha-dz.com","DZ","s.gravatar.com","US-CA","gravatar.com"
"elwaha-dz.com","DZ","stats.wp.com","US-CA","wp.com"
"es.groups.yahoo.com","EH","s.yimg.com","GB","yimg."
"ethiopiaforums.com","ET","pagead2.googlesyndication.com","US-CA","googlesyndication."
"ethiopianreview.com","ET","stats.wp.com","US-CA","wp.com"
"ethiopianreview.com","ET","s0.wp.com","US-CA","wp.com"
"evasion.lepays.bf","BF","0.gravatar.com","US-CA","gravatar.com"
"evasion.lepays.bf","BF","s.gravatar.com","US-CA","gravatar.com"
"evasion.lepays.bf","BF","stats.wp.com","US-CA","wp.com"
"evasion.lepays.bf","BF","1.gravatar.com","US-CA","gravatar.com"
"evasion.lepays.bf","BF","2.gravatar.com","US-CA","gravatar.com"
"evasion.lepays.bf","BF","s0.wp.com","US-CA","wp.com"
"faso-actu.net","BF","www.google.com","US-CA","google."
"faso-actu.net","BF","secure.gravatar.com","US-CA","gravatar.com"
"flashpointnews.wordpress.com","NG","pixel.wp.com","US-CA","wp.com"
"flashpointnews.wordpress.com","NG","s0.wp.com","US-CA","wp.com"
"flashpointnews.wordpress.com","NG","flashpointnews.files.wordpress.com","US-CA","wordpress.com"
"flashpointnews.wordpress.com","NG","s1.wp.com","US-CA","wp.com"
"foroyaa.gm","GM","s0.wp.com","US-CA","wp.com"
"foroyaa.gm","GM","stats.wp.com","US-CA","wp.com"
"fourwaysreview.co.za","ZA","www.facebook.com","IE","facebook.com"
"fourwaysreview.co.za","ZA","www.google.com","US-CA","google."
"fr.alakhbar.info","MR","widgets.twimg.com","US","twimg.com"
"fr.alakhbar.info","MR","connect.facebook.net","IE","facebook.net"
"gabonreview.com","GA","i1.wp.com","US-CA","wp.com"
"gabonreview.com","GA","s0.wp.com","US-CA","wp.com"
"gabonreview.com","GA","i2.wp.com","US-CA","wp.com"
"gabonreview.com","GA","i0.wp.com","US-CA","wp.com"
"gabonreview.com","GA","stats.wp.com","US-CA","wp.com"
"gainako.com","GM","s.gravatar.com","US-CA","gravatar.com"
"gainako.com","GM","stats.wp.com","US-CA","wp.com"
"gainako.com","GM","s0.wp.com","US-CA","wp.com"
"germistoncitynews.co.za","ZA","www.facebook.com","IE","facebook.com"
"germistoncitynews.co.za","ZA","www.google.com","US-CA","google."
"ghheadlines.com","GH","i2.wp.com","US-CA","wp.com"
"gistyinka.net","NG","www.google.com","US-CA","google."
"globalvillageextra.com","NG","apis.google.com","US-CA","google."
"gnnliberia.com","LR","tpc.googlesyndication.com","US-CA","googlesyndication."
"gnnliberia.com","LR","s0.wp.com","US-CA","wp.com"
"goldenpennewspaper.blogspot.com","NG","apis.google.com","US-CA","google."
"guineeactu.info","GQ","img.youtube.com","US-CA","youtube."
"guineeactu.info","GQ","d5nxst8fruw4z.cloudfront.net","US-WA","cloudfront.net"
"haatuf.net","SO","s0.wp.com","US-CA","wp.com"
"haatuf.net","SO","s.gravatar.com","US-CA","gravatar.com"
"haatuf.net","SO","stats.wp.com","US-CA","wp.com"
"happyghana.com","GH","www.google.com","US-CA","google."
"happyghana.com","GH","www.youtube.com","US-CA","youtube."
"hebdo.ahram.org.eg","EG","d5nxst8fruw4z.cloudfront.net","US-WA","cloudfront.net"
"hebdo.ahram.org.eg","EG","connect.facebook.net","IE","facebook.net"
"highwaymail.co.za","ZA","www.google.com","US-CA","google."
"highwaymail.co.za","ZA","www.facebook.com","IE","facebook.com"
"iharare.com","ZW","i2.wp.com","US-CA","wp.com"
"iharare.com","ZW","stats.wp.com","US-CA","wp.com"
"iharare.com","ZW","secure.gravatar.com","US-CA","gravatar.com"
"iharare.com","ZW","i1.wp.com","US-CA","wp.com"
"iharare.com","ZW","s0.wp.com","US-CA","wp.com"
"iharare.com","ZW","i0.wp.com","US-CA","wp.com"
"imvahonshya.co.rw","RW","pbs.twimg.com","US-AZ","twimg.com"
"imvahonshya.co.rw","RW","graph.facebook.com","IE","facebook.com"
"imvahonshya.co.rw","RW","scontent.xx.fbcdn.net","IE","fbcdn.net"
"imvahonshya.co.rw","RW","pbs.twimg.com","US-CA","twimg.com"
"imvahonshya.co.rw","RW","scontent.xx.fbcdn.net","US-TX","fbcdn.net"
"ireports-ng.com","NG","cdnjs.cloudflare.com","US","cloudflare.com"
"isoexpress.co.za","ZA","pubads.g.doubleclick.net","US-CA","doubleclick.net"
"isoexpress.co.za","ZA","d5nxst8fruw4z.cloudfront.net","US-WA","cloudfront.net"
"itvradionigeria.com","NG","secure.gravatar.com","US-CA","gravatar.com"
"jamboleonews.blogspot.com","TZ","apis.google.com","US-CA","google."
"joburgeastexpress.co.za","ZA","www.google.com","US-CA","google."
"joburgeastexpress.co.za","ZA","www.facebook.com","IE","facebook.com"
"jornalf8.net","AO","secure.gravatar.com","FR","gravatar.com"
"jornalf8.net","AO","secure.gravatar.com","US-CA","gravatar.com"
"jornalf8.net","AO","secure.gravatar.com","US-TX","gravatar.com"
"kabyleuniversel.com","DZ","i2.wp.com","US-CA","wp.com"
"kabyleuniversel.com","DZ","s0.wp.com","US-CA","wp.com"
"kabyleuniversel.com","DZ","i1.wp.com","US-CA","wp.com"
"kabyleuniversel.com","DZ","i0.wp.com","US-CA","wp.com"
"kabyleuniversel.com","DZ","stats.wp.com","US-CA","wp.com"
"kampalasun.co.ug","UG","img.youtube.com","US-CA","youtube."
"kemptonexpress.co.za","ZA","www.facebook.com","IE","facebook.com"
"kemptonexpress.co.za","ZA","www.google.com","US-CA","google."
"krugersdorpnews.co.za","ZA","www.facebook.com","IE","facebook.com"
"krugersdorpnews.co.za","ZA","www.google.com","US-CA","google."
"kumasimail.com","GH","d3sxcf6d4hxjd9.cloudfront.net","US-WA","cloudfront.net"
"kwekwebiz.com","ZW","www.google.com","US-CA","google."
"ladysmithgazette.co.za","ZA","www.google.com","US-CA","google."
"ladysmithgazette.co.za","ZA","www.facebook.com","IE","facebook.com"
"laghouatinfo.net","DZ","facebook.com","IE","facebook.com"
"laghouatinfo.net","DZ","scontent-jnb1-1.xx.fbcdn.net","IE","fbcdn.net"
"laghouatinfo.net","DZ","static.xx.fbcdn.net","IE","fbcdn.net"
"lalternative-togo.com","TG","www.google.com","US-CA","google."
"lautrefraternite.com","BJ","apis.google.com","US-CA","google."
"lavoixdesidibelabbes.info","DZ","pagead2.googlesyndication.com","US-CA","googlesyndication."
"leadership.ng","NG","i2.wp.com","US-CA","wp.com"
"leadership.ng","NG","s0.wp.com","US-CA","wp.com"
"leadership.ng","NG","i0.wp.com","US-CA","wp.com"
"leadership.ng","NG","stats.wp.com","US-CA","wp.com"
"leboncoin.nu","MU","stats.wp.com","US-CA","wp.com"
"leboncoin.nu","MU","i1.wp.com","US-CA","wp.com"
"leboncoin.nu","MU","i2.wp.com","US-CA","wp.com"
"leboncoin.nu","MU","s0.wp.com","US-CA","wp.com"
"leboncoin.nu","MU","i0.wp.com","US-CA","wp.com"
"leboncoin.nu","MU","i1.wp.com","FR","wp.com"
"lecitoyendz.com","DZ","1.gravatar.com","US-CA","gravatar.com"
"lefaso.net","BF","pagead2.googlesyndication.com","US-CA","googlesyndication."
"lejournaldaffaire.com","DZ","www.youtube.com","US-CA","youtube."
"lepays.bf","BF","s0.wp.com","US-CA","wp.com"
"lepays.bf","BF","s.gravatar.com","US-CA","gravatar.com"
"lepays.bf","BF","stats.wp.com","US-CA","wp.com"
"lequotidienalgerie.org","DZ","1.gravatar.com","US-CA","gravatar.com"
"lequotidienalgerie.org","DZ","0.gravatar.com","US-CA","gravatar.com"
"lestimes.com","LS","i2.wp.com","US-CA","wp.com"
"lestimes.com","LS","i0.wp.com","US","wp.com"
"lestimes.com","LS","scontent-jnb1-1.cdninstagram.com","IE","cdninstagram.com"
"lestimes.com","LS","stats.wp.com","US-CA","wp.com"
"lestimes.com","LS","i0.wp.com","US-CA","wp.com"
"lestimes.com","LS","i1.wp.com","US-CA","wp.com"
"lestimes.com","LS","s0.wp.com","US-CA","wp.com"
"lestimes.com","LS","s.gravatar.com","US-CA","gravatar.com"
"letempstg.com","TG","s.gravatar.com","US-CA","gravatar.com"
"letempstg.com","TG","stats.wp.com","US-CA","wp.com"
"letempstg.com","TG","apis.google.com","US-CA","google."
"letempstg.com","TG","s0.wp.com","US-CA","wp.com"
"lindaikeji.blogspot.com","NG","apis.google.com","US-CA","google."
"lindaikeji.blogspot.com","NG","d5nxst8fruw4z.cloudfront.net","US-WA","cloudfront.net"
"lnt.ma","MA","www.facebook.com","IE","facebook.com"
"lobservateurdumaroc.info","MA","0.gravatar.com","US-CA","gravatar.com"
"lowvelder.co.za","ZA","www.facebook.com","IE","facebook.com"
"lowvelder.co.za","ZA","www.google.com","US-CA","google."
"lusakastar.com","ZM","i2.wp.com","US-FL","wp.com"
"lusakastar.com","ZM","graph.facebook.com","IE","facebook.com"
"lusakastar.com","ZM","s0.wp.com","US-CA","wp.com"
"lusakastar.com","ZM","i0.wp.com","US-CA","wp.com"
"lusakastar.com","ZM","i1.wp.com","US-CA","wp.com"
"lusakastar.com","ZM","i0.wp.com","US-FL","wp.com"
"lusakastar.com","ZM","connect.facebook.net","IE","facebook.net"
"lusakastar.com","ZM","i2.wp.com","US-CA","wp.com"
"majira-hall.blogspot.com","TZ","apis.google.com","US-CA","google."
"malawi24.com","MW","i0.wp.com","US-CA","wp.com"
"malawi24.com","MW","s0.wp.com","US-CA","wp.com"
"malawi24.com","MW","i1.wp.com","US-CA","wp.com"
"malawi24.com","MW","i2.wp.com","US-CA","wp.com"
"malawi24.com","MW","stats.wp.com","US-CA","wp.com"
"malawiana.net","MW","stats.wp.com","US-CA","wp.com"
"malawiana.net","MW","s.gravatar.com","US-CA","gravatar.com"
"malawiana.net","MW","i2.wp.com","US-CA","wp.com"
"malawiana.net","MW","s0.wp.com","US-CA","wp.com"
"malawiana.net","MW","1.gravatar.com","US-CA","gravatar.com"
"malawiana.net","MW","i0.wp.com","US-CA","wp.com"
"malawiana.net","MW","i1.wp.com","US-CA","wp.com"
"maliactu.net","ML","apis.google.com","US-CA","google."
"maravi.blogspot.com","ZM","apis.google.com","US-CA","google."
"maritzburgsun.co.za","ZA","www.facebook.com","IE","facebook.com"
"maritzburgsun.co.za","ZA","www.google.com","US-CA","google."
"marocpress.ma","MA","img.youtube.com","US-CA","youtube."
"mauritiustimes.com","MU","s0.wp.com","US-CA","wp.com"
"mauritiustimes.com","MU","i0.wp.com","US-CA","wp.com"
"mauritiustimes.com","MU","i1.wp.com","US-FL","wp.com"
"mauritiustimes.com","MU","stats.wp.com","US-CA","wp.com"
"mauritiustimes.com","MU","i1.wp.com","US-CA","wp.com"
"mauritiustimes.com","MU","i2.wp.com","US-CA","wp.com"
"mayotte.la1ere.fr","YT","maps.google.com","US-CA","google."
"mbc.intnet.mu","MU","apis.google.com","US-CA","google."
"mediamaxnetwork.co.ke","KE","ajax.cloudflare.com","US","cloudflare.com"
"mediamaxnetwork.co.ke","KE","amp.cloudflare.com","US","cloudflare.com"
"midrandreporter.co.za","ZA","www.google.com","US-CA","google."
"midrandreporter.co.za","ZA","www.facebook.com","IE","facebook.com"
"monroviainquirer.com","LR","scontent.xx.fbcdn.net","IE","fbcdn.net"
"monroviainquirer.com","LR","graph.facebook.com","IE","facebook.com"
"mtanzania.co.tz","TZ","apis.google.com","US-CA","google."
"mthathaexpress.co.za","ZA","pubads.g.doubleclick.net","US-CA","doubleclick.net"
"mthathaexpress.co.za","ZA","d5nxst8fruw4z.cloudfront.net","US-WA","cloudfront.net"
"mubasher-misr.aljazeera.net","EG","d5nxst8fruw4z.cloudfront.net","US-WA","cloudfront.net"
"mutationsbf.net","BF","www.google.com","US-CA","google."
"nbs.ug","UG","2.gravatar.com","US-CA","gravatar.com"
"nehandaradio.com","ZW","ajax.cloudflare.com","US","cloudflare.com"
"nehandatv.com","ZW","ajax.cloudflare.com","US","cloudflare.com"
"new.elfagr.org","EG","d5nxst8fruw4z.cloudfront.net","US-WA","cloudfront.net"
"newcastleadvertiser.co.za","ZA","www.google.com","US-CA","google."
"newcastleadvertiser.co.za","ZA","www.facebook.com","IE","facebook.com"
"newctzen.com","SL","www.google.com","US-CA","google."
"news.google.com","BW","ssl.gstatic.com","US-CA","gstatic.com"
"news.google.com","ET","ssl.gstatic.com","US-CA","gstatic.com"
"news.google.com","ZA","ssl.gstatic.com","US-CA","gstatic.com"
"news.google.com","UG","ssl.gstatic.com","US-CA","gstatic.com"
"news.google.com","KE","ssl.gstatic.com","US-CA","gstatic.com"
"news.google.com","TZ","ssl.gstatic.com","US-CA","gstatic.com"
"news.google.com","NA","ssl.gstatic.com","US-CA","gstatic.com"
"news.google.com","NG","ssl.gstatic.com","US-CA","gstatic.com"
"news.google.com","EG","ssl.gstatic.com","US-CA","gstatic.com"
"news.google.com","SN","ssl.gstatic.com","US-CA","gstatic.com"
"news.google.com","ZW","ssl.gstatic.com","US-CA","gstatic.com"
"news.google.com","MA","ssl.gstatic.com","US-CA","gstatic.com"
"news.google.com","GH","ssl.gstatic.com","US-CA","gstatic.com"
"news.maraviexpress.com","MW","s0.wp.com","US-CA","wp.com"
"news.maraviexpress.com","MW","s.gravatar.com","US-CA","gravatar.com"
"news.sudanvisiondaily.com","SD","www.google.com","US-CA","google."
"newsdiaryonline.com","NG","secure.gravatar.com","US-CA","gravatar.com"
"newsdiaryonline.com","NG","s0.wp.com","US-CA","wp.com"
"newslexpoint.com","UG","s.gravatar.com","US-CA","gravatar.com"
"newslexpoint.com","UG","stats.wp.com","US-CA","wp.com"
"newslexpoint.com","UG","www.google.com","US-CA","google."
"newslexpoint.com","UG","s0.wp.com","US-CA","wp.com"
"newslexpoint.com","UG","connect.facebook.net","IE","facebook.net"
"newsofthesouth.com","ZW","apis.google.com","US-CA","google."
"newzimbabwevision.com","ZW","connect.facebook.net","IE","facebook.net"
"nhasimugweru.blogspot.com","ZW","lh3.googleusercontent.com","US-CA","googleusercontent.com"
"nhasimugweru.blogspot.com","ZW","apis.google.com","US-CA","google."
"nigerianbeacon.com","NG","0.gravatar.com","US-CA","gravatar.com"
"nigerianbeacon.com","NG","1.gravatar.com","US-CA","gravatar.com"
"nigerianbeacon.com","NG","apis.google.com","US-CA","google."
"nigerianbeacon.com","NG","2.gravatar.com","US-CA","gravatar.com"
"nigerianinquirer.com","NG","www.google.com","US-CA","google."
"nigerianinquirer.com","NG","d1lxhc4jvstzrp.cloudfront.net","US-WA","cloudfront.net"
"nigeriantimes.ng","NG","d5nxst8fruw4z.cloudfront.net","US-WA","cloudfront.net"
"nigeriapoliticsonline.com","NG","1.gravatar.com","US-CA","gravatar.com"
"nigeriastandardnewspaper.com","NG","connect.facebook.net","IE","facebook.net"
"northcliffmelvilletimes.co.za","ZA","www.google.com","US-CA","google."
"northcliffmelvilletimes.co.za","ZA","www.facebook.com","IE","facebook.com"
"northeasterntribune.co.za","ZA","www.google.com","US-CA","google."
"northeasterntribune.co.za","ZA","www.facebook.com","IE","facebook.com"
"northglennews.co.za","ZA","www.facebook.com","IE","facebook.com"
"northglennews.co.za","ZA","www.google.com","US-CA","google."
"ntv.nation.co.ke","KE","img.youtube.com","US-CA","youtube."
"ntv.nation.co.ke","KE","d5nxst8fruw4z.cloudfront.net","US-WA","cloudfront.net"
"ogavendor.com","NG","s0.wp.com","US-CA","wp.com"
"ogavendor.com","NG","s.gravatar.com","US-CA","gravatar.com"
"ogavendor.com","NG","stats.wp.com","US-CA","wp.com"
"opais.co.ao","AO","i0.wp.com","US-CA","wp.com"
"opais.co.ao","AO","i1.wp.com","US-CA","wp.com"
"opais.co.ao","AO","stats.wp.com","US-CA","wp.com"
"opais.co.ao","AO","s.gravatar.com","US-CA","gravatar.com"
"opais.co.ao","AO","i2.wp.com","US-CA","wp.com"
"opais.co.ao","AO","s0.wp.com","US-CA","wp.com"
"patsakacommunityradio.org","ZW","s0.wp.com","US-CA","wp.com"
"patsakacommunityradio.org","ZW","s.gravatar.com","US-CA","gravatar.com"
"patsakacommunityradio.org","ZW","stats.wp.com","US-CA","wp.com"
"polokwaneexpress.co.za","ZA","www.facebook.com","IE","facebook.com"
"polokwaneexpress.co.za","ZA","www.google.com","US-CA","google."
"pulse.ng","NG","d5nxst8fruw4z.cloudfront.net","US-WA","cloudfront.net"
"radiookapi.net","CD","lh5.googleusercontent.com","US-CA","googleusercontent.com"
"radiookapi.net","CD","cdnjs.cloudflare.com","US","cloudflare.com"
"radiookapi.net","CD","lh4.googleusercontent.com","US-CA","googleusercontent.com"
"radiookapi.net","CD","lh6.googleusercontent.com","US-CA","googleusercontent.com"
"radiookapi.net","CD","lh3.googleusercontent.com","US-CA","googleusercontent.com"
"radioonefm90.com","UG","connect.facebook.net","IE","facebook.net"
"randburgsun.co.za","ZA","www.google.com","US-CA","google."
"randburgsun.co.za","ZA","www.facebook.com","IE","facebook.com"
"rekordcenturion.co.za","ZA","www.google.com","US-CA","google."
"rekordcenturion.co.za","ZA","www.facebook.com","IE","facebook.com"
"rekordeast.co.za","ZA","www.google.com","US-CA","google."
"rekordeast.co.za","ZA","www.facebook.com","IE","facebook.com"
"reunion.la1ere.fr","RE","maps.google.com","US-CA","google."
"risingsunchatsworth.co.za","ZA","www.google.com","US-CA","google."
"risingsunchatsworth.co.za","ZA","www.facebook.com","IE","facebook.com"
"saharaoccidental.blogspot.com","EH","apis.google.com","US-CA","google."
"saharareporters.com","NG","ajax.cloudflare.com","US","cloudflare.com"
"salonepost.com","SL","cdnjs.cloudflare.com","US","cloudflare.com"
"sandtonchronicle.co.za","ZA","www.facebook.com","US","facebook.com"
"sandtonchronicle.co.za","ZA","www.google.com","US-CA","google."
"sawtdjelfa.com","DZ","reactandshare.azureedge.net","US-VA","azureedge.net"
"sedibengster.com","ZA","www.facebook.com","IE","facebook.com"
"senego.com","SN","cdnjs.cloudflare.com","US","cloudflare.com"
"senego.com","SN","www.facebook.com","IE","facebook.com"
"senego.com","SN","amp.cloudflare.com","US","cloudflare.com"
"siyimbali.com","SZ","apis.google.com","US-CA","google."
"slpublicopinion.wordpress.com","SL","s0.wp.com","US-CA","wp.com"
"slpublicopinion.wordpress.com","SL","slpublicopinion.files.wordpress.com","US-CA","wordpress.com"
"slpublicopinion.wordpress.com","SL","s2.wp.com","US-CA","wp.com"
"slpublicopinion.wordpress.com","SL","s1.wp.com","US-CA","wp.com"
"slpublicopinion.wordpress.com","SL","i1.wp.com","US-CA","wp.com"
"slpublicopinion.wordpress.com","SL","pixel.wp.com","US-CA","wp.com"
"somaliaone.net","SO","secure.gravatar.com","US-CA","gravatar.com"
"somaliaone.net","SO","stats.wp.com","US-CA","wp.com"
"somaliaone.net","SO","www.google.com","US-CA","google."
"somaliaone.net","SO","s0.wp.com","US-CA","wp.com"
"somalilandpress.com","SO","0.gravatar.com","US-CA","gravatar.com"
"sosanews.com","SS","apis.google.com","US-CA","google."
"sosanews.com","SS","amp.cloudflare.com","US","cloudflare.com"
"source.co.zw","ZW","s0.wp.com","US-CA","wp.com"
"source.co.zw","ZW","s.gravatar.com","US-CA","gravatar.com"
"source.co.zw","ZW","stats.wp.com","US-CA","wp.com"
"southafricatoday.net","ZA","s0.wp.com","US-CA","wp.com"
"southcoastherald.co.za","ZA","www.google.com","US-CA","google."
"southcoastherald.co.za","ZA","www.facebook.com","IE","facebook.com"
"southcoastsun.co.za","ZA","www.google.com","US-CA","google."
"southcoastsun.co.za","ZA","www.facebook.com","IE","facebook.com"
"southlandssun.co.za","ZA","www.google.com","US-CA","google."
"southlandssun.co.za","ZA","www.facebook.com","IE","facebook.com"
"southsudantoday.net","SS","www.google.com","US-CA","google."
"southsudantribune.org","SS","secure.gravatar.com","US-CA","gravatar.com"
"sport.elkhabar.com","DZ","i0.wp.com","US-CA","wp.com"
"sport.elkhabar.com","DZ","s0.wp.com","US-CA","wp.com"
"sport.elkhabar.com","DZ","1.gravatar.com","US-CA","gravatar.com"
"sport.elkhabar.com","DZ","i2.wp.com","US-CA","wp.com"
"sport.elkhabar.com","DZ","i1.wp.com","US-CA","wp.com"
"sport.elkhabar.com","DZ","2.gravatar.com","US-CA","gravatar.com"
"sport.elkhabar.com","DZ","stats.wp.com","US-CA","wp.com"
"sport.elkhabar.com","DZ","s.gravatar.com","US-CA","gravatar.com"
"sportbrief.co.zw","ZW","www.youtube.com","US-CA","youtube."
"standardtimespress.org","SL","apis.google.com","US-CA","google."
"stfrancischronicle.com","ZA","s2.wp.com","US-CA","wp.com"
"stfrancischronicle.com","ZA","stfrancischronicle.files.wordpress.com","US-CA","wordpress.com"
"stfrancischronicle.com","ZA","pixel.wp.com","US-CA","wp.com"
"stfrancischronicle.com","ZA","s0.wp.com","US-CA","wp.com"
"stfrancischronicle.com","ZA","r-login.wordpress.com","US-CA","wordpress.com"
"stfrancischronicle.com","ZA","s1.wp.com","US-CA","wp.com"
"sthelenaonline.org","SH","stats.wp.com","US-CA","wp.com"
"sthelenaonline.org","SH","s0.wp.com","US-CA","wp.com"
"sthelenaonline.org","SH","s.gravatar.com","US-CA","gravatar.com"
"sunnewsonline.com","NG","connect.facebook.net","IE","facebook.net"
"tahrirnews.com","EG","www.facebook.com","IE","facebook.com"
"tchadinfos.com","TD","stats.wp.com","US-CA","wp.com"
"tchadinfos.com","TD","play.google.com","US-CA","google."
"tchadinfos.com","TD","s0.wp.com","US-CA","wp.com"
"tchadinfos.com","TD","s.gravatar.com","US-CA","gravatar.com"
"telquel.ma","MA","d5nxst8fruw4z.cloudfront.net","US-WA","cloudfront.net"
"theabujatimes.com","NG","0.gravatar.com","US-CA","gravatar.com"
"theglobenewspaper.blogspot.com","ZM","apis.google.com","US-CA","google."
"theinfrastructurenewsng.com","NG","apis.google.com","US-CA","google."
"theinvestigatornews.com","UG","d5nxst8fruw4z.cloudfront.net","US-WA","cloudfront.net"
"theneighbourhoodonline.com","NG","pbs.twimg.com","EU","twimg.com"
"thenewcrusadingguideonline.com","GH","apis.google.com","US-CA","google."
"thepointernewsonline.com","NG","connect.facebook.net","IE","facebook.net"
"theweeklyadvertiser.com","KE","www.google.com","US-CA","google."
"theweeklyadvertiser.com","KE","apis.google.com","US-CA","google."
"thezimbabwemail.com","ZW","s0.wp.com","US-CA","wp.com"
"thezimbabwemail.com","ZW","0.gravatar.com","US-CA","gravatar.com"
"thezimbabwemail.com","ZW","i2.wp.com","US-CA","wp.com"
"thezimbabwemail.com","ZW","i1.wp.com","US-CA","wp.com"
"thezimbabwemail.com","ZW","1.gravatar.com","US-CA","gravatar.com"
"thezimbabwemail.com","ZW","stats.wp.com","US-CA","wp.com"
"thezimbabwemail.com","ZW","s.gravatar.com","US-CA","gravatar.com"
"thezimbabwemail.com","ZW","i0.wp.com","US-CA","wp.com"
"thezimbabwemail.com","ZW","2.gravatar.com","US-CA","gravatar.com"
"timesmediamw.com","MW","1.gravatar.com","US-CA","gravatar.com"
"timesmediamw.com","MW","0.gravatar.com","US-CA","gravatar.com"
"togozine.com","TG","0.gravatar.com","US-CA","gravatar.com"
"tv3network.com","GH","www.youtube.com","US-CA","youtube."
"tv3network.com","GH","pagead2.googlesyndication.com","US-CA","googlesyndication."
"tvwest.co.ug","UG","1.gravatar.com","US-CA","gravatar.com"
"tvwest.co.ug","UG","img.youtube.com","US-CA","youtube."
"ubc.ug","UG","secure.gravatar.com","US-CA","gravatar.com"
"ugandaradionetwork.com","UG","maps.google.com","US-CA","google."
"ukzambians.co.uk","ZM","i2.wp.com","US-CA","wp.com"
"ukzambians.co.uk","ZM","s0.wp.com","US-CA","wp.com"
"ukzambians.co.uk","ZM","i0.wp.com","US-CA","wp.com"
"ukzambians.co.uk","ZM","i1.wp.com","US-CA","wp.com"
"ukzambians.co.uk","ZM","stats.wp.com","US-CA","wp.com"
"ukzambians.co.uk","ZM","s.gravatar.com","US-CA","gravatar.com"
"urhobotoday.com","NG","s0.wp.com","US-CA","wp.com"
"urhobotoday.com","NG","i2.wp.com","US-CA","wp.com"
"urhobotoday.com","NG","i0.wp.com","US-CA","wp.com"
"urhobotoday.com","NG","stats.wp.com","US-CA","wp.com"
"urhobotoday.com","NG","s.gravatar.com","US-CA","gravatar.com"
"urhobotoday.com","NG","i1.wp.com","US-CA","wp.com"
"victoriafalls24.com","ZW","www.google.com","US-CA","google."
"victoriafalls24.com","ZW","s0.wp.com","US-CA","wp.com"
"victoriafalls24.com","ZW","secure.gravatar.com","US-CA","gravatar.com"
"victoriafalls24.com","ZW","stats.wp.com","US-CA","wp.com"
"weekly.ahram.org.eg","EG","d5nxst8fruw4z.cloudfront.net","US-WA","cloudfront.net"
"worldstagegroup.com","NG","connect.facebook.net","IE","facebook.net"
"www.24haubenin.info","BJ","connect.facebook.net","IE","facebook.net"
"www.3-mob.com","ZW","i1.wp.com","US-CA","wp.com"
"www.3-mob.com","ZW","stats.wp.com","US-CA","wp.com"
"www.3-mob.com","ZW","i0.wp.com","US-CA","wp.com"
"www.3-mob.com","ZW","i2.wp.com","US-CA","wp.com"
"www.5plus.mu","MU","www.google.com","US-CA","google."
"www.702.co.za","ZA","cdnjs.cloudflare.com","US","cloudflare.com"
"www.abidjan.net","CI","cdnjs.cloudflare.com","US","cloudflare.com"
"www.aboutalgeria.com","DZ","apis.google.com","US-CA","google."
"www.actubenin.com","BJ","2.gravatar.com","US-CA","gravatar.com"
"www.adiac-congo.com","CG","www.facebook.com","IE","facebook.com"
"www.afbis.com","NG","stats.wp.com","US-CA","wp.com"
"www.afbis.com","NG","s0.wp.com","US-CA","wp.com"
"www.afbis.com","NG","s.gravatar.com","US-CA","gravatar.com"
"www.africaguinee.com","GQ","d5nxst8fruw4z.cloudfront.net","US-WA","cloudfront.net"
"www.africanexaminer.com","NG","s0.wp.com","US-CA","wp.com"
"www.africanheraldexpress.com","NG","s0.wp.com","US-CA","wp.com"
"www.africanheraldexpress.com","NG","l.yimg.com","GB","yimg."
"www.africapresse.com","CM","apis.google.com","US-CA","google."
"www.africasports.net","SO","secure.gravatar.com","US-CA","gravatar.com"
"www.africasports.net","SO","www.google.com","US-CA","google."
"www.africasports.net","SO","s0.wp.com","US-CA","wp.com"
"www.africatoday.co.ao","AO","s0.wp.com","US-CA","wp.com"
"www.ahdath.info","MA","d5nxst8fruw4z.cloudfront.net","US-WA","cloudfront.net"
"www.ahdath.info","MA","cdnjs.cloudflare.com","US","cloudflare.com"
"www.ahdath.info","MA","apis.google.com","US-CA","google."
"www.ahdath.info","MA","cdn.jsdelivr.net","US","cdn.jsdelivr.net"
"www.ahram.org.eg","EG","d5nxst8fruw4z.cloudfront.net","US-WA","cloudfront.net"
"www.akhbarelyoum.dz","DZ","d5nxst8fruw4z.cloudfront.net","US-WA","cloudfront.net"
"www.akhbarlibya24.net","LY","d5nxst8fruw4z.cloudfront.net","US-WA","cloudfront.net"
"www.akhersaa-dz.com","DZ","img.youtube.com","US-CA","youtube."
"www.algeriatimes.net","DZ","connect.facebook.net","IE","facebook.net"
"www.algerie360.com","DZ","pagead2.googlesyndication.com","US-CA","googlesyndication."
"www.algerie360.com","DZ","www.google.fr","US-CA","google."
"www.algerie360.com","DZ","cdnjs.cloudflare.com","US","cloudflare.com"
"www.algerieconfluences.com","DZ","www.google.com","US-CA","google."
"www.algerieconfluences.com","DZ","d1lxhc4jvstzrp.cloudfront.net","US-WA","cloudfront.net"
"www.algeriepatriotique.com","DZ","www.google.com","US-CA","google."
"www.algeriepatriotique.com","DZ","d5nxst8fruw4z.cloudfront.net","US-WA","cloudfront.net"
"www.allpuntland.com","SO","pagead2.googlesyndication.com","US-CA","googlesyndication."
"www.allsomali.com","SO","www.google.com","US-CA","google."
"www.allsomali.com","SO","d1lxhc4jvstzrp.cloudfront.net","US-WA","cloudfront.net"
"www.almasryalyoum.com","EG","d5nxst8fruw4z.cloudfront.net","US-WA","cloudfront.net"
"www.almasryalyoum.com","EG","img.youtube.com","US-CA","youtube."
"www.almasryalyoum.com","EG","d31qbv1cthcecs.cloudfront.net","FR","cloudfront.net"
"www.almshaheer.com","SD","pagead2.googlesyndication.com","US-CA","googlesyndication."
"www.alsahafa.info","SD","www.google.com","US-CA","google."
"www.alwafd.org","EG","d5nxst8fruw4z.cloudfront.net","US-WA","cloudfront.net"
"www.alwatanalarabi.com","EG","amp.cloudflare.com","US","cloudflare.com"
"www.alwatanalarabi.com","EG","www.google.com.sa","US-CA","google."
"www.alwatanalarabi.com","EG","ajax.cloudflare.com","US","cloudflare.com"
"www.alwatanalarabi.com","EG","www.google.com","US-CA","google."
"www.annabacity.net","DZ","www.google.com","US-CA","google."
"www.annabacity.net","DZ","qvbotdu.x.incapdns.net","US-CA","incapdns.net"
"www.annabacity.net","DZ","pagead2.googlesyndication.com","US-CA","googlesyndication."
"www.aps.sn","SN","maps.google.com","US-CA","google."
"www.arib.info","BI","pagead2.googlesyndication.com","US-CA","googlesyndication."
"www.ascension-island.gov.ac","SH","s0.wp.com","US-CA","wp.com"
"www.ascension-island.gov.ac","SH","s.gravatar.com","US-CA","gravatar.com"
"www.ascension-island.gov.ac","SH","stats.wp.com","US-CA","wp.com"
"www.assabah.press.ma","MA","amp.cloudflare.com","US","cloudflare.com"
"www.assabah.press.ma","MA","securepubads.g.doubleclick.net","US-CA","doubleclick.net"
"www.au-senegal.com","SN","maps.google.com","US-CA","google."
"www.aujourdhui.ma","MA","www.google.com","US-CA","google."
"www.autrequotidien.com","BJ","www.google.com","US-CA","google."
"www.awrambatimes.com","ET","pagead2.googlesyndication.com","US-CA","googlesyndication."
"www.az.com.na","NA","cdnjs.cloudflare.com","US","cloudflare.com"
"www.az.com.na","NA","d3rp5jatom3eyn.cloudfront.net","US-WA","cloudfront.net"
"www.babnet.net","TN","d5nxst8fruw4z.cloudfront.net","US-WA","cloudfront.net"
"www.babnet.net","TN","www.facebook.com","IE","facebook.com"
"www.bakhitaradio.org","SS","stats.wp.com","US-CA","wp.com"
"www.bakhitaradio.org","SS","s0.wp.com","US-CA","wp.com"
"www.bakhitaradio.org","SS","s.gravatar.com","US-CA","gravatar.com"
"www.banadir.com","SO","pagead2.googlesyndication.com","US-CA","googlesyndication."
"www.beeld.com","ZA","pubads.g.doubleclick.net","US-CA","doubleclick.net"
"www.beeld.com","ZA","www.facebook.com","IE","facebook.com"
"www.bejaiainfo.com","DZ","img.youtube.com","ZA","youtube."
"www.bejaiainfo.com","DZ","img.youtube.com","US-CA","youtube."
"www.bellanaija.com","NG","d5nxst8fruw4z.cloudfront.net","US-WA","cloudfront.net"
"www.benininfo.com","BJ","pagead2.googlesyndication.com","US-CA","googlesyndication."
"www.bignigeria.com","NG","www.facebook.com","IE","facebook.com"
"www.bignigeria.com","NG","pagead2.googlesyndication.com","US-CA","googlesyndication."
"www.bonaberi.com","CM","pagead2.googlesyndication.com","US-CA","googlesyndication."
"www.bonaberi.com","CM","static.ak.connect.facebook.com","NULL","facebook.com"
"www.bonaberi.com","CM","widgets.twimg.com","US","twimg.com"
"www.bonesha.bi","BI","www.google.com","US-CA","google."
"www.bonesha.bi","BI","d1lxhc4jvstzrp.cloudfront.net","US-WA","cloudfront.net"
"www.bushchicken.com","LR","pbs.twimg.com","EU","twimg.com"
"www.bushchicken.com","LR","maps.google.com","US-CA","google."
"www.businessdailyafrica.com","KE","amp.cloudflare.com","US","cloudflare.com"
"www.businessdailyafrica.com","KE","apis.google.com","US-CA","google."
"www.businessdailyafrica.com","KE","d5nxst8fruw4z.cloudfront.net","US-WA","cloudfront.net"
"www.businesstimes.co.tz","TZ","d1lxhc4jvstzrp.cloudfront.net","US-WA","cloudfront.net"
"www.businesstimes.co.tz","TZ","www.google.com","US-CA","google."
"www.cabodiario.com","CV","pagead2.googlesyndication.com","US-CA","googlesyndication."
"www.caboverdeonline.com","CV","translate.google.com","US-CA","google."
"www.camer.be","CM","static.ak.connect.facebook.com","NULL","facebook.com"
"www.camer.be","CM","www.google.com","US-CA","google."
"www.camer.be","CM","d1i6vahw24eb07.cloudfront.net","US-WA","cloudfront.net"
"www.camer.be","CM","connect.facebook.net","IE","facebook.net"
"www.camer.be","CM","apis.google.com","US-CA","google."
"www.cameroon-info.net","CM","d5nxst8fruw4z.cloudfront.net","US-WA","cloudfront.net"
"www.cameroonweb.com","CM","d5nxst8fruw4z.cloudfront.net","US-WA","cloudfront.net"
"www.cameroonweb.com","CM","securepubads.g.doubleclick.net","US-CA","doubleclick.net"
"www.capetalk.co.za","ZA","cdnjs.cloudflare.com","US","cloudflare.com"
"www.capitalfm.co.ke","KE","cdnjs.cloudflare.com","US","cloudflare.com"
"www.capitalfm.co.ke","KE","d5nxst8fruw4z.cloudfront.net","US-WA","cloudfront.net"
"www.carletonvilleherald.com","ZA","www.facebook.com","IE","facebook.com"
"www.carrefourdalgerie.com","DZ","i0.wp.com","US-CA","wp.com"
"www.carrefourdalgerie.com","DZ","s0.wp.com","US-CA","wp.com"
"www.carrefourdalgerie.com","DZ","i1.wp.com","US-CA","wp.com"
"www.carrefourdalgerie.com","DZ","i2.wp.com","US-CA","wp.com"
"www.carrefourdalgerie.com","DZ","stats.wp.com","US-CA","wp.com"
"www.carrefourdalgerie.com","DZ","s.gravatar.com","US-CA","gravatar.com"
"www.cbc-eg.com","EG","d5nxst8fruw4z.cloudfront.net","US-WA","cloudfront.net"
"www.cbn.co.za","ZA","www.google.com","US-CA","google."
"www.channelafrica.co.za","ZA","code.google.com","US-CA","google."
"www.channelstv.com","NG","ajax.cloudflare.com","US","cloudflare.com"
"www.channelstv.com","NG","www.youtube.com","US-CA","youtube."
"www.chronicle.co.zw","ZW","1.gravatar.com","US-CA","gravatar.com"
"www.chronicle.co.zw","ZW","0.gravatar.com","US-CA","gravatar.com"
"www.chronicle.co.zw","ZW","pagead2.googlesyndication.com","US-CA","googlesyndication."
"www.citifmonline.com","GH","pagead2.googlesyndication.com","US-CA","googlesyndication."
"www.citizentv.co.ke","KE","3dwnh01icn0h133s00sokwo1-wpengine.netdna-ssl.com","DE","netdna-ssl.com"
"www.citizentv.co.ke","KE","3dwnh01icn0h133s00sokwo1-wpengine.netdna-ssl.com","GB","netdna-ssl.com"
"www.citypress.co.za","ZA","pubads.g.doubleclick.net","US-CA","doubleclick.net"
"www.cknnigeria.com","NG","apis.google.com","US-CA","google."
"www.cknnigeria.com","NG","lh3.googleusercontent.com","US-CA","googleusercontent.com"
"www.comores-actualites.com","KM","www.google.com","US-CA","google."
"www.confidente.com.na","NA","i2.wp.com","US-CA","wp.com"
"www.confidente.com.na","NA","stats.wp.com","US-CA","wp.com"
"www.confidente.com.na","NA","s.gravatar.com","US-CA","gravatar.com"
"www.confidente.com.na","NA","i1.wp.com","US-CA","wp.com"
"www.confidente.com.na","NA","s0.wp.com","US-CA","wp.com"
"www.confidente.com.na","NA","i0.wp.com","US-CA","wp.com"
"www.congoindependant.com","CD","pagead2.googlesyndication.com","US-CA","googlesyndication."
"www.congopage.com","CG","d3l8p0mriqvr7u.cloudfront.net","US-WA","cloudfront.net"
"www.congoplanet.com","CD","pagead2.googlesyndication.com","US-CA","googlesyndication."
"www.congoplanet.com","CD","www.google.com","US-CA","google."
"www.congoplanet.com","CD","connect.facebook.net","IE","facebook.net"
"www.congoplanete.com","CD","www.google.fr","US-CA","google."
"www.congoplanete.com","CD","pagead2.googlesyndication.com","US-CA","googlesyndication."
"www.congoplanete.com","CD","connect.facebook.net","IE","facebook.net"
"www.congoplanete.com","CD","www.google.com","US-CA","google."
"www.congovision.com","CD","pagead2.googlesyndication.com","US-CA","googlesyndication."
"www.courriercasablanca.com","MA","pagead2.googlesyndication.com","US-CA","googlesyndication."
"www.critiqueecho.com","SL","0.gravatar.com","US-CA","gravatar.com"
"www.critiqueecho.com","SL","2.gravatar.com","US-CA","gravatar.com"
"www.critiqueecho.com","SL","1.gravatar.com","US-CA","gravatar.com"
"www.cyberethiopia.com","ET","pagead2.googlesyndication.com","US-CA","googlesyndication."
"www.dac-presse.com","CG","www.youtube.com","US-CA","youtube."
"www.dailyguideghana.com","GH","connect.facebook.net","IE","facebook.net"
"www.dailymaverick.co.za","ZA","www.facebook.com","IE","facebook.com"
"www.dailytrust.com.ng","NG","img.youtube.com","US-CA","youtube."
"www.dailytrust.com.ng","NG","d5nxst8fruw4z.cloudfront.net","US-WA","cloudfront.net"
"www.dakaractu.com","SN","d5nxst8fruw4z.cloudfront.net","US-WA","cloudfront.net"
"www.deboutcongolais.info","CD","www.google.com","US-CA","google."
"www.defimedia.info","MU","d5nxst8fruw4z.cloudfront.net","US-WA","cloudfront.net"
"www.dieburger.com","ZA","pubads.g.doubleclick.net","US-CA","doubleclick.net"
"www.dieburger.com","ZA","www.facebook.com","IE","facebook.com"
"www.digitalcongo.net","CD","cdnjs.cloudflare.com","US","cloudflare.com"
"www.direct.cd","CD","stats.wp.com","US-CA","wp.com"
"www.direct.cd","CD","s0.wp.com","US-CA","wp.com"
"www.direct.cd","CD","s.gravatar.com","US-CA","gravatar.com"
"www.dispatchlive.co.za","ZA","i0.wp.com","US-CA","wp.com"
"www.dispatchlive.co.za","ZA","i2.wp.com","US-CA","wp.com"
"www.dispatchlive.co.za","ZA","stats.wp.com","US-CA","wp.com"
"www.dispatchlive.co.za","ZA","i1.wp.com","US-CA","wp.com"
"www.dispatchlive.co.za","ZA","s0.wp.com","US-CA","wp.com"
"www.districtmail.com","ZA","pubads.g.doubleclick.net","US-CA","doubleclick.net"
"www.districtmail.com","ZA","www.facebook.com","IE","facebook.com"
"www.djazairess.com","DZ","amp.cloudflare.com","US","cloudflare.com"
"www.dostor.org","EG","d5nxst8fruw4z.cloudfront.net","US-WA","cloudfront.net"
"www.durbannews.co.za","ZA","2.gravatar.com","US-CA","gravatar.com"
"www.durbannews.co.za","ZA","img.youtube.com","US-CA","youtube."
"www.dzfoot.com","DZ","ajax.cloudflare.com","US","cloudflare.com"
"www.e-nigeriang.com","NG","s0.wp.com","US-CA","wp.com"
"www.e-nigeriang.com","NG","i2.wp.com","US-CA","wp.com"
"www.e-nigeriang.com","NG","i0.wp.com","US-CA","wp.com"
"www.e-nigeriang.com","NG","stats.wp.com","US-CA","wp.com"
"www.e-nigeriang.com","NG","secure.gravatar.com","US-CA","gravatar.com"
"www.e-nigeriang.com","NG","i1.wp.com","US-CA","wp.com"
"www.eastlondonexpress.co.za","ZA","pubads.g.doubleclick.net","US-CA","doubleclick.net"
"www.eastlondonexpress.co.za","ZA","d5nxst8fruw4z.cloudfront.net","US-WA","cloudfront.net"
"www.echoroukonline.com","DZ","d5nxst8fruw4z.cloudfront.net","US-WA","cloudfront.net"
"www.ecr.co.za","ZA","www.facebook.com","IE","facebook.com"
"www.ecr.co.za","ZA","ajax.cloudflare.com","US","cloudflare.com"
"www.edenexpress.co.za","ZA","pubads.g.doubleclick.net","US-CA","doubleclick.net"
"www.edenexpress.co.za","ZA","d5nxst8fruw4z.cloudfront.net","US-WA","cloudfront.net"
"www.edgecommunitynews.com","ZA","graph.facebook.com","IE","facebook.com"
"www.edgecommunitynews.com","ZA","connect.facebook.net","IE","facebook.net"
"www.edoworld.net","NG","pagead2.googlesyndication.com","US-CA","googlesyndication."
"www.egynews.net","EG","cdnjs.cloudflare.com","US","cloudflare.com"
"www.eikestadnuus.co.za","ZA","pubads.g.doubleclick.net","US-CA","doubleclick.net"
"www.eikestadnuus.co.za","ZA","www.facebook.com","IE","facebook.com"
"www.elbilad.net","DZ","ajax.cloudflare.com","US","cloudflare.com"
"www.elconfidencialsaharaui.com","EH","lh3.googleusercontent.com","US-CA","googleusercontent.com"
"www.elconfidencialsaharaui.com","EH","apis.google.com","US-CA","google."
"www.eljadida.com","MA","pagead2.googlesyndication.com","US-CA","googlesyndication."
"www.eljadida.com","MA","www.google.co.ma","US-CA","google."
"www.elombah.com","NG","i1.wp.com","US-CA","wp.com"
"www.elombah.com","NG","pbs.twimg.com","EU","twimg.com"
"www.elombah.com","NG","apis.google.com","US-CA","google."
"www.ennaharonline.com","DZ","www.facebook.com","IE","facebook.com"
"www.ennaharonline.com","DZ","d5nxst8fruw4z.cloudfront.net","US-WA","cloudfront.net"
"www.ennaharonline.com","DZ","cdnjs.cloudflare.com","US","cloudflare.com"
"www.ethiomedia.com","ET","d31qbv1cthcecs.cloudfront.net","US-WA","cloudfront.net"
"www.ethiomedia.com","ET","us.i1.yimg.com","SE","yimg."
"www.ethiomedia.com","ET","d5nxst8fruw4z.cloudfront.net","US-WA","cloudfront.net"
"www.ethiomedia.com","ET","pagead2.googlesyndication.com","US-CA","googlesyndication."
"www.ethionewsdirect.com","ET","ajax.cloudflare.com","US","cloudflare.com"
"www.ethioobserver.net","ET","cosfrontporch.wpengine.netdna-cdn.com","GB","netdna-cdn.com"
"www.ethiopians.com","ET","pagead2.googlesyndication.com","US-CA","googlesyndication."
"www.expansao.co.ao","AO","nvcdn.azureedge.net","EU","azureedge.net"
"www.expotimesonline.net","SL","i1.wp.com","US-CA","wp.com"
"www.expressodasilhas.sapo.cv","CV","cdnjs.cloudflare.com","US","cloudflare.com"
"www.farajat.net","ER","stats.wp.com","US-CA","wp.com"
"www.farajat.net","ER","i1.wp.com","US-CA","wp.com"
"www.farajat.net","ER","s0.wp.com","US-CA","wp.com"
"www.farajat.net","ER","i0.wp.com","US-CA","wp.com"
"www.farajat.net","ER","i2.wp.com","US-CA","wp.com"
"www.financialgazette.co.zw","ZW","pagead2.googlesyndication.com","US-CA","googlesyndication."
"www.flavafm.co.zm","ZM","play.google.com","US-CA","google."
"www.focusinfos.net","TG","cdnjs.cloudflare.com","US","cloudflare.com"
"www.focusinfos.net","TG","secure.gravatar.com","US-CA","gravatar.com"
"www.fraternitebj.info","BJ","connect.facebook.net","IE","facebook.net"
"www.fratmat.info","CI","securepubads.g.doubleclick.net","US-CA","doubleclick.net"
"www.freedomradionig.com","NG","cdn.jsdelivr.net","GB","cdn.jsdelivr.net"
"www.freshangleng.com","NG","apis.google.com","US-CA","google."
"www.freshfactsonlinenews.net","NG","www.google.com","US-CA","google."
"www.freshfactsonlinenews.net","NG","d1lxhc4jvstzrp.cloudfront.net","US-WA","cloudfront.net"
"www.frontiersnews.com","NG","d5nxst8fruw4z.cloudfront.net","US-WA","cloudfront.net"
"www.frontpageafricaonline.com","LR","ajax.cloudflare.com","US","cloudflare.com"
"www.gaboneco.com","GA","pagead2.googlesyndication.com","US-CA","googlesyndication."
"www.galaxytvonline.com","NG","amp.cloudflare.com","US","cloudflare.com"
"www.garoweonline.com","SO","img.youtube.com","US-CA","youtube."
"www.gaznot.com","GW","s.gravatar.com","US-CA","gravatar.com"
"www.gaznot.com","GW","stats.wp.com","US-CA","wp.com"
"www.gaznot.com","GW","s0.wp.com","US-CA","wp.com"
"www.ghanabusinessnews.com","GH","stats.wp.com","US-CA","wp.com"
"www.ghanabusinessnews.com","GH","amp.cloudflare.com","US","cloudflare.com"
"www.ghanabusinessnews.com","GH","s0.wp.com","US-CA","wp.com"
"www.ghanabusinessnews.com","GH","www.google.com.gh","US-CA","google."
"www.ghanaiantimes.com.gh","GH","apis.google.com","US-CA","google."
"www.ghanasoccernet.com","GH","d5nxst8fruw4z.cloudfront.net","US-WA","cloudfront.net"
"www.ghanasoccernet.com","GH","www.google.com","US-CA","google."
"www.ghanatoday.com","GH","pagead2.googlesyndication.com","US-CA","googlesyndication."
"www.ghanaweb.com","GH","d5nxst8fruw4z.cloudfront.net","US-WA","cloudfront.net"
"www.ghanaweb.com","GH","securepubads.g.doubleclick.net","US-CA","doubleclick.net"
"www.gossipnigeria.com","NG","pagead2.googlesyndication.com","US-CA","googlesyndication."
"www.gossipnigeria.com","NG","apis.google.com","US-CA","google."
"www.greytown.co.za","ZA","pagead2.googlesyndication.com","US-CA","googlesyndication."
"www.greytown.co.za","ZA","www.google.com","US-CA","google."
"www.groupelavenir.org","CD","img.youtube.com","US-CA","youtube."
"www.groupelavenir.org","CD","apis.google.com","US-CA","google."
"www.guinee360.com","GQ","i0.wp.com","US-CA","wp.com"
"www.guinee360.com","GQ","stats.wp.com","US-CA","wp.com"
"www.guinee360.com","GQ","d5nxst8fruw4z.cloudfront.net","US-WA","cloudfront.net"
"www.guinee360.com","GQ","s0.wp.com","US-CA","wp.com"
"www.guineepresse.info","GQ","pagead2.googlesyndication.com","US-CA","googlesyndication."
"www.guineepresse.info","GQ","www.google.com","US-CA","google."
"www.gurtong.net","SS","badge.facebook.com","IE","facebook.com"
"www.gurtong.net","SS","www.youtube.com","US-CA","youtube."
"www.habarizacomores.com","KM","apis.google.com","US-CA","google."
"www.hallmarknews.com","NG","s0.wp.com","US-CA","wp.com"
"www.hallmarknews.com","NG","s.gravatar.com","US-CA","gravatar.com"
"www.hebdoimmobilier-dz.com","DZ","www.facebook.com","IE","facebook.com"
"www.heidelbergnigelheraut.co.za","ZA","www.google.com","US-CA","google."
"www.heidelbergnigelheraut.co.za","ZA","www.facebook.com","IE","facebook.com"
"www.herald.co.zw","ZW","pagead2.googlesyndication.com","US-CA","googlesyndication."
"www.heraldlive.co.za","ZA","i2.wp.com","US-CA","wp.com"
"www.heraldlive.co.za","ZA","s0.wp.com","US-CA","wp.com"
"www.heraldlive.co.za","ZA","i0.wp.com","US-CA","wp.com"
"www.heraldlive.co.za","ZA","i1.wp.com","US-CA","wp.com"
"www.heraldlive.co.za","ZA","stats.wp.com","US-CA","wp.com"
"www.heraldlive.co.za","ZA","www.google.com","US-CA","google."
"www.hermanustimes.co.za","ZA","www.facebook.com","IE","facebook.com"
"www.hermanustimes.co.za","ZA","pubads.g.doubleclick.net","US-CA","doubleclick.net"
"www.icibenin.com","BJ","pagead2.googlesyndication.com","US-CA","googlesyndication."
"www.icibenin.com","BJ","apis.google.com","US-CA","google."
"www.icilome.com","TG","pagead2.googlesyndication.com","US-CA","googlesyndication."
"www.icilome.com","TG","apis.google.com","US-CA","google."
"www.igfm.sn","SN","d1vofhx4c0tjrz.cloudfront.net","US-WA","cloudfront.net"
"www.igfm.sn","SN","d5nxst8fruw4z.cloudfront.net","US-WA","cloudfront.net"
"www.ilorin.info","NG","www.google.com","US-CA","google."
"www.ilorin.info","NG","pagead2.googlesyndication.com","US-CA","googlesyndication."
"www.imatin.net","CI","d5nxst8fruw4z.cloudfront.net","US-WA","cloudfront.net"
"www.impact24.info","DZ","2.gravatar.com","US-CA","gravatar.com"
"www.independent.co.ug","UG","www.youtube.com","US-CA","youtube."
"www.independent.co.ug","UG","secure.gravatar.com","US-CA","gravatar.com"
"www.independent.co.ug","UG","stats.wp.com","US-CA","wp.com"
"www.independent.co.ug","UG","s0.wp.com","US-CA","wp.com"
"www.indepthnigeria.com","NG","d1lxhc4jvstzrp.cloudfront.net","US-WA","cloudfront.net"
"www.indepthnigeria.com","NG","www.google.com","US-CA","google."
"www.infoconstantine.com","DZ","www.google.com","US-CA","google."
"www.infoconstantine.com","DZ","d1lxhc4jvstzrp.cloudfront.net","US-WA","cloudfront.net"
"www.informationng.com","NG","s0.wp.com","US-CA","wp.com"
"www.informationng.com","NG","www.facebook.com","IE","facebook.com"
"www.informationng.com","NG","i0.wp.com","US-CA","wp.com"
"www.informationng.com","NG","i1.wp.com","US-CA","wp.com"
"www.informationng.com","NG","d5nxst8fruw4z.cloudfront.net","US-WA","cloudfront.net"
"www.informationng.com","NG","stats.wp.com","US-CA","wp.com"
"www.informationng.com","NG","s.gravatar.com","US-CA","gravatar.com"
"www.informationng.com","NG","i2.wp.com","US-CA","wp.com"
"www.iol.co.za","ZA","www.facebook.com","IE","facebook.com"
"www.iol.co.za","ZA","cdn.jsdelivr.net","GB","cdn.jsdelivr.net"
"www.ionigeria.com","NG","d5nxst8fruw4z.cloudfront.net","US-WA","cloudfront.net"
"www.iq4news.com","NG","s0.wp.com","US-CA","wp.com"
"www.iq4news.com","NG","s.gravatar.com","US-CA","gravatar.com"
"www.jbaynews.com","ZA","s0.wp.com","US-CA","wp.com"
"www.jbaynews.com","ZA","i2.wp.com","US-CA","wp.com"
"www.jbaynews.com","ZA","i0.wp.com","US-CA","wp.com"
"www.jbaynews.com","ZA","stats.wp.com","US-CA","wp.com"
"www.jbaynews.com","ZA","s.gravatar.com","US-CA","gravatar.com"
"www.jbaynews.com","ZA","i1.wp.com","US-CA","wp.com"
"www.jeberti.com","ER","encrypted-tbn0.gstatic.com","US-CA","gstatic.com"
"www.jeberti.com","ER","img.youtube.com","US-CA","youtube."
"www.jijel-echo.com","DZ","connect.facebook.net","IE","facebook.net"
"www.jijel-echo.com","DZ","www.google.fr","US-CA","google."
"www.jijel-echo.com","DZ","www.google.com","US-CA","google."
"www.jijel-echo.com","DZ","pagead2.googlesyndication.com","US-CA","googlesyndication."
"www.jijel.info","DZ","www.gravatar.com","US-CA","gravatar.com"
"www.jijel.info","DZ","static.xx.fbcdn.net","IE","fbcdn.net"
"www.jollofnews.com","GM","stats.wp.com","US-CA","wp.com"
"www.jollofnews.com","GM","s0.wp.com","US-CA","wp.com"
"www.jollofnews.com","GM","secure.gravatar.com","US-CA","gravatar.com"
"www.journal-adjinakou-benin.info","BJ","s0.wp.com","US-CA","wp.com"
"www.journal-adjinakou-benin.info","BJ","stats.wp.com","US-CA","wp.com"
"www.journaldebrazza.com","CG","img.youtube.com","US-CA","youtube."
"www.journalducameroun.com","CM","img.youtube.com","US-CA","youtube."
"www.kapital971.com","GH","cdnjs.cloudflare.com","US","cloudflare.com"
"www.kawowo.com","UG","s0.wp.com","US-CA","wp.com"
"www.kawowo.com","UG","secure.gravatar.com","US-CA","gravatar.com"
"www.kawowo.com","UG","stats.wp.com","US-CA","wp.com"
"www.kbc.co.ke","KE","img.youtube.com","US-CA","youtube."
"www.kenya-today.com","KE","stats.wp.com","US-CA","wp.com"
"www.kenya-today.com","KE","s0.wp.com","US-CA","wp.com"
"www.kenyamoja.com","KE","d5nxst8fruw4z.cloudfront.net","US-WA","cloudfront.net"
"www.kenyamoja.com","KE","ajax.cloudflare.com","US","cloudflare.com"
"www.kenyan-post.com","KE","apis.google.com","US-CA","google."
"www.kenyan-post.com","KE","static.ak.fbcdn.net","NULL","fbcdn.net"
"www.kitwetimes.com","ZM","stats.wp.com","US-CA","wp.com"
"www.kitwetimes.com","ZM","s.gravatar.com","US-CA","gravatar.com"
"www.kitwetimes.com","ZM","i0.wp.com","US-CA","wp.com"
"www.kitwetimes.com","ZM","s0.wp.com","US-CA","wp.com"
"www.kitwetimes.com","ZM","i1.wp.com","US-CA","wp.com"
"www.kitwetimes.com","ZM","i2.wp.com","US-CA","wp.com"
"www.kivumedia.com","CD","s0.wp.com","US-CA","wp.com"
"www.kivumedia.com","CD","i0.wp.com","US-CA","wp.com"
"www.kivumedia.com","CD","i1.wp.com","US-CA","wp.com"
"www.kivumedia.com","CD","stats.wp.com","US-CA","wp.com"
"www.kivumedia.com","CD","secure.gravatar.com","US-CA","gravatar.com"
"www.kivumedia.com","CD","i2.wp.com","US-CA","wp.com"
"www.koerant.co.za","ZA","stats.wp.com","US-CA","wp.com"
"www.koerant.co.za","ZA","s.gravatar.com","US-CA","gravatar.com"
"www.koerant.co.za","ZA","s0.wp.com","US-CA","wp.com"
"www.koerant.co.za","ZA","i0.wp.com","US-CA","wp.com"
"www.kormorant.co.za","ZA","www.google.com","US-CA","google."
"www.kormorant.co.za","ZA","www.facebook.com","IE","facebook.com"
"www.kougaexpress.co.za","ZA","pubads.g.doubleclick.net","US-CA","doubleclick.net"
"www.kougaexpress.co.za","ZA","d5nxst8fruw4z.cloudfront.net","US-WA","cloudfront.net"
"www.ktvsl.com","SL","s0.wp.com","US-CA","wp.com"
"www.ktvsl.com","SL","s.gravatar.com","US-CA","gravatar.com"
"www.ktvsl.com","SL","stats.wp.com","US-CA","wp.com"
"www.kwaranews.com","NG","2.gravatar.com","US-CA","gravatar.com"
"www.kwayedza.co.zw","ZW","pagead2.googlesyndication.com","US-CA","googlesyndication."
"www.kwevoel.co.za","ZA","i0.wp.com","US-CA","wp.com"
"www.kwevoel.co.za","ZA","i1.wp.com","US-CA","wp.com"
"www.kwevoel.co.za","ZA","stats.wp.com","US-CA","wp.com"
"www.kwevoel.co.za","ZA","i2.wp.com","US-CA","wp.com"
"www.kwevoel.co.za","ZA","s0.wp.com","US-CA","wp.com"
"www.lactualite-dz.info","DZ","www.google.com","US-CA","google."
"www.ladepechedabidjan.info","CI","apis.google.com","US-CA","google."
"www.lagachettedumaroc.com","MA","pagead2.googlesyndication.com","US-CA","googlesyndication."
"www.lanouvellecentrafrique.info","CF","s0.wp.com","US-CA","wp.com"
"www.lanouvellecentrafrique.info","CF","s.gravatar.com","US-CA","gravatar.com"
"www.lanouvellecentrafrique.info","CF","stats.wp.com","US-CA","wp.com"
"www.laprosperiteonline.net","CD","maps.google.com","US-CA","google."
"www.laraignee.org","BJ","apis.google.com","US-CA","google."
"www.latestnigeriannews.com","NG","pagead2.googlesyndication.com","US-CA","googlesyndication."
"www.latestnigeriannews.com","NG","apis.google.com","US-CA","google."
"www.lavieeco.com","MA","www.google.com","US-CA","google."
"www.leaders.com.tn","TN","d5nxst8fruw4z.cloudfront.net","US-WA","cloudfront.net"
"www.leconomistemaghrebin.com","TN","s0.wp.com","US-CA","wp.com"
"www.leconomistemaghrebin.com","TN","stats.wp.com","US-CA","wp.com"
"www.leffortcamerounais.com","CM","www.google.com","US-CA","google."
"www.leffortcamerounais.com","CM","ajax.cloudflare.com","US","cloudflare.com"
"www.leffortcamerounais.info","CM","ajax.cloudflare.com","US","cloudflare.com"
"www.lematin.ma","MA","ajax.cloudflare.com","US","cloudflare.com"
"www.lematin.ma","MA","www.facebook.com","IE","facebook.com"
"www.lematinal.com","MU","www.google.com","US-CA","google."
"www.lematindz.net","DZ","www.gravatar.com","US-CA","gravatar.com"
"www.lemauricien.com","MU","www.google.com","US-CA","google."
"www.lemauricien.com","MU","scontent-sjc3-1.cdninstagram.com","US-CA","cdninstagram.com"
"www.lemauricien.com","MU","2.gravatar.com","US-CA","gravatar.com"
"www.lepetitjournal.com","EG","scontent.cdninstagram.com","IE","cdninstagram.com"
"www.lephareonline.net","CD","0.gravatar.com","US-CA","gravatar.com"
"www.lepotentielonline.com","CD","img.youtube.com","US-CA","youtube."
"www.lepotentielonline.com","CD","connect.facebook.net","IE","facebook.net"
"www.lequotidien.sn","SN","img.youtube.com","US-CA","youtube."
"www.leral.net","SN","d5nxst8fruw4z.cloudfront.net","US-WA","cloudfront.net"
"www.lereporter.ma","MA","secure.gravatar.com","US-CA","gravatar.com"
"www.les4verites.info","BJ","pagead2.googlesyndication.com","US-CA","googlesyndication."
"www.les4verites.info","BJ","apis.google.com","US-CA","google."
"www.leseco.ma","MA","www.facebook.com","IE","facebook.com"
"www.lesnouvelles.org","ET","www.google.com","US-CA","google."
"www.leuksenegal.com","SN","apis.google.com","US-CA","google."
"www.lexpertjournal.net","TN","fbcdn-photos-d-a.akamaihd.net","NL","akamaihd.net"
"www.lexpertjournal.net","TN","scontent-amt2-1.xx.fbcdn.net","IE","fbcdn.net"
"www.lexpress.mu","MU","d5nxst8fruw4z.cloudfront.net","US-WA","cloudfront.net"
"www.libya-businessnews.com","LY","s0.wp.com","US-CA","wp.com"
"www.libya-businessnews.com","LY","2.gravatar.com","US-CA","gravatar.com"
"www.libya-businessnews.com","LY","s.gravatar.com","US-CA","gravatar.com"
"www.libya-businessnews.com","LY","stats.wp.com","US-CA","wp.com"
"www.libya-businessnews.com","LY","1.gravatar.com","US-CA","gravatar.com"
"www.libya-today.com","LY","secure.gravatar.com","US-CA","gravatar.com"
"www.linfodrome.com","CI","apis.google.com","US-CA","google."
"www.linfodrome.com","CI","www.google.com","US-CA","google."
"www.livenewsalgerie.com","DZ","1.gravatar.com","US-CA","gravatar.com"
"www.livenewsalgerie.com","DZ","0.gravatar.com","US-CA","gravatar.com"
"www.livenewsalgerie.com","DZ","2.gravatar.com","US-CA","gravatar.com"
"www.lnr-dz.com","DZ","apis.google.com","US-CA","google."
"www.lomeinfos.com","TG","stats.wp.com","US-CA","wp.com"
"www.lomeinfos.com","TG","1.gravatar.com","US-CA","gravatar.com"
"www.lomeinfos.com","TG","s0.wp.com","US-CA","wp.com"
"www.lomeinfos.com","TG","2.gravatar.com","US-CA","gravatar.com"
"www.lomeinfos.com","TG","s.gravatar.com","US-CA","gravatar.com"
"www.lusakatimes.com","ZM","i2.wp.com","US-CA","wp.com"
"www.lusakatimes.com","ZM","stats.wp.com","US-CA","wp.com"
"www.lusakatimes.com","ZM","secure.gravatar.com","US-CA","gravatar.com"
"www.lusakatimes.com","ZM","i1.wp.com","US-CA","wp.com"
"www.lusakatimes.com","ZM","s0.wp.com","US-CA","wp.com"
"www.lusakatimes.com","ZM","ajax.cloudflare.com","US","cloudflare.com"
"www.lusakatimes.com","ZM","i0.wp.com","US-CA","wp.com"
"www.mada.pro","MG","www.google.com","US-CA","google."
"www.malawianwatchdog.com","MW","2.gravatar.com","US-CA","gravatar.com"
"www.malawivoice.com","MW","s0.wp.com","US-CA","wp.com"
"www.malawivoice.com","MW","stats.wp.com","US-CA","wp.com"
"www.malawivoice.com","MW","i2.wp.com","US-CA","wp.com"
"www.malawivoice.com","MW","i0.wp.com","US-CA","wp.com"
"www.malawivoice.com","MW","s.gravatar.com","US-CA","gravatar.com"
"www.malawivoice.com","MW","i1.wp.com","US-CA","wp.com"
"www.maledatimes.com","ET","i2.wp.com","US-CA","wp.com"
"www.maledatimes.com","ET","s0.wp.com","US-CA","wp.com"
"www.maledatimes.com","ET","www.youtube.com","US-CA","youtube."
"www.maledatimes.com","ET","s.gravatar.com","US-CA","gravatar.com"
"www.maledatimes.com","ET","i0.wp.com","US-CA","wp.com"
"www.maledatimes.com","ET","stats.wp.com","US-CA","wp.com"
"www.malijet.com","ML","pagead2.googlesyndication.com","US-CA","googlesyndication."
"www.malijet.com","ML","d5nxst8fruw4z.cloudfront.net","US-WA","cloudfront.net"
"www.maliweb.net","ML","2.gravatar.com","US-CA","gravatar.com"
"www.maliweb.net","ML","d2q55mevlpufwx.cloudfront.net","US-WA","cloudfront.net"
"www.maliweb.net","ML","maliwebnetcdn-m0upn75d.stackpathdns.com","US-TX","stackpathdns.com"
"www.maliweb.net","ML","d5nxst8fruw4z.cloudfront.net","US-WA","cloudfront.net"
"www.maroc-hebdo.press.ma","MA","pagead2.googlesyndication.com","US-CA","googlesyndication."
"www.marocpress.com","MA","apis.google.com","US-CA","google."
"www.marocpress.com","MA","ssl.gstatic.com","US-CA","gstatic.com"
"www.marocpress.com","MA","pagead2.googlesyndication.com","US-CA","googlesyndication."
"www.masralarabia.com","EG","cdn.jsdelivr.net","GB","cdn.jsdelivr.net"
"www.masralarabia.com","EG","img.youtube.com","US-CA","youtube."
"www.masralarabia.com","EG","d5nxst8fruw4z.cloudfront.net","US-WA","cloudfront.net"
"www.masvingomirror.com","ZW","apis.google.com","US-CA","google."
"www.mbc.mw","MW","cdnjs.cloudflare.com","US","cloudflare.com"
"www.medi1.com","MA","www.google.com","US-CA","google."
"www.medi1.com","MA","cdnjs.cloudflare.com","US","cloudflare.com"
"www.mediaguinee.net","GQ","s0.wp.com","US-CA","wp.com"
"www.mediaguinee.net","GQ","2.gravatar.com","US-CA","gravatar.com"
"www.mediaguinee.net","GQ","i0.wp.com","US-CA","wp.com"
"www.mediaguinee.net","GQ","i1.wp.com","US-CA","wp.com"
"www.mediaguinee.net","GQ","stats.wp.com","US-CA","wp.com"
"www.mediaguinee.net","GQ","s.gravatar.com","US-CA","gravatar.com"
"www.mediaguinee.net","GQ","i2.wp.com","US-CA","wp.com"
"www.mediamaxnetwork.co.ke","KE","ajax.cloudflare.com","US","cloudflare.com"
"www.mediamaxnetwork.co.ke","KE","amp.cloudflare.com","US","cloudflare.com"
"www.medianigeria.com","NG","s0.wp.com","US-CA","wp.com"
"www.medianigeria.com","NG","secure.gravatar.com","US-CA","gravatar.com"
"www.medianigeria.com","NG","stats.wp.com","US-CA","wp.com"
"www.menara.ma","MA","d5nxst8fruw4z.cloudfront.net","US-WA","cloudfront.net"
"www.meskerem.net","ER","scontent-iad3-1.xx.fbcdn.net","US-VA","fbcdn.net"
"www.meskerem.net","ER","butunyi.files.wordpress.com","US-CA","wordpress.com"
"www.midi-madagasikara.mg","MG","translate.google.com","US-CA","google."
"www.midi-madagasikara.mg","MG","www.google.mg","US-CA","google."
"www.mmo.co.mz","MZ","stats.wp.com","US-CA","wp.com"
"www.mmo.co.mz","MZ","s0.wp.com","US-CA","wp.com"
"www.mmo.co.mz","MZ","apis.google.com","US-CA","google."
"www.modernghana.com","GH","d5nxst8fruw4z.cloudfront.net","US-WA","cloudfront.net"
"www.monitor.co.ug","UG","img.youtube.com","US-CA","youtube."
"www.moroccobusinessnews.com","MA","fizikosi.files.wordpress.com","US-CA","wordpress.com"
"www.moroccomirror.com","MA","www.google.com","US-CA","google."
"www.moroccoworldnews.com","MA","d5nxst8fruw4z.cloudfront.net","US-WA","cloudfront.net"
"www.muvitv.com","ZM","2.gravatar.com","US-CA","gravatar.com"
"www.mw","MW","da8dsugrl65ch.cloudfront.net","US-WA","cloudfront.net"
"www.mwananchi.co.tz","TZ","img.youtube.com","US-CA","youtube."
"www.mwanaspoti.co.tz","TZ","img.youtube.com","US-CA","youtube."
"www.mwebantu.news","ZM","img.youtube.com","US-CA","youtube."
"www.mwebantu.news","ZM","2.gravatar.com","US-CA","gravatar.com"
"www.mylbsonline.net","LR","www.google.com","US-CA","google."
"www.myzimbabwe.co.zw","ZW","i1.wp.com","US-CA","wp.com"
"www.myzimbabwe.co.zw","ZW","i0.wp.com","US-CA","wp.com"
"www.myzimbabwe.co.zw","ZW","stats.wp.com","US-CA","wp.com"
"www.myzimbabwe.co.zw","ZW","i2.wp.com","US-CA","wp.com"
"www.myzimbabwe.co.zw","ZW","s0.wp.com","US-CA","wp.com"
"www.naij.com","NG","d5nxst8fruw4z.cloudfront.net","US-WA","cloudfront.net"
"www.naijaleaks.org","NG","www.google.com","US-CA","google."
"www.nairobigossips.com","KE","apis.google.com","US-CA","google."
"www.namibian.com.na","NA","img.youtube.com","US-CA","youtube."
"www.nampa.org","NA","apis.google.com","US-CA","google."
"www.nan.ng","NG","18694-presscdn.pagely.netdna-cdn.com","GB","netdna-cdn.com"
"www.nan.ng","NG","stats.wp.com","US-CA","wp.com"
"www.nan.ng","NG","s.gravatar.com","US-CA","gravatar.com"
"www.nan.ng","NG","s0.wp.com","US-CA","wp.com"
"www.nation.co.ke","KE","img.youtube.com","US-CA","youtube."
"www.nation.co.ke","KE","d5nxst8fruw4z.cloudfront.net","US-WA","cloudfront.net"
"www.nationalaccordnewspaper.com","NG","stats.wp.com","US-CA","wp.com"
"www.nationalaccordnewspaper.com","NG","secure.gravatar.com","US-CA","gravatar.com"
"www.nationalaccordnewspaper.com","NG","i1.wp.com","US-CA","wp.com"
"www.nationalaccordnewspaper.com","NG","s0.wp.com","US-CA","wp.com"
"www.nationalaccordnewspaper.com","NG","i2.wp.com","US-CA","wp.com"
"www.nationalaccordnewspaper.com","NG","i0.wp.com","US-CA","wp.com"
"www.nazret.com","ET","secure.gravatar.com","US-CA","gravatar.com"
"www.netpress.bi","BI","pagead2.googlesyndication.com","US-CA","googlesyndication."
"www.netwerk24.com","ZA","pubads.g.doubleclick.net","US-CA","doubleclick.net"
"www.netwerk24.com","ZA","www.facebook.com","IE","facebook.com"
"www.newera.com.na","NA","cdnjs.cloudflare.com","US","cloudflare.com"
"www.news24.co.ke","KE","d5nxst8fruw4z.cloudfront.net","US-WA","cloudfront.net"
"www.news24.co.ke","KE","pubads.g.doubleclick.net","US-CA","doubleclick.net"
"www.news24.com","ZA","d5nxst8fruw4z.cloudfront.net","US-WA","cloudfront.net"
"www.news24.com","ZA","pubads.g.doubleclick.net","US-CA","doubleclick.net"
"www.news24.com.ng","NG","pubads.g.doubleclick.net","US-CA","doubleclick.net"
"www.news24.com.ng","NG","d5nxst8fruw4z.cloudfront.net","US-WA","cloudfront.net"
"www.newsday.co.zw","ZW","img.youtube.com","US-CA","youtube."
"www.newsday.com.ng","NG","i1.wp.com","US-CA","wp.com"
"www.newsday.com.ng","NG","s0.wp.com","US-CA","wp.com"
"www.newsday.com.ng","NG","i0.wp.com","US-CA","wp.com"
"www.newsday.com.ng","NG","i2.wp.com","US-CA","wp.com"
"www.newsday.com.ng","NG","stats.wp.com","US-CA","wp.com"
"www.newsday.com.ng","NG","s.gravatar.com","US-CA","gravatar.com"
"www.newsdirectonline.com","NG","i0.wp.com","US-CA","wp.com"
"www.newsdirectonline.com","NG","i1.wp.com","US-CA","wp.com"
"www.newsdirectonline.com","NG","stats.wp.com","US-CA","wp.com"
"www.newsdirectonline.com","NG","s.gravatar.com","US-CA","gravatar.com"
"www.newsdirectonline.com","NG","i2.wp.com","US-CA","wp.com"
"www.newsdirectonline.com","NG","s0.wp.com","US-CA","wp.com"
"www.newsdzezimbabwe.co.uk","ZW","apis.google.com","US-CA","google."
"www.newsghana.com.gh","GH","s0.wp.com","US-CA","wp.com"
"www.newsghana.com.gh","GH","amp.cloudflare.com","US","cloudflare.com"
"www.newsghana.com.gh","GH","i1.wp.com","US-CA","wp.com"
"www.newsghana.com.gh","GH","i0.wp.com","US-CA","wp.com"
"www.newsghana.com.gh","GH","scontent-dft4-3.cdninstagram.com","US-CA","cdninstagram.com"
"www.newsghana.com.gh","GH","stats.wp.com","US-CA","wp.com"
"www.newsghana.com.gh","GH","secure.gravatar.com","US-CA","gravatar.com"
"www.newsghana.com.gh","GH","i2.wp.com","US-CA","wp.com"
"www.newsng.com","NG","pagead2.googlesyndication.com","US-CA","googlesyndication."
"www.newtimes.co.rw","RW","apis.google.com","US-CA","google."
"www.newvision.co.ug","UG","www.facebook.com","IE","facebook.com"
"www.newzimbabwe.com","ZW","pagead2.googlesyndication.com","US-CA","googlesyndication."
"www.nifahamishe.com","TZ","pagead2.googlesyndication.com","US-CA","googlesyndication."
"www.nigerdeltastandard.com","NG","www.google.com","US-CA","google."
"www.nigeria-news-world.com","NG","amp.cloudflare.com","US","cloudflare.com"
"www.nigeria-news-world.com","NG","apis.google.com","US-CA","google."
"www.nigeria70.com","NG","apis.google.com","US-CA","google."
"www.nigeria70.com","NG","pagead2.googlesyndication.com","US-CA","googlesyndication."
"www.nigeriahornnewspapers.com","NG","www.google.com","US-CA","google."
"www.nigerianeye.com","NG","apis.google.com","US-CA","google."
"www.nigerianobservernews.com","NG","stats.wp.com","US-CA","wp.com"
"www.nigerianobservernews.com","NG","2.gravatar.com","US-CA","gravatar.com"
"www.nigerianobservernews.com","NG","s0.wp.com","US-CA","wp.com"
"www.nigerianobservernews.com","NG","0.gravatar.com","US-CA","gravatar.com"
"www.nigerianobservernews.com","NG","1.gravatar.com","US-CA","gravatar.com"
"www.nigerianorientnews.com","NG","www.google.com","US-CA","google."
"www.nigeriapolitico.net","NG","d1lxhc4jvstzrp.cloudfront.net","US-WA","cloudfront.net"
"www.nigeriapolitico.net","NG","www.google.com","US-CA","google."
"www.nigeriasun.com","NG","cdnjs.cloudflare.com","US","cloudflare.com"
"www.nigeriavillagesquare.com","NG","pagead2.googlesyndication.com","US-CA","googlesyndication."
"www.nlsguinee.com","GQ","www.facebook.com","IE","facebook.com"
"www.nrgui.com","GQ","scontent-cdt1-1.xx.fbcdn.net","US-CA","fbcdn.net"
"www.nrgui.com","GQ","i1.wp.com","US-CA","wp.com"
"www.nrgui.com","GQ","d5nxst8fruw4z.cloudfront.net","US-WA","cloudfront.net"
"www.nrgui.com","GQ","i2.wp.com","US-CA","wp.com"
"www.nrgui.com","GQ","img.youtube.com","US-CA","youtube."
"www.nrgui.com","GQ","fb-s-b-a.akamaihd.net","EU","akamaihd.net"
"www.ntanews24.tv","NG","www.google.com","US-CA","google."
"www.ntanews24.tv","NG","d1lxhc4jvstzrp.cloudfront.net","US-WA","cloudfront.net"
"www.nyasatimes.com","MW","3e58xg3iuaa84csjh2769ipd.wpengine.netdna-cdn.com","GB","netdna-cdn.com"
"www.nyasatimes.com","MW","www.google.com","US-CA","google."
"www.nyasatimes.com","MW","ajax.cloudflare.com","US","cloudflare.com"
"www.observer.co.za","ZA","maps.google.com","US-CA","google."
"www.ofm.co.za","ZA","www.facebook.com","IE","facebook.com"
"www.ogtv.com.ng","NG","0.gravatar.com","US-CA","gravatar.com"
"www.ogtv.com.ng","NG","1.gravatar.com","US-CA","gravatar.com"
"www.opinionnigeria.com","NG","s0.wp.com","US-CA","wp.com"
"www.opinionnigeria.com","NG","s.gravatar.com","US-CA","gravatar.com"
"www.opinionnigeria.com","NG","amp.cloudflare.com","US","cloudflare.com"
"www.opinionnigeria.com","NG","i1.wp.com","US-CA","wp.com"
"www.opinionnigeria.com","NG","0.gravatar.com","US-CA","gravatar.com"
"www.opinionnigeria.com","NG","i2.wp.com","US-CA","wp.com"
"www.opinionnigeria.com","NG","2.gravatar.com","US-CA","gravatar.com"
"www.opinionnigeria.com","NG","stats.wp.com","US-CA","wp.com"
"www.opinionnigeria.com","NG","pbs.twimg.com","US-CA","twimg.com"
"www.opinionnigeria.com","NG","apis.google.com","US-CA","google."
"www.opinionnigeria.com","NG","i0.wp.com","US-CA","wp.com"
"www.opinionnigeria.com","NG","1.gravatar.com","US-CA","gravatar.com"
"www.oranais.com","DZ","connect.facebook.net","IE","facebook.net"
"www.ortm-mali.tv","ML","www.google.com","US-CA","google."
"www.osundefender.org","NG","mail.google.com","US-CA","google."
"www.osundefender.org","NG","0.gravatar.com","US-CA","gravatar.com"
"www.ouarsenis.com","DZ","cdnjs.cloudflare.com","US","cloudflare.com"
"www.paarlpost.co.za","ZA","www.facebook.com","IE","facebook.com"
"www.paarlpost.co.za","ZA","pubads.g.doubleclick.net","US-CA","doubleclick.net"
"www.pe-express.co.za","ZA","pubads.g.doubleclick.net","US-CA","doubleclick.net"
"www.pe-express.co.za","ZA","d5nxst8fruw4z.cloudfront.net","US-WA","cloudfront.net"
"www.peacefmonline.com","GH","ajax.cloudflare.com","US","cloudflare.com"
"www.peoplespost.co.za","ZA","d5nxst8fruw4z.cloudfront.net","US-WA","cloudfront.net"
"www.peoplespost.co.za","ZA","pubads.g.doubleclick.net","US-CA","doubleclick.net"
"www.pgzambia.com","ZM","cdnjs.cloudflare.com","US","cloudflare.com"
"www.ph-microscope.com","NG","s.gravatar.com","US-CA","gravatar.com"
"www.ph-microscope.com","NG","stats.wp.com","US-CA","wp.com"
"www.ph-microscope.com","NG","s0.wp.com","US-CA","wp.com"
"www.pmbfever.co.za","ZA","d5nxst8fruw4z.cloudfront.net","US-WA","cloudfront.net"
"www.pmbfever.co.za","ZA","pubads.g.doubleclick.net","US-CA","doubleclick.net"
"www.pmnewsnigeria.com","NG","17350-presscdn-0-16-pagely.netdna-ssl.com","GB","netdna-ssl.com"
"www.portalangop.co.ao","AO","img.youtube.com","US-CA","youtube."
"www.postwatchmagazine.com","CM","ajax.cloudflare.com","US","cloudflare.com"
"www.postwatchmagazine.com","CM","pagead2.googlesyndication.com","US-CA","googlesyndication."
"www.postwatchmagazine.com","CM","www.google.com","US-CA","google."
"www.potchefstroomherald.co.za","ZA","www.facebook.com","IE","facebook.com"
"www.premiumtimesng.com","NG","i2.wp.com","US-CA","wp.com"
"www.premiumtimesng.com","NG","s0.wp.com","US-CA","wp.com"
"www.premiumtimesng.com","NG","www.facebook.com","IE","facebook.com"
"www.premiumtimesng.com","NG","i1.wp.com","US-CA","wp.com"
"www.premiumtimesng.com","NG","i0.wp.com","US-CA","wp.com"
"www.premiumtimesng.com","NG","d5nxst8fruw4z.cloudfront.net","US-WA","cloudfront.net"
"www.premiumtimesng.com","NG","stats.wp.com","US-CA","wp.com"
"www.premiumtimesng.com","NG","secure.gravatar.com","US-CA","gravatar.com"
"www.punchng.com","NG","d5nxst8fruw4z.cloudfront.net","US-WA","cloudfront.net"
"www.puntlandpost.com","SO","stats.wp.com","US-CA","wp.com"
"www.puntlandpost.com","SO","s.gravatar.com","US-CA","gravatar.com"
"www.puntlandpost.com","SO","i0.wp.com","US-CA","wp.com"
"www.puntlandpost.com","SO","s0.wp.com","US-CA","wp.com"
"www.puntlandpost.com","SO","i2.wp.com","US-CA","wp.com"
"www.puntlandpost.com","SO","i1.wp.com","US-CA","wp.com"
"www.qfmzambia.com","ZM","1.gravatar.com","US-CA","gravatar.com"
"www.qfmzambia.com","ZM","0.gravatar.com","US-CA","gravatar.com"
"www.qurynanew.com","LY","www.google.com","US-CA","google."
"www.radiojovem.info","GW","www.google.com","US-CA","google."
"www.radiojovem.info","GW","www.youtube.com","US-CA","youtube."
"www.radiojovem.info","GW","img.youtube.com","US-CA","youtube."
"www.radiomaria.org.zm","ZM","www.google.com","US-CA","google."
"www.radiomuqdisho.net","SO","s0.wp.com","US-CA","wp.com"
"www.radiomuqdisho.net","SO","s.gravatar.com","US-CA","gravatar.com"
"www.radiomuqdisho.net","SO","stats.wp.com","US-CA","wp.com"
"www.radiondekeluka.org","CF","www.google.com","US-CA","google."
"www.radionigeriakaduna.net","NG","www.google.com","US-CA","google."
"www.raiamwema.co.tz","TZ","1.gravatar.com","US-CA","gravatar.com"
"www.rapport.co.za","ZA","www.facebook.com","IE","facebook.com"
"www.rapport.co.za","ZA","pubads.g.doubleclick.net","US-CA","doubleclick.net"
"www.rayaam.net","SD","www.google.com","US-CA","google."
"www.realites.com.tn","TN","www.google.com","US-CA","google."
"www.reflexiondz.net","DZ","www.google.fr","US-CA","google."
"www.reporters.dz","DZ","img.youtube.com","US-CA","youtube."
"www.republikein.com.na","NA","cdnjs.cloudflare.com","US","cloudflare.com"
"www.republikein.com.na","NA","ajax.cloudflare.com","US","cloudflare.com"
"www.republikein.com.na","NA","d3rp5jatom3eyn.cloudfront.net","US-WA","cloudfront.net"
"www.risingsunlenasia.co.za","ZA","www.facebook.com","IE","facebook.com"
"www.risingsunlenasia.co.za","ZA","www.google.com","US-CA","google."
"www.rnanews.com","RW","pagead2.googlesyndication.com","US-CA","googlesyndication."
"www.rpa.bi","BI","pbs.twimg.com","US-CA","twimg.com"
"www.rtb.bf","BF","stats.wp.com","US-CA","wp.com"
"www.rtb.bf","BF","s.gravatar.com","US-CA","gravatar.com"
"www.rtb.bf","BF","i0.wp.com","US-CA","wp.com"
"www.rtb.bf","BF","s0.wp.com","US-CA","wp.com"
"www.rtb.bf","BF","i2.wp.com","US-CA","wp.com"
"www.rtb.bf","BF","i1.wp.com","US-CA","wp.com"
"www.rtc.cv","CV","pagead2.googlesyndication.com","US-CA","googlesyndication."
"www.sabc.co.za","ZA","www.google.com","US-CA","google."
"www.sagoodnews.co.za","ZA","maps.google.com","US-CA","google."
"www.sagoodnews.co.za","ZA","connect.facebook.net","IE","facebook.net"
"www.sagoodnews.co.za","ZA","graph.facebook.com","IE","facebook.com"
"www.saint.fm","SH","www.google.com","US-CA","google."
"www.sainthelena.gov.sh","SH","pbs.twimg.com","US-CA","twimg.com"
"www.sainthelena.gov.sh","SH","stats.wp.com","US-CA","wp.com"
"www.sainthelena.gov.sh","SH","s0.wp.com","US-CA","wp.com"
"www.sake24.com","ZA","www.facebook.com","IE","facebook.com"
"www.sake24.com","ZA","pubads.g.doubleclick.net","US-CA","doubleclick.net"
"www.sen24heures.com","SN","maps.google.com","US-CA","google."
"www.senenews.com","SN","secure.gravatar.com","US-CA","gravatar.com"
"www.senenews.com","SN","stats.wp.com","US-CA","wp.com"
"www.senenews.com","SN","ad.doubleclick.net","US-CA","doubleclick.net"
"www.senenews.com","SN","s0.wp.com","US-CA","wp.com"
"www.seneweb.com","SN","www.google.sn","US-CA","google."
"www.seneweb.com","SN","d5nxst8fruw4z.cloudfront.net","US-WA","cloudfront.net"
"www.seneweb.com","SN","ajax.cloudflare.com","US","cloudflare.com"
"www.sensornewsonline.com.ng","NG","stats.wp.com","US-CA","wp.com"
"www.sensornewsonline.com.ng","NG","i2.wp.com","US-CA","wp.com"
"www.sensornewsonline.com.ng","NG","s0.wp.com","US-CA","wp.com"
"www.sensornewsonline.com.ng","NG","i0.wp.com","US-CA","wp.com"
"www.sensornewsonline.com.ng","NG","i1.wp.com","US-CA","wp.com"
"www.setif.net","DZ","www.google.dz","US-CA","google."
"www.seychellesweekly.com","SC","pagead2.googlesyndication.com","US-CA","googlesyndication."
"www.seychellesweekly.com","SC","us.i1.yimg.com","SE","yimg."
"www.sierraleonetimes.com","SL","cdnjs.cloudflare.com","US","cloudflare.com"
"www.siwel.info","DZ","scontent.xx.fbcdn.net","IE","fbcdn.net"
"www.siwel.info","DZ","external.xx.fbcdn.net","IE","fbcdn.net"
"www.soccer24.co.zw","ZW","s0.wp.com","US-CA","wp.com"
"www.soccer24.co.zw","ZW","stats.wp.com","US-CA","wp.com"
"www.somalilandsun.com","SO","s0.wp.com","US-CA","wp.com"
"www.somalilandsun.com","SO","1.gravatar.com","US-CA","gravatar.com"
"www.somalilandsun.com","SO","stats.wp.com","US-CA","wp.com"
"www.southafrica.info","ZA","cdnjs.cloudflare.com","US","cloudflare.com"
"www.southafrica2day.com","ZA","apis.google.com","US-CA","google."
"www.southsudannation.com","SS","pagead2.googlesyndication.com","US-CA","googlesyndication."
"www.southsudantoday.net","SS","www.google.com","US-CA","google."
"www.sowetanlive.co.za","ZA","cdnjs.cloudflare.com","US","cloudflare.com"
"www.sport24.co.za","ZA","pubads.g.doubleclick.net","US-CA","doubleclick.net"
"www.standardmedia.co.ke","KE","img.youtube.com","US-CA","youtube."
"www.standardmedia.co.ke","KE","ajax.cloudflare.com","US","cloudflare.com"
"www.standardmedia.co.ke","KE","d5nxst8fruw4z.cloudfront.net","US-WA","cloudfront.net"
"www.standardmedia.co.ke","KE","amp.cloudflare.com","US","cloudflare.com"
"www.starducongo.com","CG","1.gravatar.com","US-CA","gravatar.com"
"www.starpress.info","MU","pagead2.googlesyndication.com","US-CA","googlesyndication."
"www.stop.co.mz","MZ","pbs.twimg.com","US-CA","twimg.com"
"www.stop.co.mz","MZ","maps.google.com","US-CA","google."
"www.stop.co.mz","MZ","l.yimg.com","GB","yimg."
"www.stp-press.st","ST","1.gravatar.com","US-CA","gravatar.com"
"www.stpdigital.net","ST","apis.google.com","US-CA","google."
"www.stpdigital.net","ST","connect.facebook.net","IE","facebook.net"
"www.sudantribune.com","SS","pagead2.googlesyndication.com","US-CA","googlesyndication."
"www.sudantribune.com","SD","pagead2.googlesyndication.com","US-CA","googlesyndication."
"www.sudantribune.com","SS","badge.facebook.com","IE","facebook.com"
"www.sudantribune.com","SD","badge.facebook.com","IE","facebook.com"
"www.sudantribune.com","SS","widgets.twimg.com","US","twimg.com"
"www.sudantribune.com","SD","widgets.twimg.com","US","twimg.com"
"www.sudantribune.net","SS","pagead2.googlesyndication.com","US-CA","googlesyndication."
"www.sudantribune.net","SD","pagead2.googlesyndication.com","US-CA","googlesyndication."
"www.sudonline.sn","SN","pagead2.googlesyndication.com","US-CA","googlesyndication."
"www.sundaynews.co.zw","ZW","pagead2.googlesyndication.com","US-CA","googlesyndication."
"www.sunshinecoastexpress.co.za","ZA","d5nxst8fruw4z.cloudfront.net","US-WA","cloudfront.net"
"www.sunshinecoastexpress.co.za","ZA","pubads.g.doubleclick.net","US-CA","doubleclick.net"
"www.supersport.com","ZA","pubads.g.doubleclick.net","US-CA","doubleclick.net"
"www.supersport.com","ZA","d5nxst8fruw4z.cloudfront.net","US-WA","cloudfront.net"
"www.tamtaminfo.com","NE","1.gravatar.com","US-CA","gravatar.com"
"www.tamtaminfo.com","NE","2.gravatar.com","US-CA","gravatar.com"
"www.tamtaminfo.com","NE","0.gravatar.com","US-CA","gravatar.com"
"www.tamurt.info","DZ","img.youtube.com","US-CA","youtube."
"www.tanzaniatoday.co.tz","TZ","i2.wp.com","US-CA","wp.com"
"www.tanzaniatoday.co.tz","TZ","www.google.com","US-CA","google."
"www.tanzaniatoday.co.tz","TZ","img.youtube.com","US-CA","youtube."
"www.tanzaniatoday.co.tz","TZ","lh6.googleusercontent.com","US-CA","googleusercontent.com"
"www.tanzaniatoday.co.tz","TZ","i0.wp.com","US-CA","wp.com"
"www.tanzaniatoday.co.tz","TZ","scontent.fdar3-1.fna.fbcdn.net","TZ","fbcdn.net"
"www.tanzaniatoday.co.tz","TZ","i1.wp.com","US-CA","wp.com"
"www.tanzaniatoday.co.tz","TZ","images-blogger-opensocial.googleusercontent.com","US-CA","googleusercontent.com"
"www.tanzaniatoday.co.tz","TZ","t1.gstatic.com","US-CA","gstatic.com"
"www.tchadactuel.com","TD","connect.facebook.net","IE","facebook.net"
"www.techtrends.co.zm","ZM","i2.wp.com","US-CA","wp.com"
"www.techtrends.co.zm","ZM","stats.wp.com","US-CA","wp.com"
"www.techtrends.co.zm","ZM","s0.wp.com","US-CA","wp.com"
"www.techzim.co.zw","ZW","stats.wp.com","US-CA","wp.com"
"www.techzim.co.zw","ZW","apis.google.com","US-CA","google."
"www.techzim.co.zw","ZW","i1.wp.com","US-CA","wp.com"
"www.techzim.co.zw","ZW","s0.wp.com","US-CA","wp.com"
"www.techzim.co.zw","ZW","secure.gravatar.com","US-CA","gravatar.com"
"www.techzim.co.zw","ZW","i2.wp.com","US-CA","wp.com"
"www.tellzim.com","ZW","apis.google.com","US-CA","google."
"www.the-star.co.ke","KE","ajax.cloudflare.com","US","cloudflare.com"
"www.theannouncer.co.za","ZA","secure.gravatar.com","US-CA","gravatar.com"
"www.theannouncer.co.za","ZA","img.youtube.com","US-CA","youtube."
"www.thecitizen.co.tz","TZ","img.youtube.com","US-CA","youtube."
"www.thegambiaecho.com","GM","maps.google.com","US-CA","google."
"www.theheartlander.com","NG","0.gravatar.com","US-CA","gravatar.com"
"www.theheartlander.com","NG","www.google.com","US-CA","google."
"www.theheraldnews.info","NG","s.gravatar.com","US-CA","gravatar.com"
"www.theheraldnews.info","NG","stats.wp.com","US-CA","wp.com"
"www.theheraldnews.info","NG","maps.google.com","US-CA","google."
"www.theheraldnews.info","NG","s0.wp.com","US-CA","wp.com"
"www.theheraldnews.info","NG","cdncache-a.akamaihd.net","SE","akamaihd.net"
"www.theheraldng.com","NG","i0.wp.com","US-CA","wp.com"
"www.theheraldng.com","NG","s0.wp.com","US-CA","wp.com"
"www.theheraldng.com","NG","i2.wp.com","US-CA","wp.com"
"www.theheraldng.com","NG","i1.wp.com","US-CA","wp.com"
"www.theheraldng.com","NG","stats.wp.com","US-CA","wp.com"
"www.theheraldng.com","NG","amp.cloudflare.com","US","cloudflare.com"
"www.theinfostrides.com","NG","secure.gravatar.com","US-CA","gravatar.com"
"www.thenewslib.com","LR","1.gravatar.com","US-CA","gravatar.com"
"www.thenigerianvoice.com","NG","pagead2.googlesyndication.com","US-CA","googlesyndication."
"www.thenigerianvoice.com","NG","d5nxst8fruw4z.cloudfront.net","US-WA","cloudfront.net"
"www.thepatriot.co.bw","BW","www.facebook.com","IE","facebook.com"
"www.thepatriot.co.zw","ZW","secure.gravatar.com","US-CA","gravatar.com"
"www.thepatrioticvanguard.com","SL","www.google.com","US-CA","google."
"www.therwandan.com","RW","img.youtube.com","US-CA","youtube."
"www.thesierraleonetelegraph.com","SL","i1.wp.com","US-CA","wp.com"
"www.thesierraleonetelegraph.com","SL","s0.wp.com","US-CA","wp.com"
"www.thesierraleonetelegraph.com","SL","i0.wp.com","US-CA","wp.com"
"www.thesierraleonetelegraph.com","SL","i2.wp.com","US-CA","wp.com"
"www.thesierraleonetelegraph.com","SL","stats.wp.com","US-CA","wp.com"
"www.thetidenewsonline.com","NG","1.gravatar.com","US-CA","gravatar.com"
"www.thevillager.com.na","NA","cdnjs.cloudflare.com","US","cloudflare.com"
"www.thezimbabwean.co","ZW","wwwthezimbabweanco-q7nykxvxrjqv0wu7kc.stackpathdns.com","US-TX","stackpathdns.com"
"www.thezimbabwedaily.com","ZW","s0.wp.com","US-CA","wp.com"
"www.thezimbabwedaily.com","ZW","secure.gravatar.com","US-CA","gravatar.com"
"www.thezimbabwedaily.com","ZW","stats.wp.com","US-CA","wp.com"
"www.thezimbabwenewslive.com","ZW","s0.wp.com","US-CA","wp.com"
"www.thezimbabwenewslive.com","ZW","stats.wp.com","US-CA","wp.com"
"www.thinkghana.com","GH","l.yimg.com","GB","yimg."
"www.thinkghana.com","GH","pagead2.googlesyndication.com","US-CA","googlesyndication."
"www.thisdaylive.com","NG","s0.wp.com","US-CA","wp.com"
"www.thisdaylive.com","NG","i1.wp.com","US-CA","wp.com"
"www.thisdaylive.com","NG","i2.wp.com","US-CA","wp.com"
"www.thisdaylive.com","NG","stats.wp.com","US-CA","wp.com"
"www.thisdaylive.com","NG","0.gravatar.com","US-CA","gravatar.com"
"www.thisdaylive.com","NG","i0.wp.com","US-CA","wp.com"
"www.thisissierraleone.com","SL","apis.google.com","US-CA","google."
"www.thisissierraleone.com","SL","www.facebook.com","IE","facebook.com"
"www.tnrliberia.net","LR","www.google.com","US-CA","google."
"www.transactiondalgerie.com","DZ","www.google.com","US-CA","google."
"www.transactiondalgerie.com","DZ","apis.google.com","US-CA","google."
"www.transactiondalgerie.com","DZ","connect.facebook.net","IE","facebook.net"
"www.tribune.com.ng","NG","i1.wp.com","US-CA","wp.com"
"www.tribune.com.ng","NG","stats.wp.com","US-CA","wp.com"
"www.tribune.com.ng","NG","s.gravatar.com","US-CA","gravatar.com"
"www.tribune.com.ng","NG","i2.wp.com","US-CA","wp.com"
"www.tribune.com.ng","NG","s0.wp.com","US-CA","wp.com"
"www.tribune.com.ng","NG","23069-presscdn.pagely.netdna-cdn.com","GB","netdna-cdn.com"
"www.tribunelecteurs.com","DZ","1.gravatar.com","US-CA","gravatar.com"
"www.tribunelecteurs.com","DZ","0.gravatar.com","US-CA","gravatar.com"
"www.tripolipost.com","LY","www.google.com","US-CA","google."
"www.tsa-algerie.com","DZ","www.facebook.com","IE","facebook.com"
"www.tumfweko.com","ZM","stats.wp.com","US-CA","wp.com"
"www.tumfweko.com","ZM","i1.wp.com","US-CA","wp.com"
"www.tumfweko.com","ZM","s0.wp.com","US-CA","wp.com"
"www.tumfweko.com","ZM","i0.wp.com","US-CA","wp.com"
"www.tumfweko.com","ZM","i2.wp.com","US-CA","wp.com"
"www.tunivisions.net","TN","stats.wp.com","US-CA","wp.com"
"www.tunivisions.net","TN","secure.gravatar.com","US-CA","gravatar.com"
"www.tunivisions.net","TN","i2.wp.com","US-CA","wp.com"
"www.tunivisions.net","TN","s0.wp.com","US-CA","wp.com"
"www.tunivisions.net","TN","i1.wp.com","US-CA","wp.com"
"www.tunivisions.net","TN","i0.wp.com","US-CA","wp.com"
"www.tvcontinental.tv","NG","i2.wp.com","US-CA","wp.com"
"www.tvcontinental.tv","NG","i0.wp.com","US-CA","wp.com"
"www.tvcontinental.tv","NG","s0.wp.com","US-CA","wp.com"
"www.tvcontinental.tv","NG","pbs.twimg.com","US-CA","twimg.com"
"www.tvcontinental.tv","NG","i1.wp.com","US-CA","wp.com"
"www.tvcontinental.tv","NG","secure.gravatar.com","US-CA","gravatar.com"
"www.tvcontinental.tv","NG","stats.wp.com","US-CA","wp.com"
"www.tygerburger.co.za","ZA","pubads.g.doubleclick.net","US-CA","doubleclick.net"
"www.tygerburger.co.za","ZA","www.facebook.com","IE","facebook.com"
"www.ud-news.co.za","ZA","pubads.g.doubleclick.net","US-CA","doubleclick.net"
"www.ud-news.co.za","ZA","d5nxst8fruw4z.cloudfront.net","US-WA","cloudfront.net"
"www.union.sonapresse.com","GA","www.facebook.com","IE","facebook.com"
"www.urhobotimes.com","NG","www.google.com","US-CA","google."
"www.vaalweekblad.com","ZA","www.facebook.com","IE","facebook.com"
"www.vanguardngr.com","NG","d5nxst8fruw4z.cloudfront.net","US-WA","cloudfront.net"
"www.vanguardngr.com","NG","stats.wp.com","US-CA","wp.com"
"www.vanguardngr.com","NG","s0.wp.com","US-CA","wp.com"
"www.view.com.ng","NG","www.google.com","US-CA","google."
"www.view.com.ng","NG","d1lxhc4jvstzrp.cloudfront.net","US-WA","cloudfront.net"
"www.voandebele.com","ZW","voanews-vh.akamaihd.net","SE","akamaihd.net"
"www.voaportugues.com","AO","voanews-vh.akamaihd.net","SE","akamaihd.net"
"www.voashona.com","ZW","voanews-vh.akamaihd.net","SE","akamaihd.net"
"www.vocfm.co.za","ZA","maps.google.com","US-CA","google."
"www.vocfm.co.za","ZA","pbs.twimg.com","US-CA","twimg.com"
"www.volksblad.com","ZA","www.facebook.com","IE","facebook.com"
"www.volksblad.com","ZA","pubads.g.doubleclick.net","US-CA","doubleclick.net"
"www.waltainfo.com","ET","www.google.com","US-CA","google."
"www.waltainfo.com","ET","cdnjs.cloudflare.com","US","cloudflare.com"
"www.waltainfo.com","ET","socialmediawidgets.files.wordpress.com","US-CA","wordpress.com"
"www.wardheernews.com","SO","pagead2.googlesyndication.com","US-CA","googlesyndication."
"www.wardheernews.com","SO","pbs.twimg.com","US-CA","twimg.com"
"www.wataninet.com","EG","amp.cloudflare.com","US","cloudflare.com"
"www.weslander.co.za","ZA","www.facebook.com","IE","facebook.com"
"www.weslander.co.za","ZA","pubads.g.doubleclick.net","US-CA","doubleclick.net"
"www.youm7.com","EG","d5nxst8fruw4z.cloudfront.net","US-WA","cloudfront.net"
"www.zambiainvest.com","ZM","d5nxst8fruw4z.cloudfront.net","US-WA","cloudfront.net"
"www.zambiainvest.com","ZM","cdnjs.cloudflare.com","US","cloudflare.com"
"www.zambian-economist.com","ZM","apis.google.com","US-CA","google."
"www.zambian.com","ZM","pagead2.googlesyndication.com","US-CA","googlesyndication."
"www.zambian.com","ZM","www.google.com","US-CA","google."
"www.zambianewsonline.com","ZM","s0.wp.com","US-CA","wp.com"
"www.zambianewsonline.com","ZM","secure.gravatar.com","US-CA","gravatar.com"
"www.zambianewsonline.com","ZM","stats.wp.com","US-CA","wp.com"
"www.zambianintelligencenews.com","ZM","stats.wp.com","US-CA","wp.com"
"www.zambianintelligencenews.com","ZM","pagead2.googlesyndication.com","US-CA","googlesyndication."
"www.zambianobserver.com","ZM","1.gravatar.com","US-CA","gravatar.com"
"www.zambianpolitics.com","ZM","i2.wp.com","US-CA","wp.com"
"www.zambianpolitics.com","ZM","stats.wp.com","US-CA","wp.com"
"www.zambianpolitics.com","ZM","secure.gravatar.com","US-CA","gravatar.com"
"www.zambianpolitics.com","ZM","i1.wp.com","US-CA","wp.com"
"www.zambianpolitics.com","ZM","s0.wp.com","US-CA","wp.com"
"www.zambianpolitics.com","ZM","i0.wp.com","US-CA","wp.com"
"www.zambiawatchdog.com","ZM","zambiawatchdog-q7nykxvxrjqv0wu7kc.stackpathdns.com","US-TX","stackpathdns.com"
"www.zambiawatchdog.com","ZM","secure.gravatar.com","US-CA","gravatar.com"
"www.zenga-mambu.com","CG","stats.wp.com","US-CA","wp.com"
"www.zenga-mambu.com","CG","s0.wp.com","US-CA","wp.com"
"www.zimbabwelatestnews.net","ZW","pagead2.googlesyndication.com","US-CA","googlesyndication."
"www.zimbabwenewsonline.com","ZW","pagead2.googlesyndication.com","US-CA","googlesyndication."
"www.zimbabwesituation.com","ZW","0.gravatar.com","US-CA","gravatar.com"
"www.zimbabwesituation.com","ZW","2.gravatar.com","US-CA","gravatar.com"
"www.zimbabwesituation.com","ZW","img.youtube.com","US-CA","youtube."
"www.zimbabwestar.com","ZW","cdnjs.cloudflare.com","US","cloudflare.com"
"www.zimbojam.com","ZW","s0.wp.com","US-CA","wp.com"
"www.zimbojam.com","ZW","cdnjs.cloudflare.com","US","cloudflare.com"
"www.zimbojam.com","ZW","i0.wp.com","US-CA","wp.com"
"www.zimbojam.com","ZW","i1.wp.com","US-CA","wp.com"
"www.zimbojam.com","ZW","stats.wp.com","US-CA","wp.com"
"www.zimbojam.com","ZW","s.gravatar.com","US-CA","gravatar.com"
"www.zimbojam.com","ZW","i2.wp.com","US-CA","wp.com"
"www.zimdaily.com","ZW","pagead2.googlesyndication.com","US-CA","googlesyndication."
"www.zimeye.net","ZW","d5nxst8fruw4z.cloudfront.net","US-WA","cloudfront.net"
"www.zimmetro.com","ZW","i0.wp.com","US-CA","wp.com"
"www.zimmetro.com","ZW","i2.wp.com","US-CA","wp.com"
"www.zimmetro.com","ZW","stats.wp.com","US-CA","wp.com"
"www.zimmetro.com","ZW","s.gravatar.com","US-CA","gravatar.com"
"www.zimmetro.com","ZW","i1.wp.com","US-CA","wp.com"
"www.zimmetro.com","ZW","s0.wp.com","US-CA","wp.com"
"www.znbc.co.zm","ZM","secure.gravatar.com","US-CA","gravatar.com"
"www.zodiakmalawi.com","MW","www.google.com","US-CA","google."
"www.zodiakmalawi.com","MW","connect.facebook.net","IE","facebook.net"
"xalimasn.com","SN","s0.wp.com","US-CA","wp.com"
"xalimasn.com","SN","d5nxst8fruw4z.cloudfront.net","US-WA","cloudfront.net"
"xalimasn.com","SN","i1.wp.com","US-CA","wp.com"
"xalimasn.com","SN","i0.wp.com","US-CA","wp.com"
"xalimasn.com","SN","stats.wp.com","US-CA","wp.com"
"xalimasn.com","SN","s.gravatar.com","US-CA","gravatar.com"
"xalimasn.com","SN","i2.wp.com","US-CA","wp.com"
"ynaija.com","NG","d5nxst8fruw4z.cloudfront.net","US-WA","cloudfront.net"
"zambiabusinesstimes.com","ZM","www.google.com","US-CA","google."
"zimbabwedigitalnews.com","ZW","connect.facebook.net","IE","facebook.net"
"zimbabweelection.com","ZW","s0.wp.com","US-CA","wp.com"
"zimbabweelection.com","ZW","i0.wp.com","US-CA","wp.com"
"zimbabweelection.com","ZW","i1.wp.com","US-CA","wp.com"
"zimbabweelection.com","ZW","stats.wp.com","US-CA","wp.com"
"zimbabweelection.com","ZW","s.gravatar.com","US-CA","gravatar.com"
"zimbabweelection.com","ZW","i2.wp.com","US-CA","wp.com"
"zimbabwehub.com","ZW","s0.wp.com","US-CA","wp.com"
"zimbabwehub.com","ZW","i0.wp.com","US-CA","wp.com"
"zimbabwehub.com","ZW","i2.wp.com","US-CA","wp.com"
"zimbabwehub.com","ZW","stats.wp.com","US-CA","wp.com"
"zimbabwehub.com","ZW","i1.wp.com","US-CA","wp.com"
"zimbabwenews.co.uk","ZW","stats.wp.com","US-CA","wp.com"
"zimbabwenews.co.uk","ZW","secure.gravatar.com","US-CA","gravatar.com"
"zimbabwenews.co.uk","ZW","i0.wp.com","US-CA","wp.com"
"zimbabwenews.co.uk","ZW","s0.wp.com","US-CA","wp.com"
"zimbabwenews.co.uk","ZW","i1.wp.com","US-CA","wp.com"
"zimbabwenews.co.uk","ZW","i2.wp.com","US-CA","wp.com"
"zimnews.net","ZW","s0.wp.com","US-CA","wp.com"
"zimnews.net","ZW","i1.wp.com","US-CA","wp.com"
"zimnews.net","ZW","i2.wp.com","US-CA","wp.com"
"zimnews.net","ZW","stats.wp.com","US-CA","wp.com"
"zimnews.net","ZW","s.gravatar.com","US-CA","gravatar.com"
"zimnews.net","ZW","i0.wp.com","US-CA","wp.com"
"zimonlinenews.com","ZW","2.gravatar.com","US-CA","gravatar.com"
"zimonlinenews.com","ZW","1.gravatar.com","US-CA","gravatar.com"
"zululandobserver.co.za","ZA","www.google.com","US-CA","google."
"zululandobserver.co.za","ZA","www.facebook.com","IE","facebook.com"
