"domain","cc","geoloc_cc",size_mobile,"price1gb","price_mobile",size_desktop,"price_desktop"
"angolanas.net","AO","US",6808,"21.3511","0.0001",6264,"0.0001"
"economiaemercado.sapo.ao","AO","PT",85503,"21.3511","0.0017",85503,"0.0017"
"jornaldeangola.sapo.ao","AO","PT",78560,"21.3511","0.0016",78558,"0.0016"
"jornaldeeconomia.sapo.ao","AO","PT",2599,"21.3511","0.0001",36787,"0.0007"
"jornaldosdesportos.sapo.ao","AO","PT",2575,"21.3511","0.0001",57124,"0.0011"
"jornalf8.net","AO","PT",166282,"21.3511","0.0033",166282,"0.0033"
"novagazeta.co.ao","AO","PT",21726,"21.3511","0.0004",21726,"0.0004"
"opais.co.ao","AO","US",85492,"21.3511","0.0017",85494,"0.0017"
"radiodespertarangola.net","AO","US",114346,"21.3511","0.0023",114346,"0.0023"
"tpa.sapo.ao","AO","PT",145868,"21.3511","0.0029",145729,"0.0029"
"www.actsa.org","AO","GB",31945,"21.3511","0.0006",31945,"0.0006"
"www.africa21digital.com","AO","BR",105678,"21.3511","0.0021",105678,"0.0021"
"www.africatoday.co.ao","AO","IT",85448,"21.3511","0.0017",85448,"0.0017"
"www.angola24.net","AO","",21523,"21.3511","0.0004",21523,"0.0004"
"www.angonoticias.com","AO","PT",45493,"21.3511","0.0009",45486,"0.0009"
"www.club-k.net","AO","US",122303,"21.3511","0.0024",123001,"0.0024"
"www.expansao.co.ao","AO","US",81319,"21.3511","0.0016",81319,"0.0016"
"www.ibinda.com","AO","PT",26096,"21.3511","0.0005",26096,"0.0005"
"www.mercado.co.ao","AO","GB",62042,"21.3511","0.0012",62042,"0.0012"
"www.novojornal.co.ao","AO","US",243873,"21.3511","0.0048",243873,"0.0048"
"www.portalangop.co.ao","AO","AO",82118,"21.3511","0.0016",82118,"0.0016"
"www.portaldeangola.com","AO","US",484444,"21.3511","0.0096",484444,"0.0096"
"www.radioecclesia.org","AO","NL",90394,"21.3511","0.0018",94826,"0.0019"
"www.redeangola.info","AO","US",18854,"21.3511","0.0004",18876,"0.0004"
"www.rumo.co.ao","AO","GB",114279,"21.3511","0.0023",114279,"0.0023"
"www.sapo.ao","AO","PT",113952,"21.3511","0.0023",113952,"0.0023"
"www.voaportugues.com","AO","NL",74548,"21.3511","0.0015",74550,"0.0015"
"evasion.lepays.bf","BF","FR",80947,"8.3799","0.0006",80947,"0.0006"
"faso-actu.net","BF","FR",99914,"8.3799","0.0008",99914,"0.0008"
"lefaso.net","BF","FR",105999,"8.3799","0.0008",105999,"0.0008"
"lepays.bf","BF","FR",374181,"8.3799","0.0029",257050,"0.0020"
"www.aib.bf","BF","FR",62252,"8.3799","0.0005",62252,"0.0005"
"www.aouaga.com","BF","US",66531,"8.3799","0.0005",66531,"0.0005"
"www.courrierconfidentiel.net","BF","FR",46081,"8.3799","0.0004",46081,"0.0004"
"www.fasopresse.net","BF","FR",47805,"8.3799","0.0004",47805,"0.0004"
"www.lobservateur.bf","BF","US",70408,"8.3799","0.0005",71679,"0.0006"
"www.rtb.bf","BF","FR",648497,"8.3799","0.0051",648497,"0.0051"
"www.sidwaya.bf","BF","FR",74585,"8.3799","0.0006",74585,"0.0006"
"burundi-24.com","BI","FR",17808,"3.5154","0.0001",17808,"0.0001"
"ppbdi.com","BI","US",123230,"3.5154","0.0004",122675,"0.0004"
"www.arib.info","BI","FR",2899056,"3.5154","0.0095",2899056,"0.0095"
"www.bonesha.bi","BI","DE",8472,"3.5154","0.0000",8763,"0.0000"
"www.burundi-sites.com","BI","FR",17180,"3.5154","0.0001",17180,"0.0001"
"www.isanganiro.org","BI","CH",28147,"3.5154","0.0001",28147,"0.0001"
"www.iwacu-burundi.org","BI","US",108691,"3.5154","0.0004",108691,"0.0004"
"www.netpress.bi","BI","BI",201855,"3.5154","0.0007",201855,"0.0007"
"www.rpa.bi","BI","CH",162916,"3.5154","0.0005",162916,"0.0005"
"actualites.visages-du-benin.com","BJ","US",109710,"8.3799","0.0009",109710,"0.0009"
"beninsite.net","BJ","US",117663,"8.3799","0.0009",117686,"0.0009"
"latribunedelacapitale.com","BJ","US",161417,"8.3799","0.0013",161417,"0.0013"
"lautrefraternite.com","BJ","US",87065,"8.3799","0.0007",87583,"0.0007"
"leconfrere.info","BJ","FR",69559,"8.3799","0.0005",69559,"0.0005"
"levenementprecis.com","BJ","US",143440,"8.3799","0.0011",143440,"0.0011"
"www.24haubenin.info","BJ","FR",52376,"8.3799","0.0004",52376,"0.0004"
"www.acotonou.com","BJ","US",62746,"8.3799","0.0005",62746,"0.0005"
"www.actubenin.com","BJ","US",322522,"8.3799","0.0025",323217,"0.0025"
"www.autrequotidien.com","BJ","US",63115,"8.3799","0.0005",69996,"0.0005"
"www.benin24tv.com","BJ","US",110455,"8.3799","0.0009",110455,"0.0009"
"www.benininfo.com","BJ","US",142527,"8.3799","0.0011",142527,"0.0011"
"www.fraternitebj.info","BJ","FR",92891,"8.3799","0.0007",92891,"0.0007"
"www.golfemediaonline.com","BJ","US",43732,"8.3799","0.0003",43732,"0.0003"
"www.icibenin.com","BJ","CA",149208,"8.3799","0.0012",149208,"0.0012"
"www.journal-adjinakou-benin.info","BJ","US",39083,"8.3799","0.0003",39083,"0.0003"
"www.lanationbenin.info","BJ","FR",116489,"8.3799","0.0009",116486,"0.0009"
"www.lanouvelletribune.info","BJ","US",233001,"8.3799","0.0018",232569,"0.0018"
"www.lapressedujour.net","BJ","US",26237,"8.3799","0.0002",46712,"0.0004"
"www.laraignee.org","BJ","US",89847,"8.3799","0.0007",89847,"0.0007"
"www.les4verites.info","BJ","FR",54603,"8.3799","0.0004",54603,"0.0004"
"www.ortb.info","BJ","US",60598,"8.3799","0.0005",60598,"0.0005"
"www.quotidienlematin.com","BJ","US",5552,"8.3799","0.0000",5552,"0.0000"
"news.google.com","BW","US",593376,"33.5159","0.0185",1082056,"0.0338"
"www.botswanaguardian.co.bw","BW","BG",49568,"33.5159","0.0015",49568,"0.0015"
"www.echo.co.bw","BW","BW",2793,"33.5159","0.0001",2793,"0.0001"
"www.gabzfm.com","BW","US",1723,"33.5159","0.0001",1723,"0.0001"
"www.ngamitimes.com","BW","US",74804,"33.5159","0.0023",74804,"0.0023"
"www.sundaystandard.info","BW","BW",105642,"33.5159","0.0033",105642,"0.0033"
"www.thepatriot.co.bw","BW","ZA",50840,"33.5159","0.0016",50840,"0.0016"
"www.thevoicebw.com","BW","US",228967,"33.5159","0.0071",228967,"0.0071"
"7sur7.cd","CD","US",303144,"20.0000","0.0056",303144,"0.0056"
"acpcongo.com","CD","US",113181,"20.0000","0.0021",113181,"0.0021"
"congopanorama.info","CD","JP",10583,"20.0000","0.0002",10583,"0.0002"
"radiookapi.net","CD","US",61782,"20.0000","0.0012",111495,"0.0021"
"www.business-et-finances.com","CD","CA",187897,"20.0000","0.0035",187897,"0.0035"
"www.congoindependant.com","CD","DK",70426,"20.0000","0.0013",70426,"0.0013"
"www.congolais.fr","CD","FR",4164,"20.0000","0.0001",4164,"0.0001"
"www.congoplanet.com","CD","US",45163,"20.0000","0.0008",45243,"0.0008"
"www.congoplanete.com","CD","US",47966,"20.0000","0.0009",47932,"0.0009"
"www.congotribune.com","CD","JP",36080,"20.0000","0.0007",36080,"0.0007"
"www.congovision.com","CD","US",103216,"20.0000","0.0019",103216,"0.0019"
"www.deboutcongolais.info","CD","US",36760,"20.0000","0.0007",36760,"0.0007"
"www.digitalcongo.net","CD","US",3028,"20.0000","0.0001",3028,"0.0001"
"www.direct.cd","CD","US",136763,"20.0000","0.0025",136763,"0.0025"
"www.groupelavenir.org","CD","US",101259,"20.0000","0.0019",100399,"0.0019"
"www.kivumedia.com","CD","US",234153,"20.0000","0.0044",234153,"0.0044"
"www.laconscience.com","CD","FR",41167,"20.0000","0.0008",41167,"0.0008"
"www.laprosperiteonline.net","CD","CH",196018,"20.0000","0.0037",196018,"0.0037"
"www.lephareonline.net","CD","US",46424,"20.0000","0.0009",112835,"0.0021"
"www.lepotentielonline.com","CD","FR",317552,"20.0000","0.0059",317552,"0.0059"
"www.lesoftonline.net","CD","FR",44100,"20.0000","0.0008",44484,"0.0008"
"www.lobservateur.cd","CD","US",17745,"20.0000","0.0003",17745,"0.0003"
"www.mediacongo.net","CD","CH",64079,"20.0000","0.0012",64430,"0.0012"
"abangui.com","CF","US",52725,"12.5699","0.0006",52725,"0.0006"
"centrafrique-presse.over-blog.com","CF","FR",89677,"12.5699","0.0010",249408,"0.0029"
"www.journaldebangui.com","CF","FR",82267,"12.5699","0.0010",82267,"0.0010"
"www.lanouvellecentrafrique.info","CF","US",301264,"12.5699","0.0035",301264,"0.0035"
"www.radiondekeluka.org","CF","CH",35463,"12.5699","0.0004",35463,"0.0004"
"congo-liberty.com","CG","US",29181,"11.2231","0.0003",105744,"0.0011"
"www.adiac-congo.com","CG","FR",98901,"11.2231","0.0010",98901,"0.0010"
"www.congo-site.com","CG","FR",25514,"11.2231","0.0003",49687,"0.0005"
"www.congopage.com","CG","US",65735,"11.2231","0.0007",65735,"0.0007"
"www.dac-presse.com","CG","DE",123095,"11.2231","0.0013",123095,"0.0013"
"www.journaldebrazza.com","CG","FR",200319,"11.2231","0.0021",200319,"0.0021"
"www.lasemaineafricaine.net","CG","FR",48576,"11.2231","0.0005",48670,"0.0005"
"www.lesdepechesdebrazzaville.fr","CG","FR",49086,"11.2231","0.0005",49086,"0.0005"
"www.starducongo.com","CG","FR",303044,"11.2231","0.0032",303020,"0.0032"
"www.zenga-mambu.com","CG","CH",149285,"11.2231","0.0016",149285,"0.0016"
"abidjantv.net","CI","CA",357685,"12.9735","0.0043",357678,"0.0043"
"www.abidjan.net","CI","US",101115,"12.9735","0.0012",101115,"0.0012"
"www.afrik53.com","CI","FR",153512,"12.9735","0.0019",153512,"0.0019"
"www.aip.ci","CI","FR",127603,"12.9735","0.0015",127603,"0.0015"
"www.atoo.ci","CI","FR",150504,"12.9735","0.0018",150597,"0.0018"
"www.connectionivoirienne.net","CI","NL",107725,"12.9735","0.0013",107725,"0.0013"
"www.fratmat.info","CI","US",80806,"12.9735","0.0010",80918,"0.0010"
"www.gbich.com","CI","FR",51389,"12.9735","0.0006",51585,"0.0006"
"www.imatin.net","CI","DE",154889,"12.9735","0.0019",241878,"0.0029"
"www.ivoireactu.net","CI","FR",68777,"12.9735","0.0008",68777,"0.0008"
"www.ivoirediaspo.net","CI","GB",86410,"12.9735","0.0010",86412,"0.0010"
"www.ladepechedabidjan.info","CI","FR",144692,"12.9735","0.0017",143720,"0.0017"
"www.lenouveaureveil.com","CI","US",14759,"12.9735","0.0002",14759,"0.0002"
"www.lepatriote.net","CI","US",59131,"12.9735","0.0007",59131,"0.0007"
"www.linfodrome.com","CI","FR",308479,"12.9735","0.0037",314121,"0.0038"
"www.notrevoie.com","CI","US",35495,"12.9735","0.0004",35495,"0.0004"
"www.rti.ci","CI","FR",7312,"12.9735","0.0001",7312,"0.0001"
"www.rumeursdabidjan.net","CI","FR",68432,"12.9735","0.0008",68432,"0.0008"
"www.sport-ivoire.ci","CI","US",116705,"12.9735","0.0014",116705,"0.0014"
"bamendaonline.net","CM","US",6857,"9.4274","0.0001",6495,"0.0001"
"cameroonjournal.com","CM","US",146892,"9.4274","0.0013",146892,"0.0013"
"cameroonwebnews.com","CM","US",11783,"9.4274","0.0001",11783,"0.0001"
"crtv.cm","CM","CM",403686,"9.4274","0.0035",403686,"0.0035"
"edennewspaper.org","CM","AU",63105,"9.4274","0.0006",69984,"0.0006"
"journal.rdpcpdm.cm","CM","US",275662,"9.4274","0.0024",275662,"0.0024"
"newsducamer.com","CM","US",198100,"9.4274","0.0017",172855,"0.0015"
"quotidienlemessager.net","CM","US",16485,"9.4274","0.0001",27404,"0.0002"
"www.africapresse.com","CM","US",108044,"9.4274","0.0009",108044,"0.0009"
"www.bonaberi.com","CM","FR",107004,"9.4274","0.0009",106997,"0.0009"
"www.camer.be","CM","DE",317032,"9.4274","0.0028",317056,"0.0028"
"www.cameroon-info.net","CM","US",173362,"9.4274","0.0015",294126,"0.0026"
"www.cameroon-tribune.cm","CM","US",154198,"9.4274","0.0014",154198,"0.0014"
"www.cameroononline.org","CM","US",152130,"9.4274","0.0013",152131,"0.0013"
"www.cameroonpostline.com","CM","US",40968,"9.4274","0.0004",89567,"0.0008"
"www.cameroonweb.com","CM","US",46436,"9.4274","0.0004",26203,"0.0002"
"www.cameroun-online.com","CM","IT",263461,"9.4274","0.0023",263461,"0.0023"
"www.cameroun24.net","CM","CA",60610,"9.4274","0.0005",60610,"0.0005"
"www.camerounactu.net","CM","BG",14808,"9.4274","0.0001",14808,"0.0001"
"www.camerounlink.net","CM","DE",165646,"9.4274","0.0015",217878,"0.0019"
"www.camnews24.com","CM","DE",70917,"9.4274","0.0006",70917,"0.0006"
"www.journalducameroun.com","CM","FR",236453,"9.4274","0.0021",236453,"0.0021"
"www.lanouvelleexpression.info","CM","US",116533,"9.4274","0.0010",116920,"0.0010"
"www.leffortcamerounais.com","CM","US",143552,"9.4274","0.0013",142498,"0.0013"
"www.leffortcamerounais.info","CM","US",122872,"9.4274","0.0011",122045,"0.0011"
"www.postwatchmagazine.com","CM","US",177662,"9.4274","0.0016",174161,"0.0015"
"liberal.sapo.cv","CV","PT",294074,"5.2879","0.0014",294074,"0.0014"
"noticiasdonorte.publ.cv","CV","US",64739,"5.2879","0.0003",64739,"0.0003"
"www.alfa.cv","CV","US",4669,"5.2879","0.0000",4669,"0.0000"
"www.bravanews.com","CV","US",77051,"5.2879","0.0004",77051,"0.0004"
"www.cabodiario.com","CV","GB",29719,"5.2879","0.0001",29719,"0.0001"
"www.caboverdeonline.com","CV","US",39877,"5.2879","0.0002",39877,"0.0002"
"www.expressodasilhas.sapo.cv","CV","GB",32630,"5.2879","0.0002",32630,"0.0002"
"www.rtc.cv","CV","PT",51448,"5.2879","0.0003",51448,"0.0003"
"www.sapo.cv","CV","PT",117337,"5.2879","0.0006",117337,"0.0006"
"www.djibnet.com","DJ","US",35727,NULL,NULL,35727,NULL
"www.lanationdj.com","DJ","FR",59529,NULL,NULL,59529,NULL
"www.rtd.dj","DJ","FR",64541,NULL,NULL,64541,NULL
"ain-oulmene.com","DZ","FR",41495,"7.5817","0.0003",150175,"0.0011"
"akhbarachark.dz","DZ","FR",266092,"7.5817","0.0019",266092,"0.0019"
"algerienetwork.com","DZ","US",232029,"7.5817","0.0016",232029,"0.0016"
"bel-abbes.info","DZ","FR",4442,"7.5817","0.0000",171436,"0.0012"
"echosdesidibelabbes.info","DZ","GB",22952,"7.5817","0.0002",22952,"0.0002"
"el-youm.info","DZ","FR",215303,"7.5817","0.0015",215303,"0.0015"
"elmassar-ar.com","DZ","FR",74378,"7.5817","0.0005",74378,"0.0005"
"elraaed.com","DZ","FR",184886,"7.5817","0.0013",184886,"0.0013"
"elwaha-dz.com","DZ","GB",64133,"7.5817","0.0005",184751,"0.0013"
"elwatani.com","DZ","FR",108623,"7.5817","0.0008",108623,"0.0008"
"kabyleuniversel.com","DZ","US",248344,"7.5817","0.0018",248344,"0.0018"
"laghouatinfo.net","DZ","FR",107078,"7.5817","0.0008",892554,"0.0063"
"lavoixdesidibelabbes.info","DZ","FR",109740,"7.5817","0.0008",109740,"0.0008"
"lechiffredaffaires.net","DZ","FR",102207,"7.5817","0.0007",102207,"0.0007"
"lecitoyendz.com","DZ","US",56933,"7.5817","0.0004",56933,"0.0004"
"lecourrier-dalgerie.com","DZ","FR",120623,"7.5817","0.0009",121098,"0.0009"
"lejournaldaffaire.com","DZ","FR",76844,"7.5817","0.0005",76838,"0.0005"
"lequotidienalgerie.org","DZ","CA",168206,"7.5817","0.0012",168206,"0.0012"
"ouest-info.org","DZ","FR",134628,"7.5817","0.0010",134628,"0.0010"
"sawtdjelfa.com","DZ","FR",47209,"7.5817","0.0003",164882,"0.0012"
"sport.elkhabar.com","DZ","US",288586,"7.5817","0.0020",288586,"0.0020"
"sport.ennaharonline.com","DZ","FR",227756,"7.5817","0.0016",227756,"0.0016"
"wakteldjazair.com","DZ","FR",203661,"7.5817","0.0014",203661,"0.0014"
"www.aboutalgeria.com","DZ","US",303785,"7.5817","0.0021",303786,"0.0021"
"www.actuel-dz.com","DZ","FR",92127,"7.5817","0.0007",92123,"0.0007"
"www.akhbarelyoum.dz","DZ","FR",83520,"7.5817","0.0006",83520,"0.0006"
"www.akhersaa-dz.com","DZ","FR",309795,"7.5817","0.0022",220974,"0.0016"
"www.al-fadjr.com","DZ","FR",276813,"7.5817","0.0020",276813,"0.0020"
"www.albassair.org","DZ","DE",51768,"7.5817","0.0004",51811,"0.0004"
"www.alger-republicain.com","DZ","FR",55078,"7.5817","0.0004",55078,"0.0004"
"www.algerep.com","DZ","FR",56410,"7.5817","0.0004",56410,"0.0004"
"www.algeria-newspapers.com","DZ","US",104301,"7.5817","0.0007",104301,"0.0007"
"www.algeriatimes.net","DZ","US",205562,"7.5817","0.0015",205562,"0.0015"
"www.algerie-focus.com","DZ","DE",222008,"7.5817","0.0016",222000,"0.0016"
"www.algerie1.com","DZ","US",74074,"7.5817","0.0005",75097,"0.0005"
"www.algerie360.com","DZ","US",148002,"7.5817","0.0010",148341,"0.0010"
"www.algerieconfluences.com","DZ","US",9054,"7.5817","0.0001",9629,"0.0001"
"www.algeriepatriotique.com","DZ","US",300423,"7.5817","0.0021",300423,"0.0021"
"www.annabacity.net","DZ","FR",51085,"7.5817","0.0004",51304,"0.0004"
"www.annasronline.com","DZ","FR",99562,"7.5817","0.0007",99562,"0.0007"
"www.bejaiainfo.com","DZ","US",152780,"7.5817","0.0011",152782,"0.0011"
"www.blida-aps.dz","DZ","DZ",39289,"7.5817","0.0003",39289,"0.0003"
"www.carrefourdalgerie.com","DZ","DZ",61218,"7.5817","0.0004",61227,"0.0004"
"www.competition.dz","DZ","FR",62095,"7.5817","0.0004",62095,"0.0004"
"www.constantine-aps.dz","DZ","DZ",43416,"7.5817","0.0003",43416,"0.0003"
"www.depechedekabylie.com","DZ","GB",88200,"7.5817","0.0006",88200,"0.0006"
"www.djazairess.com","DZ","US",107674,"7.5817","0.0008",108243,"0.0008"
"www.dzfoot.com","DZ","US",60230,"7.5817","0.0004",67593,"0.0005"
"www.echoroukonline.com","DZ","FR",285537,"7.5817","0.0020",285537,"0.0020"
"www.elbilad.net","DZ","US",67940,"7.5817","0.0005",114593,"0.0008"
"www.eldjoumhouria.dz","DZ","US",64776,"7.5817","0.0005",64776,"0.0005"
"www.elheddaf.com","DZ","US",139265,"7.5817","0.0010",139562,"0.0010"
"www.elkhabar.com","DZ","US",92262,"7.5817","0.0007",92260,"0.0007"
"www.elmoudjahid.com","DZ","US",101173,"7.5817","0.0007",101173,"0.0007"
"www.elwatan.com","DZ","FR",86162,"7.5817","0.0006",86162,"0.0006"
"www.ennaharonline.com","DZ","FR",195215,"7.5817","0.0014",195346,"0.0014"
"www.hebdoimmobilier-dz.com","DZ","US",73333,"7.5817","0.0005",73333,"0.0005"
"www.impact24.info","DZ","US",123860,"7.5817","0.0009",123860,"0.0009"
"www.infoconstantine.com","DZ","AU",2884,"7.5817","0.0000",2856,"0.0000"
"www.jeune-independant.net","DZ","US",127623,"7.5817","0.0009",127623,"0.0009"
"www.jijel-echo.com","DZ","GB",1510177,"7.5817","0.0107",1510190,"0.0107"
"www.jijel.info","DZ","FR",77638,"7.5817","0.0005",77638,"0.0005"
"www.kabyle.com","DZ","US",53474,"7.5817","0.0004",53804,"0.0004"
"www.kawalisse.com","DZ","FR",88045,"7.5817","0.0006",88045,"0.0006"
"www.lactualite-dz.info","DZ","US",6879,"7.5817","0.0000",6591,"0.0000"
"www.lautomarche.com","DZ","CH",147774,"7.5817","0.0010",147774,"0.0010"
"www.lebuteur.com","DZ","US",98038,"7.5817","0.0007",98978,"0.0007"
"www.lejourdalgerie.com","DZ","FR",55610,"7.5817","0.0004",55610,"0.0004"
"www.lematindz.net","DZ","GB",78379,"7.5817","0.0006",78379,"0.0006"
"www.lequotidien-oran.com","DZ","FR",55689,"7.5817","0.0004",55689,"0.0004"
"www.lesoirdalgerie.com","DZ","NL",26048,"7.5817","0.0002",26048,"0.0002"
"www.lestrepublicain.com","DZ","US",138119,"7.5817","0.0010",138119,"0.0010"
"www.letempsdz.com","DZ","FR",144918,"7.5817","0.0010",144294,"0.0010"
"www.liberte-algerie.com","DZ","CA",90877,"7.5817","0.0006",90877,"0.0006"
"www.livenewsalgerie.com","DZ","BG",106143,"7.5817","0.0007",106143,"0.0007"
"www.lnr-dz.com","DZ","FR",44367,"7.5817","0.0003",44367,"0.0003"
"www.mostaganem-aujourdhui.com","DZ","FR",44930,"7.5817","0.0003",44930,"0.0003"
"www.newpressphoto.com","DZ","FR",20481,"7.5817","0.0001",20481,"0.0001"
"www.oran-aps.dz","DZ","DZ",37230,"7.5817","0.0003",37230,"0.0003"
"www.oranais.com","DZ","FR",146272,"7.5817","0.0010",146229,"0.0010"
"www.ouargla-aps.dz","DZ","DZ",39647,"7.5817","0.0003",39647,"0.0003"
"www.ouarsenis.com","DZ","FR",109423,"7.5817","0.0008",109423,"0.0008"
"www.ouestribune-dz.com","DZ","FR",96914,"7.5817","0.0007",96914,"0.0007"
"www.planetesport.dz","DZ","FR",47606,"7.5817","0.0003",47606,"0.0003"
"www.presse-dz.com","DZ","US",65468,"7.5817","0.0005",65468,"0.0005"
"www.reflexiondz.net","DZ","FR",65892,"7.5817","0.0005",65893,"0.0005"
"www.reporters.dz","DZ","FR",99259,"7.5817","0.0007",98654,"0.0007"
"www.setif.info","DZ","CH",32119,"7.5817","0.0002",32119,"0.0002"
"www.setif.net","DZ","FR",29160,"7.5817","0.0002",29055,"0.0002"
"www.setifnews.com","DZ","US",2244,"7.5817","0.0000",2244,"0.0000"
"www.siwel.info","DZ","CH",136524,"7.5817","0.0010",136525,"0.0010"
"www.souk-ahras.info","DZ","DE",32838,"7.5817","0.0002",32838,"0.0002"
"www.tamurt.info","DZ","DE",513478,"7.5817","0.0036",513478,"0.0036"
"www.transactiondalgerie.com","DZ","CH",32632,"7.5817","0.0002",32632,"0.0002"
"www.tribunelecteurs.com","DZ","GB",174595,"7.5817","0.0012",174595,"0.0012"
"www.tsa-algerie.com","DZ","US",45428,"7.5817","0.0003",179923,"0.0013"
"akhbarelyom.com","EG","US",140570,"1.6968","0.0002",99995,"0.0002"
"egypttoday.com","EG","US",69210,"1.6968","0.0001",69210,"0.0001"
"hebdo.ahram.org.eg","EG","EG",104865,"1.6968","0.0002",104865,"0.0002"
"mubasher-misr.aljazeera.net","EG","DE",120469,"1.6968","0.0002",120469,"0.0002"
"new.elfagr.org","EG","US",124242,"1.6968","0.0002",124242,"0.0002"
"news.google.com","EG","US",503520,"1.6968","0.0008",1112625,"0.0018"
"ontveg.com","EG","US",320487,"1.6968","0.0005",320326,"0.0005"
"tahrirnews.com","EG","US",177848,"1.6968","0.0003",177848,"0.0003"
"weekly.ahram.org.eg","EG","EG",59804,"1.6968","0.0001",59804,"0.0001"
"www.24hnewspaper.net","EG","US",9668,"1.6968","0.0000",57588,"0.0001"
"www.ahram.org.eg","EG","EG",406100,"1.6968","0.0006",406100,"0.0006"
"www.almasryalyoum.com","EG","US",67241,"1.6968","0.0001",125953,"0.0002"
"www.almessa.net.eg","EG","US",251763,"1.6968","0.0004",251763,"0.0004"
"www.alwafd.org","EG","US",51690,"1.6968","0.0001",122494,"0.0002"
"www.alwatanalarabi.com","EG","US",219292,"1.6968","0.0003",180316,"0.0003"
"www.cairolive.com","EG","US",97920,"1.6968","0.0002",97920,"0.0002"
"www.cbc-eg.com","EG","US",3649,"1.6968","0.0000",3649,"0.0000"
"www.dailynewsegypt.com","EG","US",134703,"1.6968","0.0002",134703,"0.0002"
"www.dostor.org","EG","US",97716,"1.6968","0.0002",97718,"0.0002"
"www.egynews.net","EG","NL",163852,"1.6968","0.0003",163852,"0.0003"
"www.egypt-elections.com","EG","US",5379,"1.6968","0.0000",5379,"0.0000"
"www.egyptindependent.com","EG","US",172758,"1.6968","0.0003",142812,"0.0002"
"www.lepetitjournal.com","EG","FR",701946,"1.6968","0.0011",701946,"0.0011"
"www.madamasr.com","EG","US",45469,"1.6968","0.0001",161869,"0.0003"
"www.masralarabia.com","EG","FR",145474,"1.6968","0.0002",345959,"0.0005"
"www.niletc.tv","EG","US",145052,"1.6968","0.0002",145052,"0.0002"
"www.shorouknews.com","EG","US",52652,"1.6968","0.0001",110392,"0.0002"
"www.sis.gov.eg","EG","EG",105416,"1.6968","0.0002",105416,"0.0002"
"www.wataninet.com","EG","US",233677,"1.6968","0.0004",233463,"0.0004"
"www.youm7.com","EG","US",196649,"1.6968","0.0003",216989,"0.0003"
"diasporasaharaui-en.blogspot.com","EH","US",41562,NULL,NULL,290435,NULL
"es.groups.yahoo.com","EH","GB",49952,NULL,NULL,57695,NULL
"rasd.tv","EH","DE",22309,NULL,NULL,26146,NULL
"saharaoccidental.blogspot.com","EH","US",37970,NULL,NULL,93675,NULL
"wsrw.org","EH","US",31156,NULL,NULL,66274,NULL
"www.elconfidencialsaharaui.com","EH","US",71650,NULL,NULL,105817,NULL
"www.rasd-tv.com","EH","ES",22309,NULL,NULL,26148,NULL
"www.sahara-online.net","EH","FR",97265,NULL,NULL,96720,NULL
"www.sahara-update.org","EH","US",16432,NULL,NULL,22331,NULL
"awate.com","ER","US",93228,NULL,NULL,93228,NULL
"tig.asmarino.com","ER","US",87821,NULL,NULL,125272,NULL
"www.asmarino.com","ER","US",87837,NULL,NULL,125240,NULL
"www.capitaleritrea.com","ER","DE",78679,NULL,NULL,78819,NULL
"www.eritrea24.com","ER","US",58130,NULL,NULL,58130,NULL
"www.eritreadaily.net","ER","US",162842,NULL,NULL,162842,NULL
"www.farajat.net","ER","AU",369271,NULL,NULL,369271,NULL
"www.jeberti.com","ER","BG",109480,NULL,NULL,109480,NULL
"www.meskerem.net","ER","US",71057,NULL,NULL,71057,NULL
"www.shabait.com","ER","BG",326904,NULL,NULL,326904,NULL
"addisfortune.net","ET","US",11234,"6.2018","0.0001",72560,"0.0004"
"cyberzena.com","ET","DE",10984,"6.2018","0.0001",11011,"0.0001"
"ecadforum.com","ET","US",114170,"6.2018","0.0007",114170,"0.0007"
"ectv.org","ET","US",36934,"6.2018","0.0002",36935,"0.0002"
"ethiopiaforums.com","ET","US",75804,"6.2018","0.0004",75804,"0.0004"
"ethiopianreview.com","ET","FR",17777,"6.2018","0.0001",17777,"0.0001"
"news.google.com","ET","US",595199,"6.2018","0.0034",1118710,"0.0065"
"www.addisadmassnews.com","ET","US",52600,"6.2018","0.0003",52600,"0.0003"
"www.awrambatimes.com","ET","US",50804,"6.2018","0.0003",50803,"0.0003"
"www.cyberethiopia.com","ET","BG",44752,"6.2018","0.0003",44749,"0.0003"
"www.ena.gov.et","ET","ET",146570,"6.2018","0.0008",146570,"0.0008"
"www.ertagov.com","ET","JP",55181,"6.2018","0.0003",55181,"0.0003"
"www.ethiomedia.com","ET","US",65401,"6.2018","0.0004",65401,"0.0004"
"www.ethionewsdirect.com","ET","US",157360,"6.2018","0.0009",108774,"0.0006"
"www.ethioobserver.net","ET","US",549333,"6.2018","0.0032",549333,"0.0032"
"www.ethiopian-news.com","ET","US",118261,"6.2018","0.0007",118261,"0.0007"
"www.ethiopians.com","ET","US",20601,"6.2018","0.0001",20601,"0.0001"
"www.lesnouvelles.org","ET","US",63357,"6.2018","0.0004",20084,"0.0001"
"www.maledatimes.com","ET","US",69559,"6.2018","0.0004",88439,"0.0005"
"www.nazret.com","ET","BG",276937,"6.2018","0.0016",276994,"0.0016"
"www.newbusinessethiopia.com","ET","US",164173,"6.2018","0.0009",164173,"0.0009"
"www.waltainfo.com","ET","US",73700,"6.2018","0.0004",73700,"0.0004"
"www.zehabesha.com","ET","US",248792,"6.2018","0.0014",247487,"0.0014"
"gabonreview.com","GA","FR",111068,"11.6720","0.0012",111068,"0.0012"
"www.agpgabon.ga","GA","FR",23874,"11.6720","0.0003",23874,"0.0003"
"www.gabonactu.com","GA","CH",213159,"11.6720","0.0023",212878,"0.0023"
"www.gaboneco.com","GA","FR",58361,"11.6720","0.0006",58361,"0.0006"
"www.gabonlibre.com","GA","FR",168463,"11.6720","0.0018",168463,"0.0018"
"www.infosplusgabon.com","GA","US",42623,"11.6720","0.0005",42460,"0.0005"
"www.union.sonapresse.com","GA","FR",140366,"11.6720","0.0015",140366,"0.0015"
"buzzghana.com","GH","US",99925,"5.0021","0.0005",101253,"0.0005"
"exposeghana.com","GH","US",57380,"5.0021","0.0003",57380,"0.0003"
"ghananewslink.com","GH","US",94371,"5.0021","0.0004",94371,"0.0004"
"ghheadlines.com","GH","DE",216591,"5.0021","0.0010",216591,"0.0010"
"happyghana.com","GH","US",73458,"5.0021","0.0003",72205,"0.0003"
"news.google.com","GH","US",591426,"5.0021","0.0028",1114829,"0.0052"
"thebftonline.com","GH","US",33877,"5.0021","0.0002",33879,"0.0002"
"theheraldghana.com","GH","US",42966,"5.0021","0.0002",42966,"0.0002"
"thenewcrusadingguideonline.com","GH","US",141777,"5.0021","0.0007",141777,"0.0007"
"tv3network.com","GH","US",126395,"5.0021","0.0006",126388,"0.0006"
"vibeghana.com","GH","US",93785,"5.0021","0.0004",93785,"0.0004"
"wn.com","GH","GB",350913,"5.0021","0.0016",350913,"0.0016"
"www.allghananews.com","GH","US",128555,"5.0021","0.0006",128555,"0.0006"
"www.citifmonline.com","GH","US",117915,"5.0021","0.0005",117915,"0.0005"
"www.dailyguideghana.com","GH","DE",75796,"5.0021","0.0004",75796,"0.0004"
"www.gbcghana.com","GH","US",43610,"5.0021","0.0002",43610,"0.0002"
"www.ghana.gov.gh","GH","GH",41150,"5.0021","0.0002",41150,"0.0002"
"www.ghanabusinessnews.com","GH","US",70997,"5.0021","0.0003",70774,"0.0003"
"www.ghanadot.com","GH","US",53274,"5.0021","0.0002",53274,"0.0002"
"www.ghanaiantimes.com.gh","GH","US",102880,"5.0021","0.0005",102880,"0.0005"
"www.ghanamma.com","GH","US",202531,"5.0021","0.0009",203712,"0.0009"
"www.ghananewsagency.org","GH","US",60548,"5.0021","0.0003",37463,"0.0002"
"www.ghanasoccernet.com","GH","US",65422,"5.0021","0.0003",89295,"0.0004"
"www.ghanatoday.com","GH","NL",82573,"5.0021","0.0004",82573,"0.0004"
"www.ghanavoice.com","GH","US",13866,"5.0021","0.0001",13866,"0.0001"
"www.ghanaweb.com","GH","US",47334,"5.0021","0.0002",27466,"0.0001"
"www.infoghana.info","GH","CZ",79973,"5.0021","0.0004",79973,"0.0004"
"www.kapital971.com","GH","US",72820,"5.0021","0.0003",74616,"0.0003"
"www.metroworld.tv","GH","US",18201,"5.0021","0.0001",18201,"0.0001"
"www.modernghana.com","GH","US",71021,"5.0021","0.0003",80823,"0.0004"
"www.myjoyonline.com","GH","CA",395888,"5.0021","0.0018",385305,"0.0018"
"www.newsghana.com.gh","GH","US",227736,"5.0021","0.0011",229041,"0.0011"
"www.reportghananews.com","GH","US",43922,"5.0021","0.0002",49240,"0.0002"
"www.theenquirerweb.com","GH","US",23697,"5.0021","0.0001",23697,"0.0001"
"www.thinkghana.com","GH","US",32058,"5.0021","0.0001",31380,"0.0001"
"foroyaa.gm","GM","US",279433,"111.2786","0.0290",279433,"0.0290"
"gainako.com","GM","US",172133,"111.2786","0.0178",172133,"0.0178"
"www.banjulfocus.com","GM","US",40924,"111.2786","0.0042",40924,"0.0042"
"www.freedomnewspaper.com","GM","US",288153,"111.2786","0.0299",286377,"0.0297"
"www.grts.gm","GM","GM",86143,"111.2786","0.0089",86143,"0.0089"
"www.jollofnews.com","GM","US",112100,"111.2786","0.0116",112613,"0.0117"
"www.thegambiaecho.com","GM","US",205581,"111.2786","0.0213",205581,"0.0213"
"aminata.com","GQ","US",266299,NULL,NULL,266299,NULL
"guinea-forum.org","GQ","CA",31191,NULL,NULL,59931,NULL
"guineeactu.info","GQ","CH",59469,NULL,NULL,59380,NULL
"guineenews.org","GQ","US",298946,NULL,NULL,300097,NULL
"lelynx.net","GQ","US",48726,NULL,NULL,48726,NULL
"lexpressguinee.com","GQ","FR",82988,NULL,NULL,82988,NULL
"www.africaguinee.com","GQ","CH",206246,NULL,NULL,206246,NULL
"www.aujourdhui-en-guinee.com","GQ","FR",79013,NULL,NULL,79013,NULL
"www.enqueteur-gn.info","GQ","US",111720,NULL,NULL,111720,NULL
"www.guinee360.com","GQ","FR",118919,NULL,NULL,118919,NULL
"www.guinee7.com","GQ","FR",54755,NULL,NULL,300016,NULL
"www.guineepresse.info","GQ","DK",84525,NULL,NULL,84525,NULL
"www.infoguinee.com","GQ","US",72143,NULL,NULL,72140,NULL
"www.kababachir.com","GQ","FR",463125,NULL,NULL,463124,NULL
"www.lejourguinee.com","GQ","US",272108,NULL,NULL,272108,NULL
"www.mediaguinee.net","GQ","FR",519374,NULL,NULL,519382,NULL
"www.nlsguinee.com","GQ","CH",305718,NULL,NULL,305718,NULL
"www.nrgui.com","GQ","FR",126639,NULL,NULL,126639,NULL
"www.radio-kankan.com","GQ","DE",169487,NULL,NULL,169487,NULL
"www.rtg-conakry.com","GQ","US",53201,NULL,NULL,53201,NULL
"www.bissaudigital.com","GW","PT",26096,"61.0538","0.0015",26096,"0.0015"
"www.gaznot.com","GW","CH",57707,"61.0538","0.0033",57217,"0.0033"
"www.gbissau.com","GW","US",39683,"61.0538","0.0023",139934,"0.0080"
"www.radiojovem.info","GW","FR",174159,"61.0538","0.0099",174178,"0.0099"
"buzzkenya.com","KE","US",241197,"4.2458","0.0010",241197,"0.0010"
"mediamaxnetwork.co.ke","KE","US",197038,"4.2458","0.0008",184153,"0.0007"
"news.google.com","KE","US",594284,"4.2458","0.0023",1120888,"0.0044"
"ntv.nation.co.ke","KE","US",39547,"4.2458","0.0002",39547,"0.0002"
"theweeklyadvertiser.com","KE","US",26636,"4.2458","0.0001",26637,"0.0001"
"www.businessdailyafrica.com","KE","US",82768,"4.2458","0.0003",82543,"0.0003"
"www.capitalfm.co.ke","KE","US",76115,"4.2458","0.0003",76072,"0.0003"
"www.citizentv.co.ke","KE","US",82853,"4.2458","0.0003",82852,"0.0003"
"www.coastweek.com","KE","US",619447,"4.2458","0.0024",619447,"0.0024"
"www.kbc.co.ke","KE","KE",271947,"4.2458","0.0011",271947,"0.0011"
"www.kenya-today.com","KE","US",45442,"4.2458","0.0002",56629,"0.0002"
"www.kenyamoja.com","KE","US",266457,"4.2458","0.0011",266020,"0.0011"
"www.kenyan-post.com","KE","US",123096,"4.2458","0.0005",123097,"0.0005"
"www.mediamaxnetwork.co.ke","KE","US",199665,"4.2458","0.0008",185358,"0.0007"
"www.nairobigossips.com","KE","US",42658,"4.2458","0.0002",203547,"0.0008"
"www.nation.co.ke","KE","US",94805,"4.2458","0.0004",94807,"0.0004"
"www.news24.co.ke","KE","ZA",141937,"4.2458","0.0006",92074,"0.0004"
"www.standardmedia.co.ke","KE","US",93840,"4.2458","0.0004",74138,"0.0003"
"www.the-star.co.ke","KE","US",173700,"4.2458","0.0007",151975,"0.0006"
"www.theeastafrican.co.ke","KE","US",58506,"4.2458","0.0002",58511,"0.0002"
"www.x-news.co.ke","KE","US",104051,"4.2458","0.0004",104043,"0.0004"
"www.comores-actualites.com","KM","GB",63202,"11.9827","0.0007",70081,"0.0008"
"www.comores-infos.net","KM","DE",129263,"11.9827","0.0014",129505,"0.0014"
"www.habarizacomores.com","KM","US",808549,"11.9827","0.0090",808410,"0.0090"
"gnnliberia.com","LR","US",101974,"5.0000","0.0005",101973,"0.0005"
"heritageliberia.net","LR","US",7597,"5.0000","0.0000",7597,"0.0000"
"monroviainquirer.com","LR","US",134850,"5.0000","0.0006",134850,"0.0006"
"theliberiandialogue.org","LR","US",58511,"5.0000","0.0003",58511,"0.0003"
"theliberiantimes.weebly.com","LR","US",17534,"5.0000","0.0001",17534,"0.0001"
"www.bushchicken.com","LR","US",78720,"5.0000","0.0004",218102,"0.0010"
"www.frontpageafricaonline.com","LR","US",193383,"5.0000","0.0009",172711,"0.0008"
"www.liberian-connection.net","LR","JP",13845,"5.0000","0.0001",13845,"0.0001"
"www.mylbsonline.net","LR","US",18165,"5.0000","0.0001",18097,"0.0001"
"www.theliberianjournal.com","LR","US",26317,"5.0000","0.0001",26317,"0.0001"
"www.thenewdawnliberia.com","LR","US",1716237,"5.0000","0.0080",1716237,"0.0080"
"www.thenewslib.com","LR","US",56092,"5.0000","0.0003",56092,"0.0003"
"www.thepalavahut.org","LR","US",49658,"5.0000","0.0002",49658,"0.0002"
"www.theperspective.org","LR","US",297955,"5.0000","0.0014",297955,"0.0014"
"www.tnrliberia.net","LR","US",18142,"5.0000","0.0001",18074,"0.0001"
"lestimes.com","LS","ZA",266190,"8.9928","0.0022",266194,"0.0022"
"sundayexpress.co.ls","LS","ZA",101828,"8.9928","0.0009",101828,"0.0009"
"www.finitemagazine.co.ls","LS","US",100193,"8.9928","0.0008",100193,"0.0008"
"www.informativenews.co.ls","LS","US",96333,"8.9928","0.0008",96333,"0.0008"
"alnabaa.tv","LY","US",58999,"18.5460","0.0010",59174,"0.0010"
"www.brnieq.com","LY","US",20789,"18.5460","0.0004",20789,"0.0004"
"www.libya-businessnews.com","LY","US",55122,"18.5460","0.0010",55119,"0.0010"
"www.libya-today.com","LY","US",204388,"18.5460","0.0035",204354,"0.0035"
"www.libyanewstoday.com","LY","US",68893,"18.5460","0.0012",68893,"0.0012"
"www.ltv.ly","LY","LY",73841,"18.5460","0.0013",73841,"0.0013"
"www.qurynanew.com","LY","US",62960,"18.5460","0.0011",20245,"0.0003"
"www.tripolipost.com","LY","US",5136,"18.5460","0.0001",1107,"0.0000"
"albayane.press.ma","MA","MA",126524,"4.6455","0.0005",126524,"0.0005"
"bayanealyaoume.press.ma","MA","MA",379757,"4.6455","0.0016",540510,"0.0023"
"lnt.ma","MA","FR",47711,"4.6455","0.0002",50832,"0.0002"
"lobservateurdumaroc.info","MA","US",140869,"4.6455","0.0006",140869,"0.0006"
"marocpress.ma","MA","US",143775,"4.6455","0.0006",144145,"0.0006"
"moroccantimes.com","MA","US",16181,"4.6455","0.0001",27096,"0.0001"
"moroccomedia.com","MA","US",74403,"4.6455","0.0003",74403,"0.0003"
"news.google.com","MA","US",596419,"4.6455","0.0026",1121778,"0.0049"
"newsly.ma","MA","FR",38216,"4.6455","0.0002",38216,"0.0002"
"telquel.ma","MA","US",242605,"4.6455","0.0010",148574,"0.0006"
"www.ahdath.info","MA","US",92473,"4.6455","0.0004",198074,"0.0009"
"www.al-jarida.net","MA","US",38674,"4.6455","0.0002",38674,"0.0002"
"www.alalam.ma","MA","FR",160895,"4.6455","0.0007",160895,"0.0007"
"www.almaghribia.ma","MA","US",46822,"4.6455","0.0002",46821,"0.0002"
"www.asdae.com","MA","DE",14009,"4.6455","0.0001",14009,"0.0001"
"www.assabah.press.ma","MA","US",136073,"4.6455","0.0006",136682,"0.0006"
"www.aujourdhui.ma","MA","US",185789,"4.6455","0.0008",186352,"0.0008"
"www.courriercasablanca.com","MA","CA",164748,"4.6455","0.0007",164748,"0.0007"
"www.eljadida.com","MA","FR",53383,"4.6455","0.0002",53383,"0.0002"
"www.jadidpresse.com","MA","US",5006,"4.6455","0.0000",5006,"0.0000"
"www.journaldusport.ma","MA","US",161210,"4.6455","0.0007",161207,"0.0007"
"www.lagachettedumaroc.com","MA","FR",9203,"4.6455","0.0000",9210,"0.0000"
"www.lavieeco.com","MA","US",58984,"4.6455","0.0003",168277,"0.0007"
"www.leconomiste.com","MA","US",101958,"4.6455","0.0004",101958,"0.0004"
"www.lematin.ma","MA","US",87504,"4.6455","0.0004",72600,"0.0003"
"www.lereporter.ma","MA","FR",147441,"4.6455","0.0006",148660,"0.0006"
"www.leseco.ma","MA","MA",298844,"4.6455","0.0013",298844,"0.0013"
"www.libe.ma","MA","FR",25035,"4.6455","0.0001",97360,"0.0004"
"www.mapnews.ma","MA","MA",98666,"4.6455","0.0004",98666,"0.0004"
"www.maroc-hebdo.press.ma","MA","US",128534,"4.6455","0.0006",128534,"0.0006"
"www.marocpress.com","MA","US",126816,"4.6455","0.0005",126816,"0.0005"
"www.medi1.com","MA","FR",623862,"4.6455","0.0027",623862,"0.0027"
"www.menara.ma","MA","MA",119384,"4.6455","0.0005",119384,"0.0005"
"www.moroccobusinessnews.com","MA","MA",1486,"4.6455","0.0000",1486,"0.0000"
"www.moroccomirror.com","MA","US",63530,"4.6455","0.0003",20673,"0.0001"
"www.moroccoworldnews.com","MA","US",613606,"4.6455","0.0027",613606,"0.0027"
"www.oujdacity.net","MA","FR",156154,"4.6455","0.0007",156138,"0.0007"
"ledaily.mg","MG","US",101837,"7.4616","0.0007",101837,"0.0007"
"www.lagazette-dgi.com","MG","MG",42192,"7.4616","0.0003",42192,"0.0003"
"www.lanation.mg","MG","US",31941,"7.4616","0.0002",31941,"0.0002"
"www.laverite.mg","MG","FR",126755,"7.4616","0.0009",126755,"0.0009"
"www.lexpressmada.com","MG","FR",78867,"7.4616","0.0005",78867,"0.0005"
"www.mada.pro","MG","FR",57005,"7.4616","0.0004",57005,"0.0004"
"www.madagascar-tribune.com","MG","FR",76642,"7.4616","0.0005",76642,"0.0005"
"www.madagate.com","MG","US",43178,"7.4616","0.0003",43178,"0.0003"
"www.madonline.com","MG","FR",63723,"7.4616","0.0004",63723,"0.0004"
"www.midi-madagasikara.mg","MG","FR",77898,"7.4616","0.0005",77898,"0.0005"
"www.moov.mg","MG","US",67233,"7.4616","0.0005",67337,"0.0005"
"www.newsmada.com","MG","US",99442,"7.4616","0.0007",99442,"0.0007"
"www.tvmada.com","MG","EU",79862,"7.4616","0.0006",79861,"0.0006"
"lecombat.info","ML","US",56241,"13.4677","0.0007",56241,"0.0007"
"maliactu.net","ML","US",130003,"13.4677","0.0016",130000,"0.0016"
"www.abamako.com","ML","US",67190,"13.4677","0.0008",67190,"0.0008"
"www.essor.ml","ML","DE",356764,"13.4677","0.0045",356747,"0.0045"
"www.jamana.org","ML","ML",28200,"13.4677","0.0004",28200,"0.0004"
"www.malijet.com","ML","FR",389427,"13.4677","0.0049",389427,"0.0049"
"www.maliweb.net","ML","US",605109,"13.4677","0.0076",605109,"0.0076"
"www.ortm-mali.tv","ML","US",18096,"13.4677","0.0002",18028,"0.0002"
"fr.alakhbar.info","MR","DE",31321,"19.8742","0.0006",31321,"0.0006"
"www.alakhbar.info","MR","DE",84119,"19.8742","0.0016",84119,"0.0016"
"www.ami.mr","MR","MR",50240,"19.8742","0.0009",50240,"0.0009"
"www.lauthentic.info","MR","US",62788,"19.8742","0.0012",62788,"0.0012"
"www.lecalame.info","MR","US",19630,"19.8742","0.0004",19630,"0.0004"
"leboncoin.nu","MU","GB",90502,"7.3878","0.0006",90502,"0.0006"
"mauritiustimes.com","MU","US",77015,"7.3878","0.0005",77015,"0.0005"
"mbc.intnet.mu","MU","MU",110276,"7.3878","0.0008",110276,"0.0008"
"www.5plus.mu","MU","IE",91725,"7.3878","0.0006",91725,"0.0006"
"www.defimedia.info","MU","FR",379902,"7.3878","0.0026",379902,"0.0026"
"www.lemauricien.com","MU","US",349924,"7.3878","0.0024",349924,"0.0024"
"www.lexpress.mu","MU","IE",281146,"7.3878","0.0019",281146,"0.0019"
"www.r1.mu","MU","US",80698,"7.3878","0.0006",80698,"0.0006"
"www.starpress.info","MU","US",85499,"7.3878","0.0006",85499,"0.0006"
"malawi24.com","MW","US",33181,"5.7778","0.0002",60514,"0.0003"
"malawiana.net","MW","US",176625,"5.7778","0.0010",175655,"0.0009"
"malawilive.com","MW","US",23753,"5.7778","0.0001",23265,"0.0001"
"news.maraviexpress.com","MW","GB",154743,"5.7778","0.0008",154743,"0.0008"
"timesmediamw.com","MW","US",192809,"5.7778","0.0010",192809,"0.0010"
"www.amalawi.info","MW","DE",34476,"5.7778","0.0002",79929,"0.0004"
"www.faceofmalawi.com","MW","US",62509,"5.7778","0.0003",142238,"0.0008"
"www.malawianwatchdog.com","MW","US",258809,"5.7778","0.0014",258809,"0.0014"
"www.malawivoice.com","MW","US",118890,"5.7778","0.0006",118890,"0.0006"
"www.manaonline.gov.mw","MW","MW",95804,"5.7778","0.0005",95804,"0.0005"
"www.mbc.mw","MW","US",97677,"5.7778","0.0005",97009,"0.0005"
"www.mw","MW","SE",73619,"5.7778","0.0004",73619,"0.0004"
"www.mwnation.com","MW","US",90356,"5.7778","0.0005",90356,"0.0005"
"www.nyasatimes.com","MW","US",191569,"5.7778","0.0010",142226,"0.0008"
"www.orakonews.com","MW","US",36221,"5.7778","0.0002",185925,"0.0010"
"www.zodiakmalawi.com","MW","US",86553,"5.7778","0.0005",86553,"0.0005"
"www.jornalnoticias.co.mz","MZ","MZ",89475,"3.4043","0.0003",89475,"0.0003"
"www.mmo.co.mz","MZ","US",146486,"3.4043","0.0005",146486,"0.0005"
"www.rm.co.mz","MZ","MZ",83762,"3.4043","0.0003",83762,"0.0003"
"www.sapo.mz","MZ","PT",110650,"3.4043","0.0004",110650,"0.0004"
"www.stop.co.mz","MZ","BG",440774,"3.4043","0.0014",440774,"0.0014"
"www.tvm.co.mz","MZ","MZ",103655,"3.4043","0.0003",103659,"0.0003"
"news.google.com","NA","US",593760,"6.7606","0.0037",1123564,"0.0071"
"observer24.com.na","NA","DE",86592,"6.7606","0.0005",86592,"0.0005"
"southernafrican.news","NA","DE",129805,"6.7606","0.0008",128145,"0.0008"
"www.az.com.na","NA","US",69194,"6.7606","0.0004",69194,"0.0004"
"www.confidente.com.na","NA","US",157579,"6.7606","0.0010",157435,"0.0010"
"www.economist.com.na","NA","US",587953,"6.7606","0.0037",588965,"0.0037"
"www.informante.web.na","NA","US",313101,"6.7606","0.0020",313101,"0.0020"
"www.namibian.com.na","NA","ZA",108503,"6.7606","0.0007",108503,"0.0007"
"www.namibtimes.net","NA","NA",42697,"6.7606","0.0003",42697,"0.0003"
"www.nampa.org","NA","NA",28299,"6.7606","0.0002",28311,"0.0002"
"www.nbc.na","NA","US",49981,"6.7606","0.0003",49981,"0.0003"
"www.newera.com.na","NA","DE",304647,"6.7606","0.0019",304647,"0.0019"
"www.republikein.com.na","NA","US",74114,"6.7606","0.0005",68310,"0.0004"
"www.thevillager.com.na","NA","US",29774,"6.7606","0.0002",29774,"0.0002"
"news.aniamey.com","NE","US",95470,"26.0379","0.0023",95470,"0.0023"
"nigerdiaspora.net","NE","US",224009,"26.0379","0.0054",224009,"0.0054"
"www.tamtaminfo.com","NE","US",233880,"26.0379","0.0057",233872,"0.0057"
"247ureports.com","NG","US",78442,"3.7387","0.0003",78442,"0.0003"
"abujavoice.com","NG","US",23785,"3.7387","0.0001",23143,"0.0001"
"africansearchlight.com","NG","US",20978,"3.7387","0.0001",20978,"0.0001"
"bizwatchnigeria.ng","NG","US",263838,"3.7387","0.0009",263838,"0.0009"
"blanknewsonline.wordpress.com","NG","US",164030,"3.7387","0.0006",166978,"0.0006"
"businessdayonline.com","NG","US",81733,"3.7387","0.0003",146812,"0.0005"
"businessnews.com.ng","NG","US",44844,"3.7387","0.0002",44844,"0.0002"
"businessworldng.com","NG","VG",11658,"3.7387","0.0000",20116,"0.0001"
"buzznigeria.com","NG","US",122459,"3.7387","0.0004",123609,"0.0004"
"city1051fm.com","NG","US",71350,"3.7387","0.0002",71350,"0.0002"
"completesportsnigeria.com","NG","US",134408,"3.7387","0.0005",134408,"0.0005"
"crossriverwatch.com","NG","US",114787,"3.7387","0.0004",114787,"0.0004"
"dailypost.ng","NG","US",137249,"3.7387","0.0005",138110,"0.0005"
"dailyreviewonline.com.ng","NG","DE",8924,"3.7387","0.0000",9394,"0.0000"
"dailystar.com.ng","NG","US",76281,"3.7387","0.0003",77054,"0.0003"
"eaglereporters.com","NG","US",63639,"3.7387","0.0002",20786,"0.0001"
"flashpointnews.wordpress.com","NG","US",420706,"3.7387","0.0015",448559,"0.0016"
"gistyinka.net","NG","US",18067,"3.7387","0.0001",17999,"0.0001"
"globalvillageextra.com","NG","US",195981,"3.7387","0.0007",195981,"0.0007"
"gloryfm.com","NG","VG",16255,"3.7387","0.0001",26990,"0.0001"
"goldenpennewspaper.blogspot.com","NG","US",39931,"3.7387","0.0001",137074,"0.0005"
"ireports-ng.com","NG","LT",202882,"3.7387","0.0007",202882,"0.0007"
"itvradionigeria.com","NG","US",185038,"3.7387","0.0006",185038,"0.0006"
"leadership.ng","NG","US",234466,"3.7387","0.0008",234466,"0.0008"
"lindaikeji.blogspot.com","NG","US",91324,"3.7387","0.0003",171019,"0.0006"
"naijabizcom.com","NG","US",58683,"3.7387","0.0002",58683,"0.0002"
"nationalmirroronline.net","NG","US",58417,"3.7387","0.0002",68071,"0.0002"
"newmail-ng.com","NG","US",267409,"3.7387","0.0009",267409,"0.0009"
"news.bestnaira.com","NG","US",20327,"3.7387","0.0001",20623,"0.0001"
"news.google.com","NG","US",595311,"3.7387","0.0021",1124045,"0.0039"
"newsdiaryonline.com","NG","US",289548,"3.7387","0.0010",289548,"0.0010"
"newsinvestigatorsng.com","NG","CA",88093,"3.7387","0.0003",88093,"0.0003"
"ngex.com","NG","US",85980,"3.7387","0.0003",85829,"0.0003"
"nigeriaindependent.com","NG","US",27401,"3.7387","0.0001",27401,"0.0001"
"nigerianbeacon.com","NG","US",205008,"3.7387","0.0007",203381,"0.0007"
"nigerianinquirer.com","NG","DE",10595,"3.7387","0.0000",11020,"0.0000"
"nigeriantimes.ng","NG","US",155596,"3.7387","0.0005",207051,"0.0007"
"nigeriapoliticsonline.com","NG","US",203044,"3.7387","0.0007",203216,"0.0007"
"nigeriastandardnewspaper.com","NG","US",586129,"3.7387","0.0020",586128,"0.0020"
"ogavendor.com","NG","DE",80132,"3.7387","0.0003",100955,"0.0004"
"plentynews.com","NG","AU",1442,"3.7387","0.0000",1442,"0.0000"
"pointblanknews.com","NG","US",104899,"3.7387","0.0004",104899,"0.0004"
"pulse.ng","NG","DE",107860,"3.7387","0.0004",146404,"0.0005"
"realnewsmagazine.net","NG","US",110083,"3.7387","0.0004",110083,"0.0004"
"reporters365.com","NG","US",257995,"3.7387","0.0009",257995,"0.0009"
"royaltimes.net","NG","US",78487,"3.7387","0.0003",77960,"0.0003"
"saharareporters.com","NG","US",175135,"3.7387","0.0006",159861,"0.0006"
"scannewsnigeria.com","NG","US",89664,"3.7387","0.0003",89664,"0.0003"
"silverbirdtv.com","NG","NL",148366,"3.7387","0.0005",148390,"0.0005"
"sunnewsonline.com","NG","US",134223,"3.7387","0.0005",134223,"0.0005"
"theabujatimes.com","NG","US",195681,"3.7387","0.0007",195463,"0.0007"
"theadvocatengr.com","NG","US",82392,"3.7387","0.0003",82392,"0.0003"
"thecitizenng.com","NG","US",181787,"3.7387","0.0006",181796,"0.0006"
"theeagleonline.com.ng","NG","US",177170,"3.7387","0.0006",177170,"0.0006"
"theneighbourhoodonline.com","NG","GB",283426,"3.7387","0.0010",283471,"0.0010"
"thenews-chronicle.com","NG","US",87989,"3.7387","0.0003",87977,"0.0003"
"thepointernewsonline.com","NG","US",150719,"3.7387","0.0005",150721,"0.0005"
"therainbow.com.ng","NG","ZA",32342,"3.7387","0.0001",32342,"0.0001"
"thesummary.com.ng","NG","US",46455,"3.7387","0.0002",47264,"0.0002"
"thewillnigeria.com","NG","CA",154503,"3.7387","0.0005",154503,"0.0005"
"urhobotoday.com","NG","US",124556,"3.7387","0.0004",124556,"0.0004"
"www.afbis.com","NG","US",81793,"3.7387","0.0003",81793,"0.0003"
"www.africanexaminer.com","NG","CA",191016,"3.7387","0.0007",191136,"0.0007"
"www.africanheraldexpress.com","NG","US",39730,"3.7387","0.0001",39730,"0.0001"
"www.akwaibomnewsonline.com","NG","US",40448,"3.7387","0.0001",29805,"0.0001"
"www.allnigeriasoccer.com","NG","US",19272,"3.7387","0.0001",18901,"0.0001"
"www.almizan.info","NG","US",33264,"3.7387","0.0001",33264,"0.0001"
"www.aproko247.com","NG","US",92895,"3.7387","0.0003",92895,"0.0003"
"www.arewaonline-ng.com","NG","US",155921,"3.7387","0.0005",155921,"0.0005"
"www.bellanaija.com","NG","FR",363883,"3.7387","0.0013",221411,"0.0008"
"www.bignigeria.com","NG","US",177941,"3.7387","0.0006",177941,"0.0006"
"www.channelstv.com","NG","US",150569,"3.7387","0.0005",131057,"0.0005"
"www.cknnigeria.com","NG","US",169734,"3.7387","0.0006",169735,"0.0006"
"www.dailytrust.com.ng","NG","IN",168859,"3.7387","0.0006",168859,"0.0006"
"www.e-nigeriang.com","NG","US",144997,"3.7387","0.0005",144997,"0.0005"
"www.editorialnigeria.com","NG","US",5382,"3.7387","0.0000",5382,"0.0000"
"www.edoworld.net","NG","US",151719,"3.7387","0.0005",151719,"0.0005"
"www.elombah.com","NG","US",213894,"3.7387","0.0007",213894,"0.0007"
"www.factualreporters.com","NG","US",82499,"3.7387","0.0003",82499,"0.0003"
"www.frcnssz.com","NG","",8371,"3.7387","0.0000",8371,"0.0000"
"www.freedomradionig.com","NG","BG",55651,"3.7387","0.0002",55651,"0.0002"
"www.freshangleng.com","NG","US",52429,"3.7387","0.0002",52429,"0.0002"
"www.freshfactsonlinenews.net","NG","US",9107,"3.7387","0.0000",9680,"0.0000"
"www.frontiersnews.com","NG","US",188677,"3.7387","0.0007",188956,"0.0007"
"www.galaxytvonline.com","NG","US",39038,"3.7387","0.0001",39278,"0.0001"
"www.gossipnigeria.com","NG","US",54201,"3.7387","0.0002",146545,"0.0005"
"www.hallmarknews.com","NG","DE",61854,"3.7387","0.0002",61854,"0.0002"
"www.huhuonline.com","NG","BG",220934,"3.7387","0.0008",220934,"0.0008"
"www.ilorin.info","NG","US",27372,"3.7387","0.0001",27345,"0.0001"
"www.imostateblog.com","NG","US",66038,"3.7387","0.0002",66038,"0.0002"
"www.imotrumpeta.com","NG","US",51748,"3.7387","0.0002",51748,"0.0002"
"www.indepthnigeria.com","NG","US",9030,"3.7387","0.0000",9609,"0.0000"
"www.infonigeria.net","NG","VG",16343,"3.7387","0.0001",27517,"0.0001"
"www.informationng.com","NG","US",107312,"3.7387","0.0004",109888,"0.0004"
"www.ionigeria.com","NG","US",109703,"3.7387","0.0004",109703,"0.0004"
"www.iq4news.com","NG","US",215941,"3.7387","0.0008",215939,"0.0008"
"www.kwaranews.com","NG","US",41006,"3.7387","0.0001",89146,"0.0003"
"www.latestnigeriannews.com","NG","US",126114,"3.7387","0.0004",243403,"0.0008"
"www.medianigeria.com","NG","US",44965,"3.7387","0.0002",44965,"0.0002"
"www.mydailynewswatchng.com","NG","US",168408,"3.7387","0.0006",168408,"0.0006"
"www.naij.com","NG","US",117578,"3.7387","0.0004",115564,"0.0004"
"www.naijaleaks.org","NG","AU",63043,"3.7387","0.0002",69922,"0.0002"
"www.nairaland.com","NG","US",23936,"3.7387","0.0001",24472,"0.0001"
"www.nan.ng","NG","US",315284,"3.7387","0.0011",315231,"0.0011"
"www.nationalaccordnewspaper.com","NG","BG",610316,"3.7387","0.0021",610316,"0.0021"
"www.nationaldailyng.com","NG","US",412511,"3.7387","0.0014",412993,"0.0014"
"www.nationalnetworkonline.com","NG","US",44343,"3.7387","0.0002",44343,"0.0002"
"www.news24.com.ng","NG","ZA",63756,"3.7387","0.0002",192294,"0.0007"
"www.news247.com.ng","NG","",22576,"3.7387","0.0001",29169,"0.0001"
"www.newsday.com.ng","NG","NL",91943,"3.7387","0.0003",91814,"0.0003"
"www.newsdirectonline.com","NG","CA",60792,"3.7387","0.0002",60792,"0.0002"
"www.newsexpressngr.com","NG","US",99943,"3.7387","0.0003",99943,"0.0003"
"www.newsjournal.com.ng","NG","US",38421,"3.7387","0.0001",306907,"0.0011"
"www.newsng.com","NG","US",88336,"3.7387","0.0003",95622,"0.0003"
"www.nigerdeltastandard.com","NG","US",5176,"3.7387","0.0000",1137,"0.0000"
"www.nigeria-news-world.com","NG","US",126271,"3.7387","0.0004",195590,"0.0007"
"www.nigeria70.com","NG","US",64831,"3.7387","0.0002",64831,"0.0002"
"www.nigeriancurrent.com","NG","US",90742,"3.7387","0.0003",90742,"0.0003"
"www.nigerianewsday.com","NG","US",143958,"3.7387","0.0005",143958,"0.0005"
"www.nigerianeye.com","NG","US",294698,"3.7387","0.0010",293660,"0.0010"
"www.nigerianmonitor.com","NG","US",80635,"3.7387","0.0003",80635,"0.0003"
"www.nigeriannews.com","NG","US",2345,"3.7387","0.0000",2345,"0.0000"
"www.nigerianobservernews.com","NG","US",217755,"3.7387","0.0008",217587,"0.0008"
"www.nigerianorientnews.com","NG","US",63209,"3.7387","0.0002",70090,"0.0002"
"www.nigeriapolitico.net","NG","US",9014,"3.7387","0.0000",9628,"0.0000"
"www.nigeriasun.com","NG","US",22595,"3.7387","0.0001",22595,"0.0001"
"www.nigeriavillagesquare.com","NG","US",166104,"3.7387","0.0006",167258,"0.0006"
"www.nigeriaworld.com","NG","US",50992,"3.7387","0.0002",50992,"0.0002"
"www.ntalagoschannel10.net","NG","",5351,"3.7387","0.0000",5351,"0.0000"
"www.ntanews24.tv","NG","US",8983,"3.7387","0.0000",9562,"0.0000"
"www.odili.net","NG","US",5255,"3.7387","0.0000",5255,"0.0000"
"www.ogtv.com.ng","NG","US",86655,"3.7387","0.0003",85682,"0.0003"
"www.ogunradio.com","NG","US",55816,"3.7387","0.0002",55816,"0.0002"
"www.ondoevents.com","NG","US",200814,"3.7387","0.0007",217092,"0.0008"
"www.ondonews.com","NG","VG",1149,"3.7387","0.0000",27081,"0.0001"
"www.opinionnigeria.com","NG","US",162571,"3.7387","0.0006",162592,"0.0006"
"www.osundefender.org","NG","US",74121,"3.7387","0.0003",74121,"0.0003"
"www.peoplesdailyng.com","NG","US",77862,"3.7387","0.0003",77862,"0.0003"
"www.persecondnews.com","NG","US",149440,"3.7387","0.0005",150472,"0.0005"
"www.ph-microscope.com","NG","US",92879,"3.7387","0.0003",92589,"0.0003"
"www.pmnewsnigeria.com","NG","US",259286,"3.7387","0.0009",259286,"0.0009"
"www.premiumtimesng.com","NG","NL",333743,"3.7387","0.0012",333743,"0.0012"
"www.promptnewsonline.com","NG","US",92572,"3.7387","0.0003",92572,"0.0003"
"www.punchng.com","NG","US",91421,"3.7387","0.0003",91420,"0.0003"
"www.radiolagosekofm.net","NG","US",25987,"3.7387","0.0001",25987,"0.0001"
"www.radionigeriakaduna.net","NG","US",18327,"3.7387","0.0001",18259,"0.0001"
"www.radionigerialagos.com","NG","US",51625,"3.7387","0.0002",51959,"0.0002"
"www.sensornewsonline.com.ng","NG","GB",171316,"3.7387","0.0006",171164,"0.0006"
"www.sharpedgenews.com","NG","US",130027,"3.7387","0.0005",130027,"0.0005"
"www.theabujainquirer.com","NG","US",80663,"3.7387","0.0003",80663,"0.0003"
"www.thebreakingtimes.com","NG","US",121248,"3.7387","0.0004",121092,"0.0004"
"www.thecable.ng","NG","US",173505,"3.7387","0.0006",173505,"0.0006"
"www.theheartlander.com","NG","US",179027,"3.7387","0.0006",180364,"0.0006"
"www.theheraldnews.info","NG","US",141393,"3.7387","0.0005",141393,"0.0005"
"www.theheraldng.com","NG","US",134568,"3.7387","0.0005",134899,"0.0005"
"www.theinfostrides.com","NG","US",139137,"3.7387","0.0005",139137,"0.0005"
"www.thenewswriterng.com","NG","US",74879,"3.7387","0.0003",74879,"0.0003"
"www.thenigerianvoice.com","NG","US",32790,"3.7387","0.0001",41055,"0.0001"
"www.thetidenewsonline.com","NG","US",46486,"3.7387","0.0002",299988,"0.0010"
"www.thisdaylive.com","NG","US",262376,"3.7387","0.0009",262739,"0.0009"
"www.tribune.com.ng","NG","SG",135478,"3.7387","0.0005",135478,"0.0005"
"www.turenchi.com","NG","US",116274,"3.7387","0.0004",116274,"0.0004"
"www.tvcontinental.tv","NG","US",189877,"3.7387","0.0007",189877,"0.0007"
"www.urhobotimes.com","NG","US",18165,"3.7387","0.0001",18097,"0.0001"
"www.vanguardngr.com","NG","US",120309,"3.7387","0.0004",184525,"0.0006"
"www.view.com.ng","NG","DE",9197,"3.7387","0.0000",9298,"0.0000"
"www.yazonaija.com","NG","US",4933,"3.7387","0.0000",4933,"0.0000"
"www.yohaig.com","NG","US",44531,"3.7387","0.0002",44531,"0.0002"
"www.younewsng.com","NG","US",132431,"3.7387","0.0005",132431,"0.0005"
"ynaija.com","NG","US",154296,"3.7387","0.0005",155983,"0.0005"
"reunion.la1ere.fr","RE","EU",151869,NULL,NULL,151869,NULL
"www.antennereunion.fr","RE","FR",343723,NULL,NULL,343723,NULL
"www.ipreunion.com","RE","FR",101410,NULL,NULL,101410,NULL
"www.temoignages.re","RE","FR",25455,NULL,NULL,35101,NULL
"focus.rw","RW","US",52320,"3.1964","0.0002",52320,"0.0002"
"imvahonshya.co.rw","RW","US",92360,"3.1964","0.0003",92360,"0.0003"
"rwandawire.com","RW","US",37271,"3.1964","0.0001",37271,"0.0001"
"www.newsofrwanda.com","RW","US",60956,"3.1964","0.0002",60956,"0.0002"
"www.newtimes.co.rw","RW","US",49604,"3.1964","0.0001",49604,"0.0001"
"www.rba.co.rw","RW","RW",66344,"3.1964","0.0002",66344,"0.0002"
"www.rnanews.com","RW","DK",25576,"3.1964","0.0001",25576,"0.0001"
"www.therwandan.com","RW","FR",513906,"3.1964","0.0015",513906,"0.0015"
"www.nation.sc","SC","FR",34778,"19.1981","0.0006",34778,"0.0006"
"www.sbc.sc","SC","SC",26557,"19.1981","0.0005",26557,"0.0005"
"www.seychellesnewsagency.com","SC","DE",12771,"19.1981","0.0002",28172,"0.0005"
"www.seychellesweekly.com","SC","US",83453,"19.1981","0.0015",83453,"0.0015"
"assudan.net","SD","US",153109,"5.5690","0.0008",153109,"0.0008"
"news.sudanvisiondaily.com","SD","US",6907,"5.5690","0.0000",6371,"0.0000"
"suna-sd.net","SD","SD",72570,"5.5690","0.0004",72570,"0.0004"
"www.almshaheer.com","SD","DE",67683,"5.5690","0.0004",67683,"0.0004"
"www.alsahafa.info","SD","US",18662,"5.5690","0.0001",18594,"0.0001"
"www.rayaam.net","SD","US",62849,"5.5690","0.0003",69730,"0.0004"
"www.sudanile.com","SD","GB",15447,"5.5690","0.0001",15447,"0.0001"
"www.sudanjem.com","SD","NL",257152,"5.5690","0.0013",257152,"0.0013"
"www.sudantribune.com","SD","FR",36484,"5.5690","0.0002",36484,"0.0002"
"www.sudantribune.net","SD","FR",58394,"5.5690","0.0003",58394,"0.0003"
"sthelenaonline.org","SH","GB",110433,NULL,NULL,110433,NULL
"www.ascension-island.gov.ac","SH","GB",71473,NULL,NULL,71442,NULL
"www.saint.fm","SH","GB",66310,NULL,NULL,66293,NULL
"www.sainthelena.gov.sh","SH","GB",86856,NULL,NULL,86856,NULL
"awoko.org","SL","US",34704,"10.5184","0.0003",34704,"0.0003"
"newctzen.com","SL","GB",62872,"10.5184","0.0006",69751,"0.0007"
"politicosl.com","SL","US",67031,"10.5184","0.0007",67031,"0.0007"
"radiodemocracy.sl","SL","NL",97259,"10.5184","0.0010",97259,"0.0010"
"salonepost.com","SL","US",11652,"10.5184","0.0001",11652,"0.0001"
"slconcordtimes.com","SL","US",53408,"10.5184","0.0005",53408,"0.0005"
"slpublicopinion.wordpress.com","SL","US",54648,"10.5184","0.0005",57425,"0.0006"
"standardtimespress.org","SL","BG",56534,"10.5184","0.0006",56534,"0.0006"
"thenewrisingsun.net","SL","US",28734,"10.5184","0.0003",28734,"0.0003"
"www.apctimes.com","SL","US",66446,"10.5184","0.0007",66446,"0.0007"
"www.cottontreenews.org","SL","CH",18902,"10.5184","0.0002",18902,"0.0002"
"www.critiqueecho.com","SL","DK",151310,"10.5184","0.0015",151241,"0.0015"
"www.expotimesonline.net","SL","CA",47124,"10.5184","0.0005",46731,"0.0005"
"www.ktvsl.com","SL","BG",78729,"10.5184","0.0008",78515,"0.0008"
"www.palmtreereports.com","SL","VG",16368,"10.5184","0.0002",27482,"0.0003"
"www.premiermedia.sl","SL","US",32191,"10.5184","0.0003",32191,"0.0003"
"www.salonereporter.net","SL","US",20134,"10.5184","0.0002",20134,"0.0002"
"www.salonetoday.com","SL","IL",122305,"10.5184","0.0012",122305,"0.0012"
"www.sierraexpressmedia.com","SL","GB",160943,"10.5184","0.0016",162744,"0.0016"
"www.sierraherald.com","SL","GB",104647,"10.5184","0.0010",104647,"0.0010"
"www.sierraleonenews.net","SL","US",24392,"10.5184","0.0002",24392,"0.0002"
"www.sierraleonepress.com","SL","US",39313,"10.5184","0.0004",39313,"0.0004"
"www.sierraleonetimes.com","SL","US",22811,"10.5184","0.0002",22811,"0.0002"
"www.statehouse.gov.sl","SL","US",54605,"10.5184","0.0005",54931,"0.0005"
"www.switsalone.com","SL","US",109578,"10.5184","0.0011",109077,"0.0011"
"www.thenewpeople.com","SL","US",13587,"10.5184","0.0001",13587,"0.0001"
"www.thepatrioticvanguard.com","SL","FR",37955,"10.5184","0.0004",37955,"0.0004"
"www.thesierraleonetelegraph.com","SL","US",385690,"10.5184","0.0038",385690,"0.0038"
"www.thisissierraleone.com","SL","US",286800,"10.5184","0.0028",286660,"0.0028"
"www.voice-of-binkongoh.info","SL","US",163684,"10.5184","0.0016",163684,"0.0016"
"news.google.com","SN","US",593488,"7.1884","0.0040",1116160,"0.0075"
"senego.com","SN","US",125606,"7.1884","0.0008",125976,"0.0008"
"www.actusen.com","SN","FR",245156,"7.1884","0.0016",245859,"0.0016"
"www.aps.sn","SN","FR",96615,"7.1884","0.0006",96615,"0.0006"
"www.arenebi.com","SN","CA",274414,"7.1884","0.0018",274692,"0.0018"
"www.au-senegal.com","SN","FR",92700,"7.1884","0.0006",92700,"0.0006"
"www.dakaractu.com","SN","FR",202147,"7.1884","0.0014",202152,"0.0014"
"www.enqueteplus.com","SN","EU",130951,"7.1884","0.0009",130951,"0.0009"
"www.homeviewsenegal.com","SN","US",245942,"7.1884","0.0016",246817,"0.0017"
"www.igfm.sn","SN","GB",102580,"7.1884","0.0007",102580,"0.0007"
"www.lequotidien.sn","SN","US",236478,"7.1884","0.0016",236273,"0.0016"
"www.leral.net","SN","FR",131442,"7.1884","0.0009",131454,"0.0009"
"www.lesoleil.sn","SN","CH",349936,"7.1884","0.0023",349936,"0.0023"
"www.leuksenegal.com","SN","US",36103,"7.1884","0.0002",460745,"0.0031"
"www.rts.sn","SN","IT",39858,"7.1884","0.0003",41011,"0.0003"
"www.sen24heures.com","SN","FR",77981,"7.1884","0.0005",77981,"0.0005"
"www.sen360.com","SN","FR",202130,"7.1884","0.0014",202079,"0.0014"
"www.senenews.com","SN","DE",164027,"7.1884","0.0011",164027,"0.0011"
"www.senetoile.net","SN","GB",394283,"7.1884","0.0026",394283,"0.0026"
"www.seneweb.com","SN","US",309131,"7.1884","0.0021",244946,"0.0016"
"www.sudonline.sn","SN","US",143170,"7.1884","0.0010",143170,"0.0010"
"www.walf-groupe.com","SN","FR",37428,"7.1884","0.0003",345292,"0.0023"
"xalimasn.com","SN","US",369292,"7.1884","0.0025",369292,"0.0025"
"allsbc.com","SO","US",51644,NULL,NULL,51644,NULL
"diplomat.so","SO","BG",130381,NULL,NULL,130381,NULL
"haatuf.net","SO","US",48614,NULL,NULL,48614,NULL
"puntlandi.com","SO","DK",145782,NULL,NULL,145782,NULL
"puntlandnews24.com","SO","US",103046,NULL,NULL,103046,NULL
"somaliaone.net","SO","BG",112922,NULL,NULL,112922,NULL
"somalilandpress.com","SO","US",67769,NULL,NULL,197751,NULL
"spr.fm","SO","US",10933,NULL,NULL,19160,NULL
"www.africasports.net","SO","BG",109084,NULL,NULL,109084,NULL
"www.afrol.com","SO","NO",65962,NULL,NULL,65962,NULL
"www.allpuntland.com","SO","DK",93940,NULL,NULL,93940,NULL
"www.allsomali.com","SO","US",10518,NULL,NULL,10401,NULL
"www.banadir.com","SO","CA",458412,NULL,NULL,458412,NULL
"www.ceelqaboobe.com","SO","US",147928,NULL,NULL,147928,NULL
"www.garoweonline.com","SO","SG",119188,NULL,NULL,119188,NULL
"www.hiiraan.com","SO","US",83092,NULL,NULL,83092,NULL
"www.puntlandpost.com","SO","US",126183,NULL,NULL,115477,NULL
"www.radiomuqdisho.net","SO","SO",209153,NULL,NULL,209153,NULL
"www.somalilandsun.com","SO","NL",54353,NULL,NULL,317247,NULL
"www.wardheernews.com","SO","US",100983,NULL,NULL,100983,NULL
"almaugif.com","SS","US",218412,"6.5254","0.0013",218412,"0.0013"
"eyeradio.org","SS","SG",41664,"6.5254","0.0003",41664,"0.0003"
"sosanews.com","SS","US",31100,"6.5254","0.0002",31590,"0.0002"
"southsudantoday.net","SS","US",5153,"6.5254","0.0000",1104,"0.0000"
"southsudantribune.org","SS","US",46218,"6.5254","0.0003",46218,"0.0003"
"www.bakhitaradio.org","SS","AU",54595,"6.5254","0.0003",54595,"0.0003"
"www.gurtong.net","SS","GB",193420,"6.5254","0.0012",193264,"0.0012"
"www.newsudanvision.com","SS","CA",33414,"6.5254","0.0002",33414,"0.0002"
"www.southsudannation.com","SS","US",97971,"6.5254","0.0006",98105,"0.0006"
"www.southsudannewsagency.com","SS","US",5015,"6.5254","0.0000",5015,"0.0000"
"www.southsudantoday.net","SS","US",5157,"6.5254","0.0000",1104,"0.0000"
"www.sudantribune.com","SS","FR",36484,"6.5254","0.0002",36484,"0.0002"
"www.sudantribune.net","SS","FR",58394,"6.5254","0.0004",58394,"0.0004"
"www.stp-press.st","ST","BG",47541,"9.6476","0.0004",347471,"0.0031"
"www.stpdigital.net","ST","PT",138842,"9.6476","0.0012",138272,"0.0012"
"www.telanon.info","ST","FR",67413,"9.6476","0.0006",67413,"0.0006"
"www.vitrina.st","ST","SE",336388,"9.6476","0.0030",336388,"0.0030"
"siyimbali.com","SZ","US",58413,NULL,NULL,58413,NULL
"www.observer.org.sz","SZ","SZ",37763,NULL,NULL,37746,NULL
"www.times.co.sz","SZ","SZ",41351,NULL,NULL,41351,NULL
"tchadinfos.com","TD","US",153097,"21.5484","0.0031",153097,"0.0031"
"www.alwihdainfo.com","TD","FR",150080,"21.5484","0.0030",150080,"0.0030"
"www.journaldutchad.com","TD","FR",79433,"21.5484","0.0016",79433,"0.0016"
"www.tchadactuel.com","TD","US",71832,"21.5484","0.0014",71832,"0.0014"
"atoptogo.blogspot.com","TG","US",31594,"8.5296","0.0003",28258,"0.0002"
"lalternative-togo.com","TG","US",63121,"8.5296","0.0005",70002,"0.0006"
"letempstg.com","TG","US",152608,"8.5296","0.0012",733375,"0.0058"
"togozine.com","TG","US",322743,"8.5296","0.0026",322177,"0.0026"
"tvt.tg","TG","US",101396,"8.5296","0.0008",101356,"0.0008"
"www.alome.com","TG","US",60459,"8.5296","0.0005",60459,"0.0005"
"www.etiame.com","TG","FR",168664,"8.5296","0.0013",168723,"0.0013"
"www.focusinfos.net","TG","FR",70574,"8.5296","0.0006",70574,"0.0006"
"www.icilome.com","TG","CA",77282,"8.5296","0.0006",168450,"0.0013"
"www.lomecite.com","TG","IN",42936,"8.5296","0.0003",42936,"0.0003"
"www.lomeinfos.com","TG","US",74447,"8.5296","0.0006",73342,"0.0006"
"www.radiogameli.com","TG","DK",74983,"8.5296","0.0006",74983,"0.0006"
"www.radiolome.tg","TG","US",235161,"8.5296","0.0019",235161,"0.0019"
"www.togoactualite.com","TG","FR",152547,"8.5296","0.0012",152547,"0.0012"
"www.tultogo.com","TG","FR",10232,"8.5296","0.0001",10232,"0.0001"
"ar.leaders.com.tn","TN","FR",61005,"2.9269","0.0002",59467,"0.0002"
"www.assabah.com.tn","TN","FR",142248,"2.9269","0.0004",142248,"0.0004"
"www.attounissia.com.tn","TN","DE",1765,"2.9269","0.0000",1986,"0.0000"
"www.babnet.net","TN","US",60325,"2.9269","0.0002",277811,"0.0008"
"www.gnet.tn","TN","TN",99706,"2.9269","0.0003",99706,"0.0003"
"www.infotunisie.com","TN","FR",49180,"2.9269","0.0001",49180,"0.0001"
"www.lapresse.tn","TN","TN",55540,"2.9269","0.0002",55540,"0.0002"
"www.leaders.com.tn","TN","FR",65613,"2.9269","0.0002",65613,"0.0002"
"www.leconomistemaghrebin.com","TN","FR",112095,"2.9269","0.0003",120307,"0.0003"
"www.lemaghreb.tn","TN","GB",167528,"2.9269","0.0005",167529,"0.0005"
"www.letemps.com.tn","TN","FR",65543,"2.9269","0.0002",65543,"0.0002"
"www.lexpertjournal.net","TN","FR",73256,"2.9269","0.0002",73256,"0.0002"
"www.radiotunis.com","TN","US",32237,"2.9269","0.0001",32237,"0.0001"
"www.realites.com.tn","TN","US",78844,"2.9269","0.0002",78846,"0.0002"
"www.tunisiaonlinenews.com","TN","US",32301,"2.9269","0.0001",32298,"0.0001"
"www.tunisiefocus.com","TN","FR",70126,"2.9269","0.0002",70126,"0.0002"
"www.tunivisions.net","TN","FR",216332,"2.9269","0.0006",216332,"0.0006"
"www.watania1.tn","TN","NL",64801,"2.9269","0.0002",64801,"0.0002"
"jamboleonews.blogspot.com","TZ","US",22250,"3.3433","0.0001",19080,"0.0001"
"majira-hall.blogspot.com","TZ","US",85006,"3.3433","0.0003",85007,"0.0003"
"mtanzania.co.tz","TZ","CA",77564,"3.3433","0.0002",77565,"0.0002"
"mzalendo.net","TZ","US",96814,"3.3433","0.0003",96742,"0.0003"
"news.google.com","TZ","US",593301,"3.3433","0.0018",1117385,"0.0035"
"startvtz.com","TZ","US",31147,"3.3433","0.0001",31151,"0.0001"
"www.arushatimes.co.tz","TZ","DE",9393,"3.3433","0.0000",9310,"0.0000"
"www.businesstimes.co.tz","TZ","DE",9240,"3.3433","0.0000",9328,"0.0000"
"www.dailynews.co.tz","TZ","US",158163,"3.3433","0.0005",158163,"0.0005"
"www.freemedia.co.tz","TZ","SE",46257,"3.3433","0.0001",46264,"0.0001"
"www.habarileo.co.tz","TZ","US",131093,"3.3433","0.0004",130735,"0.0004"
"www.magazetini.com","TZ","US",42970,"3.3433","0.0001",42742,"0.0001"
"www.mwanahalisi.co.tz","TZ","US",35637,"3.3433","0.0001",35637,"0.0001"
"www.mwananchi.co.tz","TZ","GB",102611,"3.3433","0.0003",102611,"0.0003"
"www.mwanaspoti.co.tz","TZ","GB",84868,"3.3433","0.0003",84868,"0.0003"
"www.nifahamishe.com","TZ","US",79276,"3.3433","0.0002",79276,"0.0002"
"www.raiamwema.co.tz","TZ","CA",33339,"3.3433","0.0001",210449,"0.0007"
"www.tanzaniatoday.co.tz","TZ","US",364225,"3.3433","0.0011",364225,"0.0011"
"www.tbc.go.tz","TZ","TZ",64515,"3.3433","0.0002",64515,"0.0002"
"www.thecitizen.co.tz","TZ","GB",94835,"3.3433","0.0003",94835,"0.0003"
"www.theeastafrican.co.ke","TZ","US",58507,"3.3433","0.0002",58507,"0.0002"
"abcafricanews.com","UG","US",91168,"6.8062","0.0006",91150,"0.0006"
"bbstv.ug","UG","US",63797,"6.8062","0.0004",63796,"0.0004"
"capitalradio.co.ug","UG","US",84269,"6.8062","0.0005",85013,"0.0005"
"dailypost.ug","UG","US",106926,"6.8062","0.0007",106926,"0.0007"
"eagle.co.ug","UG","US",49593,"6.8062","0.0003",144504,"0.0009"
"kampalasun.co.ug","UG","US",164250,"6.8062","0.0010",164250,"0.0010"
"kfm.co.ug","UG","US",20899,"6.8062","0.0001",20899,"0.0001"
"nbs.ug","UG","US",211969,"6.8062","0.0013",211969,"0.0013"
"news.google.com","UG","US",595205,"6.8062","0.0038",1119079,"0.0071"
"newslexpoint.com","UG","GB",366603,"6.8062","0.0023",368540,"0.0023"
"radioonefm90.com","UG","MU",44528,"6.8062","0.0003",44528,"0.0003"
"theinsider.ug","UG","US",172770,"6.8062","0.0011",172770,"0.0011"
"theinvestigatornews.com","UG","US",57436,"6.8062","0.0004",261270,"0.0017"
"tvwest.co.ug","UG","US",171920,"6.8062","0.0011",171601,"0.0011"
"ubc.ug","UG","US",61027,"6.8062","0.0004",143110,"0.0009"
"ugandaradionetwork.com","UG","US",142892,"6.8062","0.0009",142892,"0.0009"
"www.acholitimes.com","UG","US",65077,"6.8062","0.0004",65190,"0.0004"
"www.akaboozi.fm","UG","MU",85108,"6.8062","0.0005",85109,"0.0005"
"www.bugandawatch.com","UG","US",71318,"6.8062","0.0005",71318,"0.0005"
"www.bukedde.co.ug","UG","SG",105596,"6.8062","0.0007",105596,"0.0007"
"www.independent.co.ug","UG","GB",99094,"6.8062","0.0006",99094,"0.0006"
"www.kawowo.com","UG","CA",125302,"6.8062","0.0008",125302,"0.0008"
"www.mediacentre.go.ug","UG","DE",58713,"6.8062","0.0004",58713,"0.0004"
"www.monitor.co.ug","UG","GB",107965,"6.8062","0.0007",107965,"0.0007"
"www.newvision.co.ug","UG","SG",133454,"6.8062","0.0008",133454,"0.0008"
"www.ntv.co.ug","UG","US",115525,"6.8062","0.0007",115525,"0.0007"
"www.observer.ug","UG","US",54975,"6.8062","0.0003",54975,"0.0003"
"www.radiowa.org","UG","IT",37158,"6.8062","0.0002",37159,"0.0002"
"www.ugandanews.net","UG","US",24080,"6.8062","0.0002",24080,"0.0002"
"xpresstimes.co.ug","UG","US",181168,"6.8062","0.0011",181156,"0.0011"
"lejournaldemayotte.com","YT","FR",45081,NULL,NULL,103745,NULL
"mayotte.la1ere.fr","YT","EU",203204,NULL,NULL,203204,NULL
"www.malango-actualite.fr","YT","FR",11313,NULL,NULL,11313,NULL
"www.mayotte-observer.com","YT","VG",1149,NULL,NULL,27893,NULL
"www.mayottehebdo.com","YT","FR",42353,NULL,NULL,42353,NULL
"africanreporter.co.za","ZA","US",125084,"11.1144","0.0013",284838,"0.0029"
"albertonrecord.co.za","ZA","US",125850,"11.1144","0.0013",288300,"0.0030"
"alexnews.co.za","ZA","US",106785,"11.1144","0.0011",279804,"0.0029"
"bedfordviewedenvalenews.co.za","ZA","US",125530,"11.1144","0.0013",268275,"0.0028"
"benonicitytimes.co.za","ZA","US",111766,"11.1144","0.0012",291721,"0.0030"
"bereamail.co.za","ZA","US",105849,"11.1144","0.0011",276650,"0.0029"
"boksburgadvertiser.co.za","ZA","US",111327,"11.1144","0.0012",298218,"0.0031"
"brakpanherald.co.za","ZA","US",109681,"11.1144","0.0011",279509,"0.0029"
"buzzsouthafrica.com","ZA","US",113911,"11.1144","0.0012",114794,"0.0012"
"citizen.co.za","ZA","ZA",229326,"11.1144","0.0024",229326,"0.0024"
"citybuzz.co.za","ZA","US",104980,"11.1144","0.0011",242911,"0.0025"
"comarochronicle.co.za","ZA","US",113073,"11.1144","0.0012",287477,"0.0030"
"dieson.mobi","ZA","ZA",35661,"11.1144","0.0004",60738,"0.0006"
"ewn.co.za","ZA","ZA",218312,"11.1144","0.0023",223137,"0.0023"
"fourwaysreview.co.za","ZA","US",111157,"11.1144","0.0012",293549,"0.0030"
"germistoncitynews.co.za","ZA","US",112632,"11.1144","0.0012",297788,"0.0031"
"highwaymail.co.za","ZA","US",110918,"11.1144","0.0011",283497,"0.0029"
"isoexpress.co.za","ZA","ZA",61008,"11.1144","0.0006",112472,"0.0012"
"joburgeastexpress.co.za","ZA","US",110677,"11.1144","0.0011",280935,"0.0029"
"kemptonexpress.co.za","ZA","US",109070,"11.1144","0.0011",294861,"0.0031"
"krugersdorpnews.co.za","ZA","US",109238,"11.1144","0.0011",291021,"0.0030"
"ladysmithgazette.co.za","ZA","US",108248,"11.1144","0.0011",278671,"0.0029"
"landbou.com","ZA","ZA",74129,"11.1144","0.0008",115110,"0.0012"
"lowvelder.co.za","ZA","US",118074,"11.1144","0.0012",289122,"0.0030"
"maritzburgsun.co.za","ZA","US",110808,"11.1144","0.0011",275624,"0.0029"
"mg.co.za","ZA","US",158182,"11.1144","0.0016",165344,"0.0017"
"midrandreporter.co.za","ZA","US",108328,"11.1144","0.0011",307085,"0.0032"
"mthathaexpress.co.za","ZA","ZA",61008,"11.1144","0.0006",112474,"0.0012"
"newcastleadvertiser.co.za","ZA","US",110744,"11.1144","0.0011",288589,"0.0030"
"news.google.com","ZA","US",593287,"11.1144","0.0061",1118327,"0.0116"
"northcliffmelvilletimes.co.za","ZA","US",128907,"11.1144","0.0013",294438,"0.0030"
"northeasterntribune.co.za","ZA","US",109779,"11.1144","0.0011",294245,"0.0030"
"northglennews.co.za","ZA","US",109408,"11.1144","0.0011",288856,"0.0030"
"polokwaneexpress.co.za","ZA","ZA",101593,"11.1144","0.0011",271022,"0.0028"
"randburgsun.co.za","ZA","US",108373,"11.1144","0.0011",282377,"0.0029"
"rekordcenturion.co.za","ZA","US",123331,"11.1144","0.0013",284396,"0.0029"
"rekordeast.co.za","ZA","US",109838,"11.1144","0.0011",300597,"0.0031"
"risingsunchatsworth.co.za","ZA","US",113047,"11.1144","0.0012",287730,"0.0030"
"sandtonchronicle.co.za","ZA","US",125782,"11.1144","0.0013",296680,"0.0031"
"sandtonmag.co.za","ZA","US",48790,"11.1144","0.0005",48790,"0.0005"
"sedibengster.com","ZA","ZA",63248,"11.1144","0.0007",183572,"0.0019"
"southafricatoday.net","ZA","US",57915,"11.1144","0.0006",196735,"0.0020"
"southcoastherald.co.za","ZA","US",108385,"11.1144","0.0011",284795,"0.0029"
"southcoastsun.co.za","ZA","US",118984,"11.1144","0.0012",277586,"0.0029"
"southlandssun.co.za","ZA","US",103266,"11.1144","0.0011",270923,"0.0028"
"stfrancischronicle.com","ZA","US",63270,"11.1144","0.0007",54361,"0.0006"
"www.702.co.za","ZA","ZA",52644,"11.1144","0.0005",52642,"0.0005"
"www.ann7.com","ZA","ZA",215146,"11.1144","0.0022",215146,"0.0022"
"www.ballitonews.co.za","ZA","US",61123,"11.1144","0.0006",61123,"0.0006"
"www.beeld.com","ZA","ZA",47853,"11.1144","0.0005",126695,"0.0013"
"www.capetalk.co.za","ZA","ZA",52158,"11.1144","0.0005",52158,"0.0005"
"www.carletonvilleherald.com","ZA","ZA",67686,"11.1144","0.0007",184437,"0.0019"
"www.cbn.co.za","ZA","ZA",115408,"11.1144","0.0012",115408,"0.0012"
"www.channelafrica.co.za","ZA","ZA",87863,"11.1144","0.0009",87863,"0.0009"
"www.citypress.co.za","ZA","ZA",17320,"11.1144","0.0002",81373,"0.0008"
"www.cxpress.co.za","ZA","ZA",32777,"11.1144","0.0003",32751,"0.0003"
"www.dailymaverick.co.za","ZA","US",298729,"11.1144","0.0031",298729,"0.0031"
"www.dieburger.com","ZA","ZA",47179,"11.1144","0.0005",126039,"0.0013"
"www.dispatchlive.co.za","ZA","US",214916,"11.1144","0.0022",214916,"0.0022"
"www.districtmail.com","ZA","ZA",56995,"11.1144","0.0006",146063,"0.0015"
"www.durbannews.co.za","ZA","US",431355,"11.1144","0.0045",431355,"0.0045"
"www.eastlondonexpress.co.za","ZA","ZA",61008,"11.1144","0.0006",112793,"0.0012"
"www.ecr.co.za","ZA","US",83660,"11.1144","0.0009",69133,"0.0007"
"www.edenexpress.co.za","ZA","ZA",61008,"11.1144","0.0006",112693,"0.0012"
"www.edgecommunitynews.com","ZA","DE",68000,"11.1144","0.0007",68000,"0.0007"
"www.eikestadnuus.co.za","ZA","ZA",59785,"11.1144","0.0006",148257,"0.0015"
"www.enca.com","ZA","IE",373213,"11.1144","0.0039",137151,"0.0014"
"www.expatica.com","ZA","NL",22374,"11.1144","0.0002",22374,"0.0002"
"www.gbn.co.za","ZA","ZA",66048,"11.1144","0.0007",65900,"0.0007"
"www.georgeherald.com","ZA","ZA",249406,"11.1144","0.0026",332213,"0.0034"
"www.greytown.co.za","ZA","ZA",64189,"11.1144","0.0007",64189,"0.0007"
"www.grocotts.co.za","ZA","ZA",164573,"11.1144","0.0017",164573,"0.0017"
"www.heidelbergnigelheraut.co.za","ZA","US",103914,"11.1144","0.0011",287448,"0.0030"
"www.heraldlive.co.za","ZA","US",238975,"11.1144","0.0025",238975,"0.0025"
"www.hermanustimes.co.za","ZA","ZA",59441,"11.1144","0.0006",145420,"0.0015"
"www.ilanganews.co.za","ZA","ZA",65261,"11.1144","0.0007",65261,"0.0007"
"www.iol.co.za","ZA","US",437012,"11.1144","0.0045",437012,"0.0045"
"www.jbaynews.com","ZA","ZA",140616,"11.1144","0.0015",140616,"0.0015"
"www.kbn.co.za","ZA","ZA",46778,"11.1144","0.0005",46913,"0.0005"
"www.koerant.co.za","ZA","BG",102352,"11.1144","0.0011",102352,"0.0011"
"www.kormorant.co.za","ZA","US",103327,"11.1144","0.0011",278356,"0.0029"
"www.kougaexpress.co.za","ZA","ZA",58914,"11.1144","0.0006",109904,"0.0011"
"www.kwevoel.co.za","ZA","ZA",153995,"11.1144","0.0016",153995,"0.0016"
"www.lenasia-times.co.za","ZA","US",14386,"11.1144","0.0001",14386,"0.0001"
"www.lenzinfo.co.za","ZA","US",65735,"11.1144","0.0007",66625,"0.0007"
"www.netwerk24.com","ZA","ZA",169058,"11.1144","0.0017",263193,"0.0027"
"www.news.co.za","ZA","GB",38848,"11.1144","0.0004",38848,"0.0004"
"www.news24.com","ZA","ZA",141949,"11.1144","0.0015",274962,"0.0028"
"www.noseweek.co.za","ZA","ZA",10182,"11.1144","0.0001",48750,"0.0005"
"www.observer.co.za","ZA","ZA",111304,"11.1144","0.0012",111304,"0.0012"
"www.ofm.co.za","ZA","ZA",270157,"11.1144","0.0028",270157,"0.0028"
"www.paarlpost.co.za","ZA","ZA",55748,"11.1144","0.0006",146430,"0.0015"
"www.pe-express.co.za","ZA","ZA",61008,"11.1144","0.0006",112365,"0.0012"
"www.peoplespost.co.za","ZA","ZA",59391,"11.1144","0.0006",110036,"0.0011"
"www.pmbfever.co.za","ZA","ZA",60010,"11.1144","0.0006",110773,"0.0011"
"www.politicsweb.co.za","ZA","ZA",38536,"11.1144","0.0004",38536,"0.0004"
"www.polity.org.za","ZA","ZA",23947,"11.1144","0.0002",81968,"0.0008"
"www.potchefstroomherald.co.za","ZA","ZA",71700,"11.1144","0.0007",187085,"0.0019"
"www.rapport.co.za","ZA","ZA",58856,"11.1144","0.0006",141198,"0.0015"
"www.risingsunlenasia.co.za","ZA","US",105525,"11.1144","0.0011",269284,"0.0028"
"www.sabc.co.za","ZA","ZA",108362,"11.1144","0.0011",108361,"0.0011"
"www.sagoodnews.co.za","ZA","DE",102782,"11.1144","0.0011",103615,"0.0011"
"www.sake24.com","ZA","ZA",85738,"11.1144","0.0009",194872,"0.0020"
"www.southafrica.info","ZA","ZA",115146,"11.1144","0.0012",115139,"0.0012"
"www.southafrica2day.com","ZA","US",6914,"11.1144","0.0001",9945,"0.0001"
"www.sowetanlive.co.za","ZA","US",211101,"11.1144","0.0022",211102,"0.0022"
"www.sport24.co.za","ZA","ZA",115507,"11.1144","0.0012",150073,"0.0016"
"www.sportelizabeth.co.za","ZA","ZA",70440,"11.1144","0.0007",70440,"0.0007"
"www.sunshinecoastexpress.co.za","ZA","ZA",60584,"11.1144","0.0006",112386,"0.0012"
"www.supersport.com","ZA","ZA",37671,"11.1144","0.0004",148965,"0.0015"
"www.theannouncer.co.za","ZA","ZA",194977,"11.1144","0.0020",195097,"0.0020"
"www.thebugle.co.za","ZA","ZA",26838,"11.1144","0.0003",142848,"0.0015"
"www.thenewage.co.za","ZA","ZA",194642,"11.1144","0.0020",194642,"0.0020"
"www.thenewspaper.co.za","ZA","US",262423,"11.1144","0.0027",263355,"0.0027"
"www.timeslive.co.za","ZA","US",139057,"11.1144","0.0014",194784,"0.0020"
"www.tygerburger.co.za","ZA","ZA",52451,"11.1144","0.0005",137649,"0.0014"
"www.ud-news.co.za","ZA","ZA",59898,"11.1144","0.0006",111143,"0.0012"
"www.umhlanganews.co.za","ZA","US",80017,"11.1144","0.0008",80017,"0.0008"
"www.vaalweekblad.com","ZA","ZA",79348,"11.1144","0.0008",175084,"0.0018"
"www.vocfm.co.za","ZA","DE",79864,"11.1144","0.0008",79864,"0.0008"
"www.volksblad.com","ZA","ZA",59478,"11.1144","0.0006",142587,"0.0015"
"www.weslander.co.za","ZA","ZA",58905,"11.1144","0.0006",148109,"0.0015"
"www.zoutnet.co.za","ZA","ZA",58630,"11.1144","0.0006",58630,"0.0006"
"zululandobserver.co.za","ZA","US",126576,"11.1144","0.0013",281240,"0.0029"
"breezefmchipata.com","ZM","DK",36665,"16.4945","0.0006",36658,"0.0006"
"lusakastar.com","ZM","DE",105056,"16.4945","0.0016",105056,"0.0016"
"lusakavoice.com","ZM","US",154648,"16.4945","0.0024",154598,"0.0024"
"maravi.blogspot.com","ZM","US",49383,"16.4945","0.0008",261270,"0.0040"
"theglobenewspaper.blogspot.com","ZM","US",22880,"16.4945","0.0004",286529,"0.0044"
"ukzambians.co.uk","ZM","NL",40356,"16.4945","0.0006",71355,"0.0011"
"www.chikuniradiozm.org","ZM","US",24246,"16.4945","0.0004",35057,"0.0005"
"www.daily-mail.co.zm","ZM","ZM",91223,"16.4945","0.0014",91189,"0.0014"
"www.dailynation.news","ZM","US",94140,"16.4945","0.0014",94140,"0.0014"
"www.flavafm.co.zm","ZM","US",45300,"16.4945","0.0007",45300,"0.0007"
"www.kitwetimes.com","ZM","US",52212,"16.4945","0.0008",52212,"0.0008"
"www.lusakatimes.com","ZM","US",267029,"16.4945","0.0041",222794,"0.0034"
"www.miningnewszambia.com","ZM","ZA",93983,"16.4945","0.0014",93983,"0.0014"
"www.muvitv.com","ZM","US",33883,"16.4945","0.0005",231791,"0.0036"
"www.mwebantu.news","ZM","US",270279,"16.4945","0.0042",270279,"0.0042"
"www.openzambia.com","ZM","US",25092,"16.4945","0.0004",64493,"0.0010"
"www.pgzambia.com","ZM","GB",32308,"16.4945","0.0005",32308,"0.0005"
"www.qfmzambia.com","ZM","US",83129,"16.4945","0.0013",83907,"0.0013"
"www.radiomaria.org.zm","ZM","IT",62955,"16.4945","0.0010",62955,"0.0010"
"www.talk90point5.co.zm","ZM","ZM",33213,"16.4945","0.0005",33213,"0.0005"
"www.techtrends.co.zm","ZM","GB",165182,"16.4945","0.0025",165182,"0.0025"
"www.themastonline.com","ZM","ZA",97515,"16.4945","0.0015",97515,"0.0015"
"www.times.co.zm","ZM","ZA",57668,"16.4945","0.0009",57668,"0.0009"
"www.tumfweko.com","ZM","US",93370,"16.4945","0.0014",93371,"0.0014"
"www.zambiainvest.com","ZM","IT",66031,"16.4945","0.0010",66031,"0.0010"
"www.zambian-economist.com","ZM","US",37322,"16.4945","0.0006",117135,"0.0018"
"www.zambian.com","ZM","US",41097,"16.4945","0.0006",41097,"0.0006"
"www.zambianews.net","ZM","US",24124,"16.4945","0.0004",24124,"0.0004"
"www.zambianewsonline.com","ZM","DE",277588,"16.4945","0.0043",277588,"0.0043"
"www.zambianintelligencenews.com","ZM","US",65002,"16.4945","0.0010",65004,"0.0010"
"www.zambianobserver.com","ZM","US",175267,"16.4945","0.0027",175267,"0.0027"
"www.zambianpolitics.com","ZM","GB",91905,"16.4945","0.0014",91904,"0.0014"
"www.zambiawatchdog.com","ZM","US",104188,"16.4945","0.0016",104188,"0.0016"
"www.znbc.co.zm","ZM","US",119327,"16.4945","0.0018",119291,"0.0018"
"zambia-times.com","ZM","GB",85515,"16.4945","0.0013",85515,"0.0013"
"zambia24.com","ZM","US",49336,"16.4945","0.0008",49336,"0.0008"
"zambiabusinesstimes.com","ZM","ZA",257078,"16.4945","0.0039",257080,"0.0039"
"zambianewsnetwork.com","ZM","US",41668,"16.4945","0.0006",41668,"0.0006"
"zambianeye.com","ZM","US",32883,"16.4945","0.0005",119966,"0.0018"
"zambiareports.com","ZM","GB",60815,"16.4945","0.0009",60815,"0.0009"
"263chat.com","ZW","US",243528,"31.6667","0.0072",243510,"0.0072"
"bulawayo24.com","ZW","GB",62475,"31.6667","0.0018",82171,"0.0024"
"hmetro.co.zw","ZW","US",90957,"31.6667","0.0027",90957,"0.0027"
"iharare.com","ZW","US",132265,"31.6667","0.0039",135481,"0.0040"
"kwekwebiz.com","ZW","US",155208,"31.6667","0.0046",155208,"0.0046"
"manicapost.co.zw","ZW","US",206176,"31.6667","0.0061",208569,"0.0062"
"nehandaradio.com","ZW","US",177984,"31.6667","0.0052",177037,"0.0052"
"nehandatv.com","ZW","US",88381,"31.6667","0.0026",88401,"0.0026"
"news.google.com","ZW","US",598860,"31.6667","0.0177",1104771,"0.0326"
"newsofthesouth.com","ZW","GB",69050,"31.6667","0.0020",69050,"0.0020"
"newsvyb.com","ZW","US",10531,"31.6667","0.0003",10531,"0.0003"
"newzimbabwevision.com","ZW","DE",70266,"31.6667","0.0021",70266,"0.0021"
"nhasimugweru.blogspot.com","ZW","US",43152,"31.6667","0.0013",125619,"0.0037"
"patsakacommunityradio.org","ZW","US",97975,"31.6667","0.0029",97942,"0.0029"
"source.co.zw","ZW","US",123548,"31.6667","0.0036",123548,"0.0036"
"sportbrief.co.zw","ZW","GB",203206,"31.6667","0.0060",203206,"0.0060"
"thepeoplesvoice.org.zw","ZW","GB",83539,"31.6667","0.0025",83539,"0.0025"
"thesoutherndaily.co.zw","ZW","US",92642,"31.6667","0.0027",93207,"0.0027"
"thezimbabwemail.com","ZW","US",374925,"31.6667","0.0111",374925,"0.0111"
"victoriafalls24.com","ZW","ZA",215007,"31.6667","0.0063",215483,"0.0064"
"www.3-mob.com","ZW","US",83224,"31.6667","0.0025",83745,"0.0025"
"www.b-metro.co.zw","ZW","ZA",62729,"31.6667","0.0018",62729,"0.0018"
"www.bh24.co.zw","ZW","US",169461,"31.6667","0.0050",169591,"0.0050"
"www.bizday.co.zw","ZW","",19355,"31.6667","0.0006",19355,"0.0006"
"www.businessdaily.co.zw","ZW","GB",48154,"31.6667","0.0014",48127,"0.0014"
"www.chronicle.co.zw","ZW","US",130692,"31.6667","0.0039",130692,"0.0039"
"www.financialgazette.co.zw","ZW","ZA",96652,"31.6667","0.0029",96652,"0.0029"
"www.harare24.com","ZW","GB",18197,"31.6667","0.0005",57136,"0.0017"
"www.hararenews.co.zw","ZW","GB",300485,"31.6667","0.0089",300485,"0.0089"
"www.herald.co.zw","ZW","US",154877,"31.6667","0.0046",154877,"0.0046"
"www.insiderzim.com","ZW","CA",48838,"31.6667","0.0014",48838,"0.0014"
"www.kwayedza.co.zw","ZW","US",61389,"31.6667","0.0018",61389,"0.0018"
"www.masvingomirror.com","ZW","US",286436,"31.6667","0.0084",310202,"0.0091"
"www.mybulawayo.com","ZW","NL",65409,"31.6667","0.0019",65409,"0.0019"
"www.myzimbabwe.co.zw","ZW","US",239725,"31.6667","0.0071",240369,"0.0071"
"www.newsday.co.zw","ZW","BG",200035,"31.6667","0.0059",201676,"0.0059"
"www.newsdzezimbabwe.co.uk","ZW","US",43732,"31.6667","0.0013",207191,"0.0061"
"www.newzimbabwe.com","ZW","GB",113572,"31.6667","0.0033",113572,"0.0033"
"www.radiovop.com","ZW","ZA",57504,"31.6667","0.0017",57536,"0.0017"
"www.soccer24.co.zw","ZW","GB",54948,"31.6667","0.0016",54947,"0.0016"
"www.southerneye.co.zw","ZW","BG",50624,"31.6667","0.0015",97245,"0.0029"
"www.sundaymail.co.zw","ZW","US",182380,"31.6667","0.0054",182526,"0.0054"
"www.sundaynews.co.zw","ZW","ZA",91417,"31.6667","0.0027",91417,"0.0027"
"www.technomag.co.zw","ZW","US",133818,"31.6667","0.0039",133853,"0.0039"
"www.techzim.co.zw","ZW","GB",152867,"31.6667","0.0045",152853,"0.0045"
"www.tellzim.com","ZW","US",153799,"31.6667","0.0045",154039,"0.0045"
"www.thebusinessconnect.co.zw","ZW","US",89919,"31.6667","0.0027",89921,"0.0027"
"www.theindependent.co.zw","ZW","BG",92144,"31.6667","0.0027",92143,"0.0027"
"www.thepatriot.co.zw","ZW","ZA",174452,"31.6667","0.0051",174452,"0.0051"
"www.thestandard.co.zw","ZW","BG",71446,"31.6667","0.0021",71445,"0.0021"
"www.thezimbabwean.co","ZW","US",90309,"31.6667","0.0027",90309,"0.0027"
"www.thezimbabwedaily.com","ZW","GB",45964,"31.6667","0.0014",45963,"0.0014"
"www.thezimbabwenewslive.com","ZW","US",92671,"31.6667","0.0027",92671,"0.0027"
"www.umthunywa.co.zw","ZW","ZA",82975,"31.6667","0.0024",82975,"0.0024"
"www.voandebele.com","ZW","NL",66752,"31.6667","0.0020",66750,"0.0020"
"www.voashona.com","ZW","NL",62395,"31.6667","0.0018",62396,"0.0018"
"www.voazimbabwe.com","ZW","NL",65326,"31.6667","0.0019",65329,"0.0019"
"www.zbc.co.zw","ZW","US",139875,"31.6667","0.0041",140142,"0.0041"
"www.zimbabwebusinessnews.com","ZW","US",7314,"31.6667","0.0002",7314,"0.0002"
"www.zimbabwelatestnews.net","ZW","US",187150,"31.6667","0.0055",187150,"0.0055"
"www.zimbabwenews.net","ZW","US",24282,"31.6667","0.0007",24282,"0.0007"
"www.zimbabwenews.today","ZW","US",49184,"31.6667","0.0015",49184,"0.0015"
"www.zimbabwenewsonline.com","ZW","US",70163,"31.6667","0.0021",70163,"0.0021"
"www.zimbabweonlinenews.com","ZW","US",54250,"31.6667","0.0016",54250,"0.0016"
"www.zimbabwesituation.com","ZW","NL",148294,"31.6667","0.0044",148294,"0.0044"
"www.zimbabwestar.com","ZW","US",22776,"31.6667","0.0007",22776,"0.0007"
"www.zimbojam.com","ZW","GB",155371,"31.6667","0.0046",155371,"0.0046"
"www.zimdaily.com","ZW","BG",82150,"31.6667","0.0024",82432,"0.0024"
"www.zimeye.net","ZW","US",209069,"31.6667","0.0062",208208,"0.0061"
"www.zimmetro.com","ZW","DE",73438,"31.6667","0.0022",73438,"0.0022"
"zifmstereo.co.zw","ZW","US",43063,"31.6667","0.0013",43063,"0.0013"
"zimbabwe-today.com","ZW","US",113870,"31.6667","0.0034",113569,"0.0033"
"zimbabwedigitalnews.com","ZW","ZA",508641,"31.6667","0.0150",508641,"0.0150"
"zimbabweelection.com","ZW","US",82624,"31.6667","0.0024",82624,"0.0024"
"zimbabwehub.com","ZW","US",54847,"31.6667","0.0016",54659,"0.0016"
"zimbabwenews.co.uk","ZW","US",77998,"31.6667","0.0023",77997,"0.0023"
"zimbuzz.co.zw","ZW","US",101378,"31.6667","0.0030",101378,"0.0030"
"zimmetro.net","ZW","GB",15905,"31.6667","0.0005",55849,"0.0016"
"zimnews.net","ZW","US",77382,"31.6667","0.0023",77382,"0.0023"
"zimonlinenews.com","ZW","CA",212677,"31.6667","0.0063",212686,"0.0063"
