"domain","cc","geoloc_cc",total_objects_size,"price1gb","price_mobile"
"angolanas.net","AO","US",362081,"21.3511","0.0072"
"economiaemercado.sapo.ao","AO","PT",751237,"21.3511","0.0149"
"jornaldeangola.sapo.ao","AO","PT",1054259,"21.3511","0.0210"
"jornaldeeconomia.sapo.ao","AO","PT",79213,"21.3511","0.0016"
"jornaldosdesportos.sapo.ao","AO","PT",56370,"21.3511","0.0011"
"jornalf8.net","AO","PT",2873393,"21.3511","0.0571"
"novagazeta.co.ao","AO","PT",446578,"21.3511","0.0089"
"opais.co.ao","AO","US",3267660,"21.3511","0.0650"
"radiodespertarangola.net","AO","US",659564,"21.3511","0.0131"
"tpa.sapo.ao","AO","PT",746564,"21.3511","0.0148"
"www.actsa.org","AO","GB",162454,"21.3511","0.0032"
"www.africa21digital.com","AO","BR",1700206,"21.3511","0.0338"
"www.africatoday.co.ao","AO","IT",556246,"21.3511","0.0111"
"www.angola24.net","AO","",270520,"21.3511","0.0054"
"www.angolaglobal.net","AO","CA",57024,"21.3511","0.0011"
"www.angonoticias.com","AO","PT",2661491,"21.3511","0.0529"
"www.club-k.net","AO","US",3026916,"21.3511","0.0602"
"www.expansao.co.ao","AO","US",5188790,"21.3511","0.1032"
"www.ibinda.com","AO","PT",8600,"21.3511","0.0002"
"www.mercado.co.ao","AO","GB",737625,"21.3511","0.0147"
"www.novojornal.co.ao","AO","US",644317,"21.3511","0.0128"
"www.portalangop.co.ao","AO","AO",877313,"21.3511","0.0174"
"www.portaldeangola.com","AO","US",1387120,"21.3511","0.0276"
"www.radioecclesia.org","AO","NL",296988,"21.3511","0.0059"
"www.redeangola.info","AO","US",5277,"21.3511","0.0001"
"www.rumo.co.ao","AO","GB",1411889,"21.3511","0.0281"
"www.sapo.ao","AO","PT",1416384,"21.3511","0.0282"
"www.voaportugues.com","AO","NL",14467406,"21.3511","0.2877"
"evasion.lepays.bf","BF","FR",1492874,"8.3799","0.0117"
"faso-actu.net","BF","FR",2476377,"8.3799","0.0193"
"lefaso.net","BF","FR",1441261,"8.3799","0.0112"
"lepays.bf","BF","FR",25688673,"8.3799","0.2005"
"mutationsbf.net","BF","NL",330010,"8.3799","0.0026"
"www.aib.bf","BF","FR",3073262,"8.3799","0.0240"
"www.aouaga.com","BF","US",496007,"8.3799","0.0039"
"www.courrierconfidentiel.net","BF","FR",244506,"8.3799","0.0019"
"www.fasopresse.net","BF","FR",201190,"8.3799","0.0016"
"www.lobservateur.bf","BF","US",833782,"8.3799","0.0065"
"www.rtb.bf","BF","FR",5779636,"8.3799","0.0451"
"www.sidwaya.bf","BF","FR",7129393,"8.3799","0.0556"
"burundi-24.com","BI","FR",152755,"3.5154","0.0005"
"ppbdi.com","BI","US",1346196,"3.5154","0.0044"
"www.arib.info","BI","FR",176290,"3.5154","0.0006"
"www.bonesha.bi","BI","DE",272645,"3.5154","0.0009"
"www.burundi-sites.com","BI","FR",614,"3.5154","0.0000"
"www.isanganiro.org","BI","CH",81403,"3.5154","0.0003"
"www.iwacu-burundi.org","BI","US",2310525,"3.5154","0.0076"
"www.netpress.bi","BI","BI",98631,"3.5154","0.0003"
"www.rpa.bi","BI","CH",1048804,"3.5154","0.0034"
"actualites.visages-du-benin.com","BJ","US",1133341,"8.3799","0.0088"
"beninsite.net","BJ","US",760988,"8.3799","0.0059"
"latribunedelacapitale.com","BJ","US",270727,"8.3799","0.0021"
"lautrefraternite.com","BJ","US",287024,"8.3799","0.0022"
"leconfrere.info","BJ","FR",12093,"8.3799","0.0001"
"levenementprecis.com","BJ","US",1027614,"8.3799","0.0080"
"www.24haubenin.info","BJ","FR",210748,"8.3799","0.0016"
"www.acotonou.com","BJ","US",437716,"8.3799","0.0034"
"www.actubenin.com","BJ","US",1425314,"8.3799","0.0111"
"www.autrequotidien.com","BJ","US",330010,"8.3799","0.0026"
"www.benin24tv.com","BJ","US",123189,"8.3799","0.0010"
"www.benininfo.com","BJ","US",653397,"8.3799","0.0051"
"www.fraternitebj.info","BJ","FR",210747,"8.3799","0.0016"
"www.golfemediaonline.com","BJ","US",820720,"8.3799","0.0064"
"www.icibenin.com","BJ","CA",3084885,"8.3799","0.0241"
"www.journal-adjinakou-benin.info","BJ","US",1314638,"8.3799","0.0103"
"www.lanationbenin.info","BJ","FR",154192,"8.3799","0.0012"
"www.lanouvelletribune.info","BJ","US",1062713,"8.3799","0.0083"
"www.lapressedujour.net","BJ","US",218756,"8.3799","0.0017"
"www.laraignee.org","BJ","US",1861242,"8.3799","0.0145"
"www.les4verites.info","BJ","FR",234824,"8.3799","0.0018"
"www.ortb.info","BJ","US",1755052,"8.3799","0.0137"
"www.quotidienlematin.com","BJ","US",6610,"8.3799","0.0001"
"news.google.com","BW","US",602914,"33.5159","0.0188"
"www.botswanaguardian.co.bw","BW","BG",2135937,"33.5159","0.0667"
"www.echo.co.bw","BW","BW",124391,"33.5159","0.0039"
"www.gabzfm.com","BW","US",6722,"33.5159","0.0002"
"www.ngamitimes.com","BW","US",93636,"33.5159","0.0029"
"www.sundaystandard.info","BW","BW",2155816,"33.5159","0.0673"
"www.thepatriot.co.bw","BW","ZA",131424,"33.5159","0.0041"
"www.thevoicebw.com","BW","US",1592616,"33.5159","0.0497"
"7sur7.cd","CD","US",2696445,"20.0000","0.0502"
"acpcongo.com","CD","US",1057964,"20.0000","0.0197"
"congopanorama.info","CD","JP",110508,"20.0000","0.0021"
"radiookapi.net","CD","US",1290152,"20.0000","0.0240"
"www.business-et-finances.com","CD","CA",1485065,"20.0000","0.0277"
"www.congoindependant.com","CD","DK",2489727,"20.0000","0.0464"
"www.congolais.fr","CD","FR",187167,"20.0000","0.0035"
"www.congoplanet.com","CD","US",1227085,"20.0000","0.0229"
"www.congoplanete.com","CD","US",1332126,"20.0000","0.0248"
"www.congotribune.com","CD","JP",1705812,"20.0000","0.0318"
"www.congovision.com","CD","US",147516,"20.0000","0.0027"
"www.deboutcongolais.info","CD","US",8330,"20.0000","0.0002"
"www.digitalcongo.net","CD","US",219369,"20.0000","0.0041"
"www.direct.cd","CD","US",6240285,"20.0000","0.1162"
"www.groupelavenir.org","CD","US",6154666,"20.0000","0.1146"
"www.kivumedia.com","CD","US",1793116,"20.0000","0.0334"
"www.laconscience.com","CD","FR",448346,"20.0000","0.0084"
"www.laprosperiteonline.net","CD","CH",1172468,"20.0000","0.0218"
"www.lephareonline.net","CD","US",667973,"20.0000","0.0124"
"www.lepotentielonline.com","CD","FR",743536,"20.0000","0.0138"
"www.lesoftonline.net","CD","FR",757872,"20.0000","0.0141"
"www.lobservateur.cd","CD","US",192186,"20.0000","0.0036"
"www.mediacongo.net","CD","CH",129859,"20.0000","0.0024"
"abangui.com","CF","US",352096,"12.5699","0.0041"
"centrafrique-presse.over-blog.com","CF","FR",668751,"12.5699","0.0078"
"www.journaldebangui.com","CF","FR",350584,"12.5699","0.0041"
"www.lanouvellecentrafrique.info","CF","US",808025,"12.5699","0.0095"
"www.radiondekeluka.org","CF","CH",174373,"12.5699","0.0020"
"congo-liberty.com","CG","US",419904,"11.2231","0.0044"
"www.adiac-congo.com","CG","FR",2079613,"11.2231","0.0217"
"www.congo-site.com","CG","FR",541623,"11.2231","0.0057"
"www.congopage.com","CG","US",470151,"11.2231","0.0049"
"www.dac-presse.com","CG","DE",4880940,"11.2231","0.0510"
"www.journaldebrazza.com","CG","FR",2051275,"11.2231","0.0214"
"www.lasemaineafricaine.net","CG","FR",2223300,"11.2231","0.0232"
"www.lesdepechesdebrazzaville.fr","CG","FR",2866574,"11.2231","0.0300"
"www.starducongo.com","CG","FR",2248318,"11.2231","0.0235"
"www.zenga-mambu.com","CG","CH",1406048,"11.2231","0.0147"
"abidjantv.net","CI","CA",2677731,"12.9735","0.0324"
"www.abidjan.net","CI","US",624229,"12.9735","0.0075"
"www.afrik53.com","CI","FR",1169792,"12.9735","0.0141"
"www.aip.ci","CI","FR",2008515,"12.9735","0.0243"
"www.atoo.ci","CI","FR",1905741,"12.9735","0.0230"
"www.connectionivoirienne.net","CI","NL",2108087,"12.9735","0.0255"
"www.fratmat.info","CI","US",1482893,"12.9735","0.0179"
"www.gbich.com","CI","FR",213590,"12.9735","0.0026"
"www.imatin.net","CI","DE",2514413,"12.9735","0.0304"
"www.ivoireactu.net","CI","FR",93868,"12.9735","0.0011"
"www.ivoirediaspo.net","CI","GB",1057964,"12.9735","0.0128"
"www.ladepechedabidjan.info","CI","FR",1916969,"12.9735","0.0232"
"www.lenouveaureveil.com","CI","US",55423,"12.9735","0.0007"
"www.lepatriote.net","CI","US",836,"12.9735","0.0000"
"www.linfodrome.com","CI","FR",554119,"12.9735","0.0067"
"www.notrevoie.com","CI","US",6800,"12.9735","0.0001"
"www.rti.ci","CI","FR",62388,"12.9735","0.0008"
"www.rumeursdabidjan.net","CI","FR",804680,"12.9735","0.0097"
"www.sport-ivoire.ci","CI","US",4928993,"12.9735","0.0596"
"bamendaonline.net","CM","US",240395,"9.4274","0.0021"
"cameroonjournal.com","CM","US",11061725,"9.4274","0.0971"
"cameroonwebnews.com","CM","US",66349,"9.4274","0.0006"
"crtv.cm","CM","CM",2971222,"9.4274","0.0261"
"edennewspaper.org","CM","AU",329991,"9.4274","0.0029"
"journal.rdpcpdm.cm","CM","US",2028082,"9.4274","0.0178"
"newsducamer.com","CM","US",148498,"9.4274","0.0013"
"quotidienlemessager.net","CM","US",9329,"9.4274","0.0001"
"www.africapresse.com","CM","US",1202763,"9.4274","0.0106"
"www.bonaberi.com","CM","FR",528618,"9.4274","0.0046"
"www.camer.be","CM","DE",5247033,"9.4274","0.0461"
"www.cameroon-info.net","CM","US",626348,"9.4274","0.0055"
"www.cameroon-tribune.cm","CM","US",155869,"9.4274","0.0014"
"www.cameroononline.org","CM","US",1298788,"9.4274","0.0114"
"www.cameroonpostline.com","CM","US",410256,"9.4274","0.0036"
"www.cameroonweb.com","CM","US",2271523,"9.4274","0.0199"
"www.cameroun-online.com","CM","IT",1890429,"9.4274","0.0166"
"www.cameroun24.net","CM","CA",14144,"9.4274","0.0001"
"www.camerounactu.net","CM","BG",110582,"9.4274","0.0010"
"www.camerounlink.net","CM","DE",13271,"9.4274","0.0001"
"www.camnews24.com","CM","DE",69096,"9.4274","0.0006"
"www.journalducameroun.com","CM","FR",1611711,"9.4274","0.0142"
"www.lanouvelleexpression.info","CM","US",135774,"9.4274","0.0012"
"www.leffortcamerounais.com","CM","US",1951210,"9.4274","0.0171"
"www.leffortcamerounais.info","CM","US",1098774,"9.4274","0.0096"
"www.postwatchmagazine.com","CM","US",1400615,"9.4274","0.0123"
"liberal.sapo.cv","CV","PT",15073197,"5.2879","0.0742"
"noticiasdonorte.publ.cv","CV","US",7633969,"5.2879","0.0376"
"www.alfa.cv","CV","US",1770,"5.2879","0.0000"
"www.bravanews.com","CV","US",85578,"5.2879","0.0004"
"www.cabodiario.com","CV","GB",49129,"5.2879","0.0002"
"www.caboverdeonline.com","CV","US",452854,"5.2879","0.0022"
"www.expressodasilhas.sapo.cv","CV","GB",2378809,"5.2879","0.0117"
"www.rtc.cv","CV","PT",3712094,"5.2879","0.0183"
"www.sapo.cv","CV","PT",1257201,"5.2879","0.0062"
"ain-oulmene.com","DZ","FR",186345,"7.5817","0.0013"
"akhbarachark.dz","DZ","FR",2027277,"7.5817","0.0143"
"algerienetwork.com","DZ","US",1846665,"7.5817","0.0130"
"bel-abbes.info","DZ","FR",684975,"7.5817","0.0048"
"echosdesidibelabbes.info","DZ","GB",538062,"7.5817","0.0038"
"el-youm.info","DZ","FR",1280381,"7.5817","0.0090"
"elmassar-ar.com","DZ","FR",2004770,"7.5817","0.0142"
"elraaed.com","DZ","FR",4410196,"7.5817","0.0311"
"elwaha-dz.com","DZ","GB",381301,"7.5817","0.0027"
"elwatani.com","DZ","FR",689092,"7.5817","0.0049"
"kabyleuniversel.com","DZ","US",607079,"7.5817","0.0043"
"laghouatinfo.net","DZ","FR",600701,"7.5817","0.0042"
"lavoixdesidibelabbes.info","DZ","FR",1120335,"7.5817","0.0079"
"lechiffredaffaires.net","DZ","FR",244440,"7.5817","0.0017"
"lecitoyendz.com","DZ","US",146671,"7.5817","0.0010"
"lecourrier-dalgerie.com","DZ","FR",930343,"7.5817","0.0066"
"lejournaldaffaire.com","DZ","FR",1933054,"7.5817","0.0136"
"lequotidienalgerie.org","DZ","CA",1012966,"7.5817","0.0072"
"ouest-info.org","DZ","FR",28856,"7.5817","0.0002"
"sawt-alahrar.net","DZ","DE",17915,"7.5817","0.0001"
"sawtdjelfa.com","DZ","FR",482655,"7.5817","0.0034"
"sport.elkhabar.com","DZ","US",8961427,"7.5817","0.0633"
"sport.ennaharonline.com","DZ","FR",590669,"7.5817","0.0042"
"wakteldjazair.com","DZ","FR",3387813,"7.5817","0.0239"
"www.aboutalgeria.com","DZ","US",353686,"7.5817","0.0025"
"www.actuel-dz.com","DZ","FR",371199,"7.5817","0.0026"
"www.akhbarelyoum.dz","DZ","FR",237273,"7.5817","0.0017"
"www.akhersaa-dz.com","DZ","FR",1975222,"7.5817","0.0139"
"www.al-fadjr.com","DZ","FR",8769084,"7.5817","0.0619"
"www.albassair.org","DZ","DE",15068,"7.5817","0.0001"
"www.alger-republicain.com","DZ","FR",54844,"7.5817","0.0004"
"www.algerep.com","DZ","FR",54844,"7.5817","0.0004"
"www.algeria-newspapers.com","DZ","US",7781670,"7.5817","0.0549"
"www.algeriatimes.net","DZ","US",4326842,"7.5817","0.0306"
"www.algerie-focus.com","DZ","DE",1642666,"7.5817","0.0116"
"www.algerie1.com","DZ","US",2389619,"7.5817","0.0169"
"www.algerie360.com","DZ","US",1366312,"7.5817","0.0096"
"www.algerieconfluences.com","DZ","US",273412,"7.5817","0.0019"
"www.algeriepatriotique.com","DZ","US",1962752,"7.5817","0.0139"
"www.annabacity.net","DZ","FR",855375,"7.5817","0.0060"
"www.annasronline.com","DZ","FR",2050716,"7.5817","0.0145"
"www.bejaiainfo.com","DZ","US",1957384,"7.5817","0.0138"
"www.blida-aps.dz","DZ","DZ",12256,"7.5817","0.0001"
"www.carrefourdalgerie.com","DZ","DZ",350220,"7.5817","0.0025"
"www.competition.dz","DZ","FR",4208844,"7.5817","0.0297"
"www.constantine-aps.dz","DZ","DZ",36768,"7.5817","0.0003"
"www.depechedekabylie.com","DZ","GB",353721,"7.5817","0.0025"
"www.djazairess.com","DZ","US",88229,"7.5817","0.0006"
"www.dzfoot.com","DZ","US",331962,"7.5817","0.0023"
"www.echoroukonline.com","DZ","FR",10579123,"7.5817","0.0747"
"www.elbilad.net","DZ","US",203136,"7.5817","0.0014"
"www.eldjoumhouria.dz","DZ","US",17841,"7.5817","0.0001"
"www.elheddaf.com","DZ","US",661227,"7.5817","0.0047"
"www.elkhabar.com","DZ","US",86752,"7.5817","0.0006"
"www.elmoudjahid.com","DZ","US",1362435,"7.5817","0.0096"
"www.elwatan.com","DZ","FR",442762,"7.5817","0.0031"
"www.ennaharonline.com","DZ","FR",304359,"7.5817","0.0021"
"www.hebdoimmobilier-dz.com","DZ","US",868,"7.5817","0.0000"
"www.impact24.info","DZ","US",794141,"7.5817","0.0056"
"www.infoconstantine.com","DZ","AU",273431,"7.5817","0.0019"
"www.jeune-independant.net","DZ","US",413990,"7.5817","0.0029"
"www.jijel-echo.com","DZ","GB",427744,"7.5817","0.0030"
"www.jijel.info","DZ","FR",1651486,"7.5817","0.0117"
"www.kabyle.com","DZ","US",86168,"7.5817","0.0006"
"www.kawalisse.com","DZ","FR",97869,"7.5817","0.0007"
"www.lactualite-dz.info","DZ","US",362081,"7.5817","0.0026"
"www.lautomarche.com","DZ","CH",3324781,"7.5817","0.0235"
"www.lebuteur.com","DZ","US",1408243,"7.5817","0.0099"
"www.lejourdalgerie.com","DZ","FR",38011,"7.5817","0.0003"
"www.lematindz.net","DZ","GB",158616,"7.5817","0.0011"
"www.lequotidien-oran.com","DZ","FR",47418,"7.5817","0.0003"
"www.lesoirdalgerie.com","DZ","NL",22678,"7.5817","0.0002"
"www.lestrepublicain.com","DZ","US",344486,"7.5817","0.0024"
"www.letempsdz.com","DZ","FR",64367,"7.5817","0.0005"
"www.liberte-algerie.com","DZ","CA",548241,"7.5817","0.0039"
"www.livenewsalgerie.com","DZ","BG",1241167,"7.5817","0.0088"
"www.lnr-dz.com","DZ","FR",1839899,"7.5817","0.0130"
"www.mostaganem-aujourdhui.com","DZ","FR",1488907,"7.5817","0.0105"
"www.newpressphoto.com","DZ","FR",765182,"7.5817","0.0054"
"www.oran-aps.dz","DZ","DZ",12256,"7.5817","0.0001"
"www.oranais.com","DZ","FR",5523836,"7.5817","0.0390"
"www.ouargla-aps.dz","DZ","DZ",12256,"7.5817","0.0001"
"www.ouarsenis.com","DZ","FR",1293119,"7.5817","0.0091"
"www.ouestribune-dz.com","DZ","FR",1090419,"7.5817","0.0077"
"www.planetesport.dz","DZ","FR",107550,"7.5817","0.0008"
"www.presse-dz.com","DZ","US",276054,"7.5817","0.0019"
"www.reflexiondz.net","DZ","FR",661783,"7.5817","0.0047"
"www.reporters.dz","DZ","FR",871077,"7.5817","0.0062"
"www.setif.info","DZ","CH",368462,"7.5817","0.0026"
"www.setif.net","DZ","FR",2646,"7.5817","0.0000"
"www.setifnews.com","DZ","US",2127,"7.5817","0.0000"
"www.siwel.info","DZ","CH",6830342,"7.5817","0.0482"
"www.souk-ahras.info","DZ","DE",29466,"7.5817","0.0002"
"www.tamurt.info","DZ","DE",1987216,"7.5817","0.0140"
"www.transactiondalgerie.com","DZ","CH",1551564,"7.5817","0.0110"
"www.tribunelecteurs.com","DZ","GB",864132,"7.5817","0.0061"
"www.tsa-algerie.com","DZ","US",249639,"7.5817","0.0018"
"akhbarelyom.com","EG","US",38579,"1.6968","0.0001"
"egypttoday.com","EG","US",39856,"1.6968","0.0001"
"hebdo.ahram.org.eg","EG","EG",319351,"1.6968","0.0005"
"mubasher-misr.aljazeera.net","EG","DE",97602,"1.6968","0.0002"
"new.elfagr.org","EG","US",17742,"1.6968","0.0000"
"news.google.com","EG","US",602914,"1.6968","0.0010"
"ontveg.com","EG","US",7034599,"1.6968","0.0111"
"tahrirnews.com","EG","US",1875003,"1.6968","0.0030"
"weekly.ahram.org.eg","EG","EG",2304073,"1.6968","0.0036"
"www.24hnewspaper.net","EG","US",1403,"1.6968","0.0000"
"www.ahram.org.eg","EG","EG",1564934,"1.6968","0.0025"
"www.almasryalyoum.com","EG","US",684461,"1.6968","0.0011"
"www.almessa.net.eg","EG","US",75476,"1.6968","0.0001"
"www.alwafd.org","EG","US",2424174,"1.6968","0.0038"
"www.alwatanalarabi.com","EG","US",1477747,"1.6968","0.0023"
"www.cairolive.com","EG","US",144125,"1.6968","0.0002"
"www.cbc-eg.com","EG","US",105943,"1.6968","0.0002"
"www.dailynewsegypt.com","EG","US",9898630,"1.6968","0.0156"
"www.dostor.org","EG","US",2731129,"1.6968","0.0043"
"www.egynews.net","EG","NL",4332607,"1.6968","0.0068"
"www.egypt-elections.com","EG","US",1770,"1.6968","0.0000"
"www.egyptindependent.com","EG","US",1480560,"1.6968","0.0023"
"www.lepetitjournal.com","EG","FR",7187231,"1.6968","0.0114"
"www.madamasr.com","EG","US",347690,"1.6968","0.0005"
"www.masralarabia.com","EG","FR",4001335,"1.6968","0.0063"
"www.niletc.tv","EG","US",177878,"1.6968","0.0003"
"www.shorouknews.com","EG","US",1565815,"1.6968","0.0025"
"www.sis.gov.eg","EG","EG",16202,"1.6968","0.0000"
"www.wataninet.com","EG","US",5721588,"1.6968","0.0090"
"www.youm7.com","EG","US",2110405,"1.6968","0.0033"
"addisfortune.net","ET","US",932355,"6.2018","0.0054"
"cyberzena.com","ET","DE",273431,"6.2018","0.0016"
"ecadforum.com","ET","US",1510663,"6.2018","0.0087"
"ectv.org","ET","US",2665091,"6.2018","0.0154"
"ethiopiaforums.com","ET","US",1122751,"6.2018","0.0065"
"ethiopianreview.com","ET","FR",226528,"6.2018","0.0013"
"news.google.com","ET","US",602914,"6.2018","0.0035"
"www.addisadmassnews.com","ET","US",717579,"6.2018","0.0041"
"www.awrambatimes.com","ET","US",2211675,"6.2018","0.0128"
"www.cyberethiopia.com","ET","BG",3131964,"6.2018","0.0181"
"www.ena.gov.et","ET","ET",4415294,"6.2018","0.0255"
"www.ertagov.com","ET","JP",255534,"6.2018","0.0015"
"www.ethiomedia.com","ET","US",80386,"6.2018","0.0005"
"www.ethionewsdirect.com","ET","US",2776115,"6.2018","0.0160"
"www.ethioobserver.net","ET","US",3598401,"6.2018","0.0208"
"www.ethiopian-news.com","ET","US",2545905,"6.2018","0.0147"
"www.ethiopians.com","ET","US",177513,"6.2018","0.0010"
"www.lesnouvelles.org","ET","US",330010,"6.2018","0.0019"
"www.maledatimes.com","ET","US",745131,"6.2018","0.0043"
"www.nazret.com","ET","BG",2538261,"6.2018","0.0147"
"www.newbusinessethiopia.com","ET","US",1043834,"6.2018","0.0060"
"www.waltainfo.com","ET","US",1851104,"6.2018","0.0107"
"www.zehabesha.com","ET","US",1056400,"6.2018","0.0061"
"gabonreview.com","GA","FR",3313810,"11.6720","0.0360"
"www.agpgabon.ga","GA","FR",1700,"11.6720","0.0000"
"www.gabonactu.com","GA","CH",3154958,"11.6720","0.0343"
"www.gaboneco.com","GA","FR",144915,"11.6720","0.0016"
"www.gabonlibre.com","GA","FR",833103,"11.6720","0.0091"
"www.infosplusgabon.com","GA","US",111777,"11.6720","0.0012"
"www.union.sonapresse.com","GA","FR",6603332,"11.6720","0.0718"
"buzzghana.com","GH","US",559694,"5.0021","0.0026"
"exposeghana.com","GH","US",538966,"5.0021","0.0025"
"ghananewslink.com","GH","US",15371,"5.0021","0.0001"
"ghheadlines.com","GH","DE",3475611,"5.0021","0.0162"
"happyghana.com","GH","US",5221616,"5.0021","0.0243"
"kumasimail.com","GH","CH",1404,"5.0021","0.0000"
"news.google.com","GH","US",602914,"5.0021","0.0028"
"thebftonline.com","GH","US",2921874,"5.0021","0.0136"
"theheraldghana.com","GH","US",1139363,"5.0021","0.0053"
"thenewcrusadingguideonline.com","GH","US",2267356,"5.0021","0.0106"
"tv3network.com","GH","US",2669799,"5.0021","0.0124"
"vibeghana.com","GH","US",789155,"5.0021","0.0037"
"wn.com","GH","GB",1559260,"5.0021","0.0073"
"www.allghananews.com","GH","US",47362,"5.0021","0.0002"
"www.citifmonline.com","GH","US",5715137,"5.0021","0.0266"
"www.dailyguideghana.com","GH","DE",3710676,"5.0021","0.0173"
"www.gbcghana.com","GH","US",45189,"5.0021","0.0002"
"www.ghana.gov.gh","GH","GH",203635,"5.0021","0.0009"
"www.ghanabusinessnews.com","GH","US",6775030,"5.0021","0.0316"
"www.ghanadot.com","GH","US",99467,"5.0021","0.0005"
"www.ghanaiantimes.com.gh","GH","US",9536477,"5.0021","0.0444"
"www.ghanamma.com","GH","US",2388015,"5.0021","0.0111"
"www.ghananewsagency.org","GH","US",318503,"5.0021","0.0015"
"www.ghanasoccernet.com","GH","US",266303,"5.0021","0.0012"
"www.ghanatoday.com","GH","NL",66755,"5.0021","0.0003"
"www.ghanavoice.com","GH","US",185198,"5.0021","0.0009"
"www.ghanaweb.com","GH","US",2058783,"5.0021","0.0096"
"www.infoghana.info","GH","CZ",583467,"5.0021","0.0027"
"www.kapital971.com","GH","US",2622031,"5.0021","0.0122"
"www.metroworld.tv","GH","US",1129396,"5.0021","0.0053"
"www.modernghana.com","GH","US",221566,"5.0021","0.0010"
"www.myjoyonline.com","GH","CA",2574422,"5.0021","0.0120"
"www.newsghana.com.gh","GH","US",1641536,"5.0021","0.0076"
"www.peacefmonline.com","GH","US",38536,"5.0021","0.0002"
"www.reportghananews.com","GH","US",738701,"5.0021","0.0034"
"www.theenquirerweb.com","GH","US",135724,"5.0021","0.0006"
"www.thinkghana.com","GH","US",51451,"5.0021","0.0002"
"foroyaa.gm","GM","US",1762470,"111.2786","0.1827"
"gainako.com","GM","US",3155048,"111.2786","0.3270"
"www.banjulfocus.com","GM","US",385315,"111.2786","0.0399"
"www.freedomnewspaper.com","GM","US",1644561,"111.2786","0.1704"
"www.grts.gm","GM","GM",1518774,"111.2786","0.1574"
"www.jollofnews.com","GM","US",822709,"111.2786","0.0853"
"www.thegambiaecho.com","GM","US",2249367,"111.2786","0.2331"
"www.bissaudigital.com","GW","PT",8600,"61.0538","0.0005"
"www.gaznot.com","GW","CH",779120,"61.0538","0.0443"
"www.gbissau.com","GW","US",261700,"61.0538","0.0149"
"www.radiojovem.info","GW","FR",15847323,"61.0538","0.9011"
"buzzkenya.com","KE","US",5749902,"4.2458","0.0227"
"mediamaxnetwork.co.ke","KE","US",1661865,"4.2458","0.0066"
"news.google.com","KE","US",602914,"4.2458","0.0024"
"ntv.nation.co.ke","KE","US",281211,"4.2458","0.0011"
"theweeklyadvertiser.com","KE","US",241419,"4.2458","0.0010"
"www.businessdailyafrica.com","KE","US",494755,"4.2458","0.0020"
"www.capitalfm.co.ke","KE","US",679758,"4.2458","0.0027"
"www.citizentv.co.ke","KE","US",3606950,"4.2458","0.0143"
"www.coastweek.com","KE","US",25647,"4.2458","0.0001"
"www.kbc.co.ke","KE","KE",2137361,"4.2458","0.0085"
"www.kenya-today.com","KE","US",1784898,"4.2458","0.0071"
"www.kenyamoja.com","KE","US",488937,"4.2458","0.0019"
"www.kenyan-post.com","KE","US",632251,"4.2458","0.0025"
"www.mediamaxnetwork.co.ke","KE","US",1520624,"4.2458","0.0060"
"www.nairobigossips.com","KE","US",224194,"4.2458","0.0009"
"www.nation.co.ke","KE","US",461436,"4.2458","0.0018"
"www.news24.co.ke","KE","ZA",179885,"4.2458","0.0007"
"www.standardmedia.co.ke","KE","US",741417,"4.2458","0.0029"
"www.the-star.co.ke","KE","US",1121916,"4.2458","0.0044"
"www.theeastafrican.co.ke","KE","US",668340,"4.2458","0.0026"
"www.x-news.co.ke","KE","US",1945591,"4.2458","0.0077"
"www.comores-actualites.com","KM","GB",990011,"11.9827","0.0110"
"www.comores-infos.net","KM","DE",7410454,"11.9827","0.0827"
"www.habarizacomores.com","KM","US",1136184,"11.9827","0.0127"
"gnnliberia.com","LR","US",1738424,"5.0000","0.0081"
"heritageliberia.net","LR","US",103962,"5.0000","0.0005"
"monroviainquirer.com","LR","US",1552472,"5.0000","0.0072"
"theliberiandialogue.org","LR","US",936547,"5.0000","0.0044"
"theliberiantimes.weebly.com","LR","US",319289,"5.0000","0.0015"
"www.bushchicken.com","LR","US",1070129,"5.0000","0.0050"
"www.frontpageafricaonline.com","LR","US",193718,"5.0000","0.0009"
"www.liberian-connection.net","LR","JP",119245,"5.0000","0.0006"
"www.liberianforum.com","LR","US",9878,"5.0000","0.0000"
"www.mylbsonline.net","LR","US",275520,"5.0000","0.0013"
"www.theliberianjournal.com","LR","US",24398,"5.0000","0.0001"
"www.thenewdawnliberia.com","LR","US",238524,"5.0000","0.0011"
"www.thenewslib.com","LR","US",1645182,"5.0000","0.0077"
"www.thepalavahut.org","LR","US",218,"5.0000","0.0000"
"www.theperspective.org","LR","US",112744,"5.0000","0.0005"
"www.tnrliberia.net","LR","US",275520,"5.0000","0.0013"
"lestimes.com","LS","ZA",17923081,"8.9928","0.1501"
"sundayexpress.co.ls","LS","ZA",1347106,"8.9928","0.0113"
"www.finitemagazine.co.ls","LS","US",7942226,"8.9928","0.0665"
"www.informativenews.co.ls","LS","US",7829993,"8.9928","0.0656"
"alnabaa.tv","LY","US",1157528,"18.5460","0.0200"
"www.akhbarlibya24.net","LY","US",3488839,"18.5460","0.0603"
"www.brnieq.com","LY","US",378163,"18.5460","0.0065"
"www.libya-businessnews.com","LY","US",1973182,"18.5460","0.0341"
"www.libya-today.com","LY","US",1777340,"18.5460","0.0307"
"www.libyanewstoday.com","LY","US",610766,"18.5460","0.0105"
"www.ltv.ly","LY","LY",2157879,"18.5460","0.0373"
"www.qurynanew.com","LY","US",329991,"18.5460","0.0057"
"www.tripolipost.com","LY","US",361135,"18.5460","0.0062"
"albayane.press.ma","MA","MA",28285668,"4.6455","0.1224"
"bayanealyaoume.press.ma","MA","MA",102768162,"4.6455","0.4446"
"lnt.ma","MA","FR",2172017,"4.6455","0.0094"
"lobservateurdumaroc.info","MA","US",2065431,"4.6455","0.0089"
"marocpress.ma","MA","US",2289854,"4.6455","0.0099"
"moroccantimes.com","MA","US",9329,"4.6455","0.0000"
"moroccomedia.com","MA","US",552639,"4.6455","0.0024"
"news.google.com","MA","US",602914,"4.6455","0.0026"
"newsly.ma","MA","FR",547139,"4.6455","0.0024"
"telquel.ma","MA","US",43,"4.6455","0.0000"
"www.ahdath.info","MA","US",1657493,"4.6455","0.0072"
"www.al-jarida.net","MA","US",216580,"4.6455","0.0009"
"www.alalam.ma","MA","FR",1000157,"4.6455","0.0043"
"www.almaghribia.ma","MA","US",3109673,"4.6455","0.0135"
"www.asdae.com","MA","DE",925,"4.6455","0.0000"
"www.assabah.press.ma","MA","US",1530417,"4.6455","0.0066"
"www.aujourdhui.ma","MA","US",440392,"4.6455","0.0019"
"www.courriercasablanca.com","MA","CA",940428,"4.6455","0.0041"
"www.eljadida.com","MA","FR",105188,"4.6455","0.0005"
"www.jadidpresse.com","MA","US",49,"4.6455","0.0000"
"www.journaldusport.ma","MA","US",762405,"4.6455","0.0033"
"www.lagachettedumaroc.com","MA","FR",197330,"4.6455","0.0009"
"www.lavieeco.com","MA","US",245186,"4.6455","0.0011"
"www.leconomiste.com","MA","US",6653996,"4.6455","0.0288"
"www.lematin.ma","MA","US",2086617,"4.6455","0.0090"
"www.lereporter.ma","MA","FR",2373563,"4.6455","0.0103"
"www.leseco.ma","MA","MA",195897,"4.6455","0.0008"
"www.libe.ma","MA","FR",752367,"4.6455","0.0033"
"www.mapnews.ma","MA","MA",721456,"4.6455","0.0031"
"www.maroc-hebdo.press.ma","MA","US",1901351,"4.6455","0.0082"
"www.marocpress.com","MA","US",1086081,"4.6455","0.0047"
"www.medi1.com","MA","FR",895059,"4.6455","0.0039"
"www.menara.ma","MA","MA",519020,"4.6455","0.0022"
"www.moroccobusinessnews.com","MA","MA",79917,"4.6455","0.0003"
"www.moroccomirror.com","MA","US",330010,"4.6455","0.0014"
"www.moroccoworldnews.com","MA","US",1791141,"4.6455","0.0077"
"www.oujdacity.net","MA","FR",9149285,"4.6455","0.0396"
"ledaily.mg","MG","US",1074962,"7.4616","0.0075"
"www.lagazette-dgi.com","MG","MG",815377,"7.4616","0.0057"
"www.lanation.mg","MG","US",359329,"7.4616","0.0025"
"www.laverite.mg","MG","FR",1308321,"7.4616","0.0091"
"www.lexpressmada.com","MG","FR",1404463,"7.4616","0.0098"
"www.mada.pro","MG","FR",488,"7.4616","0.0000"
"www.madagascar-tribune.com","MG","FR",4748,"7.4616","0.0000"
"www.madagate.com","MG","US",170147,"7.4616","0.0012"
"www.madonline.com","MG","FR",353579,"7.4616","0.0025"
"www.midi-madagasikara.mg","MG","FR",1192887,"7.4616","0.0083"
"www.moov.mg","MG","US",511463,"7.4616","0.0036"
"www.newsmada.com","MG","US",1912650,"7.4616","0.0133"
"www.tvmada.com","MG","EU",2374554,"7.4616","0.0165"
"lecombat.info","ML","US",244882,"13.4677","0.0031"
"maliactu.net","ML","US",1222989,"13.4677","0.0153"
"www.abamako.com","ML","US",452702,"13.4677","0.0057"
"www.essor.ml","ML","DE",3309621,"13.4677","0.0415"
"www.jamana.org","ML","ML",170,"13.4677","0.0000"
"www.malijet.com","ML","FR",3149411,"13.4677","0.0395"
"www.maliweb.net","ML","US",10496362,"13.4677","0.1317"
"www.ortm-mali.tv","ML","US",362100,"13.4677","0.0045"
"fr.alakhbar.info","MR","DE",215677,"19.8742","0.0040"
"www.alakhbar.info","MR","DE",5985951,"19.8742","0.1108"
"www.ami.mr","MR","MR",334337,"19.8742","0.0062"
"www.lauthentic.info","MR","US",2189,"19.8742","0.0000"
"www.lecalame.info","MR","US",324240,"19.8742","0.0060"
"leboncoin.nu","MU","GB",876587,"7.3878","0.0060"
"mauritiustimes.com","MU","US",1398425,"7.3878","0.0096"
"mbc.intnet.mu","MU","MU",2984342,"7.3878","0.0205"
"www.5plus.mu","MU","IE",3161084,"7.3878","0.0217"
"www.defimedia.info","MU","FR",9440199,"7.3878","0.0650"
"www.lematinal.com","MU","NL",330010,"7.3878","0.0023"
"www.lemauricien.com","MU","US",3201297,"7.3878","0.0220"
"www.lexpress.mu","MU","IE",4678332,"7.3878","0.0322"
"www.r1.mu","MU","US",207414,"7.3878","0.0014"
"www.starpress.info","MU","US",1004222,"7.3878","0.0069"
"malawi24.com","MW","US",58869,"5.7778","0.0003"
"malawiana.net","MW","US",754984,"5.7778","0.0041"
"malawilive.com","MW","US",9329,"5.7778","0.0001"
"news.maraviexpress.com","MW","GB",8180068,"5.7778","0.0440"
"timesmediamw.com","MW","US",1652887,"5.7778","0.0089"
"www.amalawi.info","MW","DE",314044,"5.7778","0.0017"
"www.capitalradiomalawi.com","MW","MW",923757,"5.7778","0.0050"
"www.faceofmalawi.com","MW","US",977197,"5.7778","0.0053"
"www.malawianwatchdog.com","MW","US",1613690,"5.7778","0.0087"
"www.malawivoice.com","MW","US",1468959,"5.7778","0.0079"
"www.manaonline.gov.mw","MW","MW",39542,"5.7778","0.0002"
"www.mbc.mw","MW","US",1607402,"5.7778","0.0086"
"www.mw","MW","SE",558675,"5.7778","0.0030"
"www.mwnation.com","MW","US",1247317,"5.7778","0.0067"
"www.nyasatimes.com","MW","US",1693580,"5.7778","0.0091"
"www.orakonews.com","MW","US",449725,"5.7778","0.0024"
"www.zodiakmalawi.com","MW","US",2493641,"5.7778","0.0134"
"www.jornalnoticias.co.mz","MZ","MZ",470611,"3.4043","0.0015"
"www.mmo.co.mz","MZ","US",1480768,"3.4043","0.0047"
"www.rm.co.mz","MZ","MZ",6639743,"3.4043","0.0211"
"www.sapo.mz","MZ","PT",1400173,"3.4043","0.0044"
"www.stop.co.mz","MZ","BG",809630,"3.4043","0.0026"
"www.tvm.co.mz","MZ","MZ",1390980,"3.4043","0.0044"
"news.google.com","NA","US",602914,"6.7606","0.0038"
"observer24.com.na","NA","DE",446242,"6.7606","0.0028"
"southernafrican.news","NA","DE",884667,"6.7606","0.0056"
"www.az.com.na","NA","US",65186,"6.7606","0.0004"
"www.confidente.com.na","NA","US",5852100,"6.7606","0.0368"
"www.economist.com.na","NA","US",3625100,"6.7606","0.0228"
"www.informante.web.na","NA","US",397359,"6.7606","0.0025"
"www.namibian.com.na","NA","ZA",815115,"6.7606","0.0051"
"www.namibtimes.net","NA","NA",1979198,"6.7606","0.0125"
"www.nampa.org","NA","NA",646276,"6.7606","0.0041"
"www.nbc.na","NA","US",1657079,"6.7606","0.0104"
"www.newera.com.na","NA","DE",1810756,"6.7606","0.0114"
"www.republikein.com.na","NA","US",190421,"6.7606","0.0012"
"www.thevillager.com.na","NA","US",198809,"6.7606","0.0013"
"news.aniamey.com","NE","US",935149,"26.0379","0.0227"
"nigerdiaspora.net","NE","US",4543436,"26.0379","0.1102"
"www.tamtaminfo.com","NE","US",3707335,"26.0379","0.0899"
"247ureports.com","NG","US",1133763,"3.7387","0.0039"
"abujavoice.com","NG","US",9329,"3.7387","0.0000"
"africansearchlight.com","NG","US",469328,"3.7387","0.0016"
"bizwatchnigeria.ng","NG","US",1662235,"3.7387","0.0058"
"blanknewsonline.wordpress.com","NG","US",1759053,"3.7387","0.0061"
"businessdayonline.com","NG","US",2877137,"3.7387","0.0100"
"businessnews.com.ng","NG","US",593118,"3.7387","0.0021"
"businessworldng.com","NG","VG",9329,"3.7387","0.0000"
"buzznigeria.com","NG","US",540181,"3.7387","0.0019"
"city1051fm.com","NG","US",5937048,"3.7387","0.0207"
"completesportsnigeria.com","NG","US",1282577,"3.7387","0.0045"
"crossriverwatch.com","NG","US",7063440,"3.7387","0.0246"
"dailypost.ng","NG","US",5955286,"3.7387","0.0207"
"dailyreviewonline.com.ng","NG","DE",272645,"3.7387","0.0009"
"dailystar.com.ng","NG","US",1789019,"3.7387","0.0062"
"desertherald.com","NG","US",1299412,"3.7387","0.0045"
"eaglereporters.com","NG","US",330010,"3.7387","0.0011"
"flashpointnews.wordpress.com","NG","US",6910060,"3.7387","0.0241"
"gistyinka.net","NG","US",275539,"3.7387","0.0010"
"globalvillageextra.com","NG","US",3056249,"3.7387","0.0106"
"gloryfm.com","NG","VG",9329,"3.7387","0.0000"
"goldenpennewspaper.blogspot.com","NG","US",212885,"3.7387","0.0007"
"ireports-ng.com","NG","LT",1387951,"3.7387","0.0048"
"itvradionigeria.com","NG","US",3403268,"3.7387","0.0118"
"leadership.ng","NG","US",370275,"3.7387","0.0013"
"lindaikeji.blogspot.com","NG","US",469504,"3.7387","0.0016"
"naijabizcom.com","NG","US",866758,"3.7387","0.0030"
"nationalmirroronline.net","NG","US",542296,"3.7387","0.0019"
"newmail-ng.com","NG","US",2246154,"3.7387","0.0078"
"news.bestnaira.com","NG","US",55103,"3.7387","0.0002"
"news.google.com","NG","US",602914,"3.7387","0.0021"
"newsdiaryonline.com","NG","US",2677519,"3.7387","0.0093"
"newsinvestigatorsng.com","NG","CA",1125949,"3.7387","0.0039"
"ngex.com","NG","US",285306,"3.7387","0.0010"
"nigeriaindependent.com","NG","US",737677,"3.7387","0.0026"
"nigerianbeacon.com","NG","US",2206711,"3.7387","0.0077"
"nigerianinquirer.com","NG","DE",272664,"3.7387","0.0009"
"nigeriantimes.ng","NG","US",2553650,"3.7387","0.0089"
"nigeriapoliticsonline.com","NG","US",4747665,"3.7387","0.0165"
"nigeriastandardnewspaper.com","NG","US",2036127,"3.7387","0.0071"
"ogavendor.com","NG","DE",424837,"3.7387","0.0015"
"plentynews.com","NG","AU",103007,"3.7387","0.0004"
"pointblanknews.com","NG","US",725683,"3.7387","0.0025"
"pulse.ng","NG","DE",439623,"3.7387","0.0015"
"realnewsmagazine.net","NG","US",3785353,"3.7387","0.0132"
"reporters365.com","NG","US",2910559,"3.7387","0.0101"
"royaltimes.net","NG","US",666218,"3.7387","0.0023"
"saharareporters.com","NG","US",1310947,"3.7387","0.0046"
"scannewsnigeria.com","NG","US",739918,"3.7387","0.0026"
"silverbirdtv.com","NG","NL",2205964,"3.7387","0.0077"
"sunnewsonline.com","NG","US",5367095,"3.7387","0.0187"
"theabujatimes.com","NG","US",2001516,"3.7387","0.0070"
"theadvocatengr.com","NG","US",8043,"3.7387","0.0000"
"thecitizenng.com","NG","US",1899143,"3.7387","0.0066"
"theeagleonline.com.ng","NG","US",818167,"3.7387","0.0028"
"theinfrastructurenewsng.com","NG","US",328781,"3.7387","0.0011"
"theneighbourhoodonline.com","NG","GB",104848,"3.7387","0.0004"
"thenews-chronicle.com","NG","US",1109992,"3.7387","0.0039"
"thepointernewsonline.com","NG","US",671650,"3.7387","0.0023"
"therainbow.com.ng","NG","ZA",259985,"3.7387","0.0009"
"thesummary.com.ng","NG","US",91377,"3.7387","0.0003"
"thewillnigeria.com","NG","CA",2592940,"3.7387","0.0090"
"urhobotoday.com","NG","US",1701924,"3.7387","0.0059"
"worldstagegroup.com","NG","US",210801,"3.7387","0.0007"
"www.afbis.com","NG","US",170083,"3.7387","0.0006"
"www.africanexaminer.com","NG","CA",1878821,"3.7387","0.0065"
"www.africanheraldexpress.com","NG","US",452309,"3.7387","0.0016"
"www.akwaibomnewsonline.com","NG","US",884809,"3.7387","0.0031"
"www.allnigeriasoccer.com","NG","US",285355,"3.7387","0.0010"
"www.almizan.info","NG","US",167533,"3.7387","0.0006"
"www.aproko247.com","NG","US",1762022,"3.7387","0.0061"
"www.arewaonline-ng.com","NG","US",6560,"3.7387","0.0000"
"www.bellanaija.com","NG","FR",12652670,"3.7387","0.0441"
"www.bignigeria.com","NG","US",390061,"3.7387","0.0014"
"www.channelstv.com","NG","US",2235351,"3.7387","0.0078"
"www.cknnigeria.com","NG","US",3883182,"3.7387","0.0135"
"www.dailytrust.com.ng","NG","IN",2852041,"3.7387","0.0099"
"www.e-nigeriang.com","NG","US",4896670,"3.7387","0.0170"
"www.editorialnigeria.com","NG","US",1770,"3.7387","0.0000"
"www.edoworld.net","NG","US",556897,"3.7387","0.0019"
"www.elombah.com","NG","US",873168,"3.7387","0.0030"
"www.factualreporters.com","NG","US",686812,"3.7387","0.0024"
"www.frcnssz.com","NG","",150449,"3.7387","0.0005"
"www.freedomradionig.com","NG","BG",990936,"3.7387","0.0035"
"www.freshangleng.com","NG","US",47082,"3.7387","0.0002"
"www.freshfactsonlinenews.net","NG","US",273412,"3.7387","0.0010"
"www.frontiersnews.com","NG","US",6581110,"3.7387","0.0229"
"www.galaxytvonline.com","NG","US",447557,"3.7387","0.0016"
"www.gossipnigeria.com","NG","US",259254,"3.7387","0.0009"
"www.hallmarknews.com","NG","DE",1169320,"3.7387","0.0041"
"www.huhuonline.com","NG","BG",8183,"3.7387","0.0000"
"www.ilorin.info","NG","US",98743,"3.7387","0.0003"
"www.imostateblog.com","NG","US",989968,"3.7387","0.0034"
"www.imotrumpeta.com","NG","US",799376,"3.7387","0.0028"
"www.indepthnigeria.com","NG","US",273431,"3.7387","0.0010"
"www.infonigeria.net","NG","VG",9329,"3.7387","0.0000"
"www.informationng.com","NG","US",2484477,"3.7387","0.0087"
"www.ionigeria.com","NG","US",2313891,"3.7387","0.0081"
"www.iq4news.com","NG","US",349209,"3.7387","0.0012"
"www.kwaranews.com","NG","US",287194,"3.7387","0.0010"
"www.latestnigeriannews.com","NG","US",365873,"3.7387","0.0013"
"www.medianigeria.com","NG","US",788733,"3.7387","0.0027"
"www.mydailynewswatchng.com","NG","US",1217179,"3.7387","0.0042"
"www.naij.com","NG","US",790708,"3.7387","0.0028"
"www.naijalately.com","NG","US",481709,"3.7387","0.0017"
"www.naijaleaks.org","NG","AU",329991,"3.7387","0.0011"
"www.nairaland.com","NG","US",43835,"3.7387","0.0002"
"www.nan.ng","NG","US",2529491,"3.7387","0.0088"
"www.nationalaccordnewspaper.com","NG","BG",3851799,"3.7387","0.0134"
"www.nationaldailyng.com","NG","US",13233464,"3.7387","0.0461"
"www.nationalnetworkonline.com","NG","US",72174,"3.7387","0.0003"
"www.news24.com.ng","NG","ZA",171965,"3.7387","0.0006"
"www.news247.com.ng","NG","",272861,"3.7387","0.0010"
"www.newsday.com.ng","NG","NL",1084560,"3.7387","0.0038"
"www.newsdirectonline.com","NG","CA",869540,"3.7387","0.0030"
"www.newsexpressngr.com","NG","US",14351,"3.7387","0.0000"
"www.newsjournal.com.ng","NG","US",2620266,"3.7387","0.0091"
"www.newsng.com","NG","US",1000029,"3.7387","0.0035"
"www.nigerdeltastandard.com","NG","US",361154,"3.7387","0.0013"
"www.nigeria-news-world.com","NG","US",481817,"3.7387","0.0017"
"www.nigeria70.com","NG","US",165489,"3.7387","0.0006"
"www.nigeriahornnewspapers.com","NG","NL",330010,"3.7387","0.0011"
"www.nigeriancurrent.com","NG","US",1415535,"3.7387","0.0049"
"www.nigerianewsday.com","NG","US",1750846,"3.7387","0.0061"
"www.nigerianeye.com","NG","US",1602180,"3.7387","0.0056"
"www.nigerianmonitor.com","NG","US",3844053,"3.7387","0.0134"
"www.nigeriannews.com","NG","US",11958,"3.7387","0.0000"
"www.nigerianobservernews.com","NG","US",1249708,"3.7387","0.0044"
"www.nigerianorientnews.com","NG","US",329991,"3.7387","0.0011"
"www.nigeriapolitico.net","NG","US",273412,"3.7387","0.0010"
"www.nigeriasun.com","NG","US",987119,"3.7387","0.0034"
"www.nigeriavillagesquare.com","NG","US",954372,"3.7387","0.0033"
"www.nigeriaworld.com","NG","US",213172,"3.7387","0.0007"
"www.ntalagoschannel10.net","NG","",179059,"3.7387","0.0006"
"www.ntanews24.tv","NG","US",273431,"3.7387","0.0010"
"www.odili.net","NG","US",235871,"3.7387","0.0008"
"www.ogtv.com.ng","NG","US",1518124,"3.7387","0.0053"
"www.ogunradio.com","NG","US",1456112,"3.7387","0.0051"
"www.ondoevents.com","NG","US",2994220,"3.7387","0.0104"
"www.ondonews.com","NG","VG",9329,"3.7387","0.0000"
"www.opinionnigeria.com","NG","US",1525758,"3.7387","0.0053"
"www.osundefender.org","NG","US",3001245,"3.7387","0.0105"
"www.peoplesdailyng.com","NG","US",549191,"3.7387","0.0019"
"www.persecondnews.com","NG","US",1381885,"3.7387","0.0048"
"www.ph-microscope.com","NG","US",5317609,"3.7387","0.0185"
"www.pmnewsnigeria.com","NG","US",3897919,"3.7387","0.0136"
"www.premiumtimesng.com","NG","NL",1700135,"3.7387","0.0059"
"www.promptnewsonline.com","NG","US",1111684,"3.7387","0.0039"
"www.punchng.com","NG","US",853856,"3.7387","0.0030"
"www.radiolagosekofm.net","NG","US",685438,"3.7387","0.0024"
"www.radionigeriakaduna.net","NG","US",275539,"3.7387","0.0010"
"www.radionigerialagos.com","NG","US",1403410,"3.7387","0.0049"
"www.sensornewsonline.com.ng","NG","GB",1353949,"3.7387","0.0047"
"www.sharpedgenews.com","NG","US",643653,"3.7387","0.0022"
"www.theabujainquirer.com","NG","US",592384,"3.7387","0.0021"
"www.thebreakingtimes.com","NG","US",1317674,"3.7387","0.0046"
"www.thecable.ng","NG","US",3321370,"3.7387","0.0116"
"www.theheartlander.com","NG","US",1047976,"3.7387","0.0036"
"www.theheraldnews.info","NG","US",1949604,"3.7387","0.0068"
"www.theheraldng.com","NG","US",1372207,"3.7387","0.0048"
"www.theinfostrides.com","NG","US",380912,"3.7387","0.0013"
"www.thenewswriterng.com","NG","US",609926,"3.7387","0.0021"
"www.thenigerianvoice.com","NG","US",173414,"3.7387","0.0006"
"www.thetidenewsonline.com","NG","US",895781,"3.7387","0.0031"
"www.thisdaylive.com","NG","US",4410102,"3.7387","0.0154"
"www.tribune.com.ng","NG","SG",1442906,"3.7387","0.0050"
"www.turenchi.com","NG","US",718557,"3.7387","0.0025"
"www.tvcontinental.tv","NG","US",4569248,"3.7387","0.0159"
"www.urhobotimes.com","NG","US",275520,"3.7387","0.0010"
"www.vanguardngr.com","NG","US",1091657,"3.7387","0.0038"
"www.view.com.ng","NG","DE",272664,"3.7387","0.0009"
"www.yazonaija.com","NG","US",390590,"3.7387","0.0014"
"www.yohaig.com","NG","US",1011216,"3.7387","0.0035"
"www.younewsng.com","NG","US",2019690,"3.7387","0.0070"
"ynaija.com","NG","US",4637728,"3.7387","0.0161"
"focus.rw","RW","US",237693,"3.1964","0.0007"
"imvahonshya.co.rw","RW","US",13939456,"3.1964","0.0415"
"rwandawire.com","RW","US",280025,"3.1964","0.0008"
"www.newsofrwanda.com","RW","US",386597,"3.1964","0.0012"
"www.newtimes.co.rw","RW","US",44151,"3.1964","0.0001"
"www.rba.co.rw","RW","RW",6731134,"3.1964","0.0200"
"www.rnanews.com","RW","DK",440300,"3.1964","0.0013"
"www.therwandan.com","RW","FR",2254731,"3.1964","0.0067"
"www.nation.sc","SC","FR",362192,"19.1981","0.0065"
"www.sbc.sc","SC","SC",174,"19.1981","0.0000"
"www.seychellesnewsagency.com","SC","DE",383563,"19.1981","0.0069"
"www.seychellesweekly.com","SC","US",229207,"19.1981","0.0041"
"assudan.net","SD","US",1149646,"5.5690","0.0060"
"news.sudanvisiondaily.com","SD","US",362100,"5.5690","0.0019"
"suna-sd.net","SD","SD",7495281,"5.5690","0.0389"
"www.almshaheer.com","SD","DE",383879,"5.5690","0.0020"
"www.alsahafa.info","SD","US",275539,"5.5690","0.0014"
"www.rayaam.net","SD","US",329991,"5.5690","0.0017"
"www.sudanile.com","SD","GB",60492,"5.5690","0.0003"
"www.sudanjem.com","SD","NL",1806683,"5.5690","0.0094"
"www.sudantribune.com","SD","FR",259238,"5.5690","0.0013"
"www.sudantribune.net","SD","FR",196514,"5.5690","0.0010"
"awoko.org","SL","US",466055,"10.5184","0.0046"
"newctzen.com","SL","GB",330010,"10.5184","0.0032"
"politicosl.com","SL","US",930512,"10.5184","0.0091"
"radiodemocracy.sl","SL","NL",13540577,"10.5184","0.1326"
"salonepost.com","SL","US",3530,"10.5184","0.0000"
"slconcordtimes.com","SL","US",892594,"10.5184","0.0087"
"slpublicopinion.wordpress.com","SL","US",820828,"10.5184","0.0080"
"standardtimespress.org","SL","BG",732627,"10.5184","0.0072"
"thenewrisingsun.net","SL","US",6880,"10.5184","0.0001"
"www.apctimes.com","SL","US",973163,"10.5184","0.0095"
"www.cottontreenews.org","SL","CH",34245,"10.5184","0.0003"
"www.critiqueecho.com","SL","DK",3412098,"10.5184","0.0334"
"www.expotimesonline.net","SL","CA",252681,"10.5184","0.0025"
"www.ktvsl.com","SL","BG",1545343,"10.5184","0.0151"
"www.palmtreereports.com","SL","VG",9329,"10.5184","0.0001"
"www.premiermedia.sl","SL","US",347215,"10.5184","0.0034"
"www.salonereporter.net","SL","US",182101,"10.5184","0.0018"
"www.salonetoday.com","SL","IL",1070716,"10.5184","0.0105"
"www.sierraexpressmedia.com","SL","GB",1382502,"10.5184","0.0135"
"www.sierraherald.com","SL","GB",1083,"10.5184","0.0000"
"www.sierraleonenews.net","SL","US",1009874,"10.5184","0.0099"
"www.sierraleonepress.com","SL","US",480395,"10.5184","0.0047"
"www.sierraleonetimes.com","SL","US",1020076,"10.5184","0.0100"
"www.statehouse.gov.sl","SL","US",3298614,"10.5184","0.0323"
"www.switsalone.com","SL","US",1584222,"10.5184","0.0155"
"www.thenewpeople.com","SL","US",185198,"10.5184","0.0018"
"www.thepatrioticvanguard.com","SL","FR",2644,"10.5184","0.0000"
"www.thesierraleonetelegraph.com","SL","US",1330137,"10.5184","0.0130"
"www.thisissierraleone.com","SL","US",9846444,"10.5184","0.0965"
"www.voice-of-binkongoh.info","SL","US",1315607,"10.5184","0.0129"
"news.google.com","SN","US",602914,"7.1884","0.0040"
"senego.com","SN","US",3475080,"7.1884","0.0233"
"www.actusen.com","SN","FR",1278579,"7.1884","0.0086"
"www.aps.sn","SN","FR",461756,"7.1884","0.0031"
"www.arenebi.com","SN","CA",2431998,"7.1884","0.0163"
"www.au-senegal.com","SN","FR",168447,"7.1884","0.0011"
"www.dakaractu.com","SN","FR",14895632,"7.1884","0.0997"
"www.enqueteplus.com","SN","EU",1120679,"7.1884","0.0075"
"www.homeviewsenegal.com","SN","US",1444001,"7.1884","0.0097"
"www.igfm.sn","SN","GB",1459586,"7.1884","0.0098"
"www.lequotidien.sn","SN","US",1129317,"7.1884","0.0076"
"www.leral.net","SN","FR",5771390,"7.1884","0.0386"
"www.lesoleil.sn","SN","CH",327905,"7.1884","0.0022"
"www.leuksenegal.com","SN","US",199846,"7.1884","0.0013"
"www.rts.sn","SN","IT",1065926,"7.1884","0.0071"
"www.sen24heures.com","SN","FR",79784,"7.1884","0.0005"
"www.sen360.com","SN","FR",7345087,"7.1884","0.0492"
"www.senenews.com","SN","DE",812150,"7.1884","0.0054"
"www.senetoile.net","SN","GB",4462121,"7.1884","0.0299"
"www.seneweb.com","SN","US",8089219,"7.1884","0.0542"
"www.sudonline.sn","SN","US",98258,"7.1884","0.0007"
"www.walf-groupe.com","SN","FR",270199,"7.1884","0.0018"
"xalimasn.com","SN","US",2636824,"7.1884","0.0177"
"almaugif.com","SS","US",19256,"6.5254","0.0001"
"eyeradio.org","SS","SG",1005942,"6.5254","0.0061"
"sosanews.com","SS","US",414124,"6.5254","0.0025"
"southsudantoday.net","SS","US",361135,"6.5254","0.0022"
"southsudantribune.org","SS","US",264650,"6.5254","0.0016"
"www.bakhitaradio.org","SS","AU",1681097,"6.5254","0.0102"
"www.gurtong.net","SS","GB",1771019,"6.5254","0.0108"
"www.newsudanvision.com","SS","CA",115396,"6.5254","0.0007"
"www.southsudannation.com","SS","US",2524291,"6.5254","0.0153"
"www.southsudannewsagency.com","SS","US",49,"6.5254","0.0000"
"www.southsudantoday.net","SS","US",361154,"6.5254","0.0022"
"www.sudantribune.com","SS","FR",259238,"6.5254","0.0016"
"www.sudantribune.net","SS","FR",196514,"6.5254","0.0012"
"www.stp-press.st","ST","BG",721615,"9.6476","0.0065"
"www.stpdigital.net","ST","PT",909740,"9.6476","0.0082"
"www.telanon.info","ST","FR",2142062,"9.6476","0.0192"
"www.vitrina.st","ST","SE",39803,"9.6476","0.0004"
"tchadinfos.com","TD","US",4153311,"21.5484","0.0834"
"www.alwihdainfo.com","TD","FR",3059438,"21.5484","0.0614"
"www.journaldutchad.com","TD","FR",484487,"21.5484","0.0097"
"www.tchadactuel.com","TD","US",493002,"21.5484","0.0099"
"www.tchadvision.com","TD","US",192103,"21.5484","0.0039"
"atoptogo.blogspot.com","TG","US",173081,"8.5296","0.0014"
"lalternative-togo.com","TG","US",329991,"8.5296","0.0026"
"letempstg.com","TG","US",2505648,"8.5296","0.0199"
"togozine.com","TG","US",2966065,"8.5296","0.0236"
"tvt.tg","TG","US",1052739,"8.5296","0.0084"
"www.alome.com","TG","US",436887,"8.5296","0.0035"
"www.etiame.com","TG","FR",2989425,"8.5296","0.0237"
"www.focusinfos.net","TG","FR",796899,"8.5296","0.0063"
"www.icilome.com","TG","CA",1562630,"8.5296","0.0124"
"www.lomecite.com","TG","IN",1823771,"8.5296","0.0145"
"www.lomeinfos.com","TG","US",2168714,"8.5296","0.0172"
"www.radiogameli.com","TG","DK",584657,"8.5296","0.0046"
"www.radiolome.tg","TG","US",2907978,"8.5296","0.0231"
"www.togoactualite.com","TG","FR",1636766,"8.5296","0.0130"
"www.tultogo.com","TG","FR",11080,"8.5296","0.0001"
"ar.leaders.com.tn","TN","FR",43,"2.9269","0.0000"
"www.assabah.com.tn","TN","FR",606202,"2.9269","0.0017"
"www.attounissia.com.tn","TN","DE",17915,"2.9269","0.0000"
"www.babnet.net","TN","US",505117,"2.9269","0.0014"
"www.gnet.tn","TN","TN",148464,"2.9269","0.0004"
"www.infotunisie.com","TN","FR",718743,"2.9269","0.0020"
"www.lapresse.tn","TN","TN",234812,"2.9269","0.0006"
"www.leaders.com.tn","TN","FR",43,"2.9269","0.0000"
"www.leconomistemaghrebin.com","TN","FR",621788,"2.9269","0.0017"
"www.lemaghreb.tn","TN","GB",203460,"2.9269","0.0006"
"www.letemps.com.tn","TN","FR",655096,"2.9269","0.0018"
"www.lexpertjournal.net","TN","FR",2047435,"2.9269","0.0056"
"www.radiotunis.com","TN","US",1166915,"2.9269","0.0032"
"www.realites.com.tn","TN","US",1547160,"2.9269","0.0042"
"www.tunisiadaily.com","TN","US",1158882,"2.9269","0.0032"
"www.tunisiaonlinenews.com","TN","US",397667,"2.9269","0.0011"
"www.tunisiefocus.com","TN","FR",433001,"2.9269","0.0012"
"www.tunivisions.net","TN","FR",1484695,"2.9269","0.0040"
"www.watania1.tn","TN","NL",1657101,"2.9269","0.0045"
"jamboleonews.blogspot.com","TZ","US",172131,"3.3433","0.0005"
"majira-hall.blogspot.com","TZ","US",724086,"3.3433","0.0023"
"mtanzania.co.tz","TZ","CA",766135,"3.3433","0.0024"
"mzalendo.net","TZ","US",1279118,"3.3433","0.0040"
"news.google.com","TZ","US",602914,"3.3433","0.0019"
"startvtz.com","TZ","US",302016,"3.3433","0.0009"
"www.arushatimes.co.tz","TZ","DE",5198,"3.3433","0.0000"
"www.businesstimes.co.tz","TZ","DE",273412,"3.3433","0.0009"
"www.dailynews.co.tz","TZ","US",465057,"3.3433","0.0014"
"www.freemedia.co.tz","TZ","SE",2029919,"3.3433","0.0063"
"www.habarileo.co.tz","TZ","US",51203,"3.3433","0.0002"
"www.magazetini.com","TZ","US",44456,"3.3433","0.0001"
"www.mwanahalisi.co.tz","TZ","US",25273,"3.3433","0.0001"
"www.mwananchi.co.tz","TZ","GB",266687,"3.3433","0.0008"
"www.mwanaspoti.co.tz","TZ","GB",276953,"3.3433","0.0009"
"www.nifahamishe.com","TZ","US",98258,"3.3433","0.0003"
"www.raiamwema.co.tz","TZ","CA",698272,"3.3433","0.0022"
"www.tanzaniatoday.co.tz","TZ","US",37620113,"3.3433","0.1171"
"www.tbc.go.tz","TZ","TZ",61356,"3.3433","0.0002"
"www.thecitizen.co.tz","TZ","GB",44785,"3.3433","0.0001"
"www.theeastafrican.co.ke","TZ","US",668340,"3.3433","0.0021"
"abcafricanews.com","UG","US",1565943,"6.8062","0.0099"
"bbstv.ug","UG","US",2681207,"6.8062","0.0170"
"capitalradio.co.ug","UG","US",6433611,"6.8062","0.0408"
"dailypost.ug","UG","US",2174653,"6.8062","0.0138"
"eagle.co.ug","UG","US",900518,"6.8062","0.0057"
"kampalasun.co.ug","UG","US",2053671,"6.8062","0.0130"
"kfm.co.ug","UG","US",268247,"6.8062","0.0017"
"nbs.ug","UG","US",2101143,"6.8062","0.0133"
"news.google.com","UG","US",602914,"6.8062","0.0038"
"newslexpoint.com","UG","GB",7660293,"6.8062","0.0486"
"radioonefm90.com","UG","MU",1597110,"6.8062","0.0101"
"theinsider.ug","UG","US",3187908,"6.8062","0.0202"
"theinvestigatornews.com","UG","US",1480663,"6.8062","0.0094"
"tvwest.co.ug","UG","US",2527269,"6.8062","0.0160"
"ubc.ug","UG","US",1633007,"6.8062","0.0104"
"ugandaradionetwork.com","UG","US",98672,"6.8062","0.0006"
"www.acholitimes.com","UG","US",1272979,"6.8062","0.0081"
"www.akaboozi.fm","UG","MU",784475,"6.8062","0.0050"
"www.bugandawatch.com","UG","US",3143644,"6.8062","0.0199"
"www.bukedde.co.ug","UG","SG",726287,"6.8062","0.0046"
"www.independent.co.ug","UG","GB",5420564,"6.8062","0.0344"
"www.kawowo.com","UG","CA",1947449,"6.8062","0.0123"
"www.mediacentre.go.ug","UG","DE",811917,"6.8062","0.0051"
"www.monitor.co.ug","UG","GB",58189,"6.8062","0.0004"
"www.newvision.co.ug","UG","SG",926222,"6.8062","0.0059"
"www.ntv.co.ug","UG","US",1234378,"6.8062","0.0078"
"www.observer.ug","UG","US",672910,"6.8062","0.0043"
"www.radiowa.org","UG","IT",1876109,"6.8062","0.0119"
"www.ugandanews.net","UG","US",992175,"6.8062","0.0063"
"xpresstimes.co.ug","UG","US",2668601,"6.8062","0.0169"
"africanreporter.co.za","ZA","US",1394301,"11.1144","0.0144"
"albertonrecord.co.za","ZA","US",1938777,"11.1144","0.0201"
"alexnews.co.za","ZA","US",1272885,"11.1144","0.0132"
"bedfordviewedenvalenews.co.za","ZA","US",1575230,"11.1144","0.0163"
"benonicitytimes.co.za","ZA","US",1474043,"11.1144","0.0153"
"bereamail.co.za","ZA","US",1636272,"11.1144","0.0169"
"boksburgadvertiser.co.za","ZA","US",2383537,"11.1144","0.0247"
"brakpanherald.co.za","ZA","US",1503251,"11.1144","0.0156"
"buzzsouthafrica.com","ZA","US",544728,"11.1144","0.0056"
"citizen.co.za","ZA","ZA",2580479,"11.1144","0.0267"
"citybuzz.co.za","ZA","US",1216760,"11.1144","0.0126"
"comarochronicle.co.za","ZA","US",1230093,"11.1144","0.0127"
"dieson.mobi","ZA","ZA",175914,"11.1144","0.0018"
"ewn.co.za","ZA","ZA",4931507,"11.1144","0.0510"
"fourwaysreview.co.za","ZA","US",1279256,"11.1144","0.0132"
"germistoncitynews.co.za","ZA","US",1483467,"11.1144","0.0154"
"highwaymail.co.za","ZA","US",1356929,"11.1144","0.0140"
"isoexpress.co.za","ZA","ZA",176475,"11.1144","0.0018"
"joburgeastexpress.co.za","ZA","US",1246235,"11.1144","0.0129"
"kemptonexpress.co.za","ZA","US",1540193,"11.1144","0.0159"
"krugersdorpnews.co.za","ZA","US",1502262,"11.1144","0.0156"
"ladysmithgazette.co.za","ZA","US",2768090,"11.1144","0.0287"
"landbou.com","ZA","ZA",483751,"11.1144","0.0050"
"lowvelder.co.za","ZA","US",1555978,"11.1144","0.0161"
"maritzburgsun.co.za","ZA","US",1585280,"11.1144","0.0164"
"mg.co.za","ZA","US",3383351,"11.1144","0.0350"
"midrandreporter.co.za","ZA","US",1280987,"11.1144","0.0133"
"mthathaexpress.co.za","ZA","ZA",176475,"11.1144","0.0018"
"newcastleadvertiser.co.za","ZA","US",1525753,"11.1144","0.0158"
"news.google.com","ZA","US",602914,"11.1144","0.0062"
"northcliffmelvilletimes.co.za","ZA","US",1492522,"11.1144","0.0154"
"northeasterntribune.co.za","ZA","US",1279225,"11.1144","0.0132"
"northglennews.co.za","ZA","US",1843437,"11.1144","0.0191"
"polokwaneexpress.co.za","ZA","ZA",1454670,"11.1144","0.0151"
"randburgsun.co.za","ZA","US",1503816,"11.1144","0.0156"
"rekordcenturion.co.za","ZA","US",1742920,"11.1144","0.0180"
"rekordeast.co.za","ZA","US",1793546,"11.1144","0.0186"
"risingsunchatsworth.co.za","ZA","US",3261983,"11.1144","0.0338"
"sandtonchronicle.co.za","ZA","US",1398057,"11.1144","0.0145"
"sandtonmag.co.za","ZA","US",368851,"11.1144","0.0038"
"sedibengster.com","ZA","ZA",598332,"11.1144","0.0062"
"southafricatoday.net","ZA","US",930887,"11.1144","0.0096"
"southcoastherald.co.za","ZA","US",2062365,"11.1144","0.0213"
"southcoastsun.co.za","ZA","US",2123525,"11.1144","0.0220"
"southlandssun.co.za","ZA","US",2745024,"11.1144","0.0284"
"stfrancischronicle.com","ZA","US",867690,"11.1144","0.0090"
"www.702.co.za","ZA","ZA",413638,"11.1144","0.0043"
"www.ann7.com","ZA","ZA",5154806,"11.1144","0.0534"
"www.ballitonews.co.za","ZA","US",1684233,"11.1144","0.0174"
"www.beeld.com","ZA","ZA",782861,"11.1144","0.0081"
"www.capetalk.co.za","ZA","ZA",348871,"11.1144","0.0036"
"www.carletonvilleherald.com","ZA","ZA",638054,"11.1144","0.0066"
"www.cbn.co.za","ZA","ZA",915099,"11.1144","0.0095"
"www.channelafrica.co.za","ZA","ZA",996,"11.1144","0.0000"
"www.citypress.co.za","ZA","ZA",16881813,"11.1144","0.1747"
"www.cxpress.co.za","ZA","ZA",53097,"11.1144","0.0005"
"www.dailymaverick.co.za","ZA","US",522657,"11.1144","0.0054"
"www.dieburger.com","ZA","ZA",745997,"11.1144","0.0077"
"www.dispatchlive.co.za","ZA","US",1466023,"11.1144","0.0152"
"www.districtmail.com","ZA","ZA",789358,"11.1144","0.0082"
"www.durbannews.co.za","ZA","US",39984200,"11.1144","0.4139"
"www.eastlondonexpress.co.za","ZA","ZA",171965,"11.1144","0.0018"
"www.ecr.co.za","ZA","US",2427494,"11.1144","0.0251"
"www.edenexpress.co.za","ZA","ZA",171965,"11.1144","0.0018"
"www.edgecommunitynews.com","ZA","DE",2677224,"11.1144","0.0277"
"www.eikestadnuus.co.za","ZA","ZA",787310,"11.1144","0.0081"
"www.enca.com","ZA","IE",17343,"11.1144","0.0002"
"www.expatica.com","ZA","NL",589147,"11.1144","0.0061"
"www.gbn.co.za","ZA","ZA",446761,"11.1144","0.0046"
"www.georgeherald.com","ZA","ZA",1122248,"11.1144","0.0116"
"www.greytown.co.za","ZA","ZA",526316,"11.1144","0.0054"
"www.grocotts.co.za","ZA","ZA",6079603,"11.1144","0.0629"
"www.heidelbergnigelheraut.co.za","ZA","US",2004711,"11.1144","0.0208"
"www.heraldlive.co.za","ZA","US",1427842,"11.1144","0.0148"
"www.hermanustimes.co.za","ZA","ZA",789358,"11.1144","0.0082"
"www.ilanganews.co.za","ZA","ZA",418859,"11.1144","0.0043"
"www.iol.co.za","ZA","US",382029,"11.1144","0.0040"
"www.jbaynews.com","ZA","ZA",618101,"11.1144","0.0064"
"www.kbn.co.za","ZA","ZA",431559,"11.1144","0.0045"
"www.koerant.co.za","ZA","BG",1424735,"11.1144","0.0147"
"www.kormorant.co.za","ZA","US",1159393,"11.1144","0.0120"
"www.kougaexpress.co.za","ZA","ZA",171965,"11.1144","0.0018"
"www.kwevoel.co.za","ZA","ZA",2147330,"11.1144","0.0222"
"www.lenasia-times.co.za","ZA","US",126348,"11.1144","0.0013"
"www.lenzinfo.co.za","ZA","US",892377,"11.1144","0.0092"
"www.netwerk24.com","ZA","ZA",12804973,"11.1144","0.1325"
"www.news.co.za","ZA","GB",3663761,"11.1144","0.0379"
"www.news24.com","ZA","ZA",179885,"11.1144","0.0019"
"www.noseweek.co.za","ZA","ZA",316886,"11.1144","0.0033"
"www.observer.co.za","ZA","ZA",1509712,"11.1144","0.0156"
"www.ofm.co.za","ZA","ZA",1548386,"11.1144","0.0160"
"www.paarlpost.co.za","ZA","ZA",785262,"11.1144","0.0081"
"www.pe-express.co.za","ZA","ZA",171965,"11.1144","0.0018"
"www.peoplespost.co.za","ZA","ZA",171965,"11.1144","0.0018"
"www.pmbfever.co.za","ZA","ZA",171965,"11.1144","0.0018"
"www.politicsweb.co.za","ZA","ZA",4240,"11.1144","0.0000"
"www.polity.org.za","ZA","ZA",131377,"11.1144","0.0014"
"www.potchefstroomherald.co.za","ZA","ZA",1479450,"11.1144","0.0153"
"www.rapport.co.za","ZA","ZA",738829,"11.1144","0.0076"
"www.risingsunlenasia.co.za","ZA","US",1017283,"11.1144","0.0105"
"www.sabc.co.za","ZA","ZA",1947787,"11.1144","0.0202"
"www.sagoodnews.co.za","ZA","DE",4450248,"11.1144","0.0461"
"www.sake24.com","ZA","ZA",769902,"11.1144","0.0080"
"www.southafrica.info","ZA","ZA",43772,"11.1144","0.0005"
"www.southafrica2day.com","ZA","US",819518,"11.1144","0.0085"
"www.sowetanlive.co.za","ZA","US",63102,"11.1144","0.0007"
"www.sport24.co.za","ZA","ZA",177206,"11.1144","0.0018"
"www.sportelizabeth.co.za","ZA","ZA",1510672,"11.1144","0.0156"
"www.sunshinecoastexpress.co.za","ZA","ZA",172065,"11.1144","0.0018"
"www.supersport.com","ZA","ZA",277549,"11.1144","0.0029"
"www.theannouncer.co.za","ZA","ZA",968141,"11.1144","0.0100"
"www.thebugle.co.za","ZA","ZA",446539,"11.1144","0.0046"
"www.thenewage.co.za","ZA","ZA",2842350,"11.1144","0.0294"
"www.thenewspaper.co.za","ZA","US",1246873,"11.1144","0.0129"
"www.timeslive.co.za","ZA","US",12748,"11.1144","0.0001"
"www.tygerburger.co.za","ZA","ZA",795502,"11.1144","0.0082"
"www.ud-news.co.za","ZA","ZA",172065,"11.1144","0.0018"
"www.umhlanganews.co.za","ZA","US",9815840,"11.1144","0.1016"
"www.vaalweekblad.com","ZA","ZA",702028,"11.1144","0.0073"
"www.vocfm.co.za","ZA","DE",8315046,"11.1144","0.0861"
"www.volksblad.com","ZA","ZA",785933,"11.1144","0.0081"
"www.weslander.co.za","ZA","ZA",786286,"11.1144","0.0081"
"www.zoutnet.co.za","ZA","ZA",90055,"11.1144","0.0009"
"zululandobserver.co.za","ZA","US",2205008,"11.1144","0.0228"
"breezefmchipata.com","ZM","DK",19190938,"16.4945","0.2948"
"lusakastar.com","ZM","DE",2562544,"16.4945","0.0394"
"lusakavoice.com","ZM","US",860505,"16.4945","0.0132"
"maravi.blogspot.com","ZM","US",173556,"16.4945","0.0027"
"theglobenewspaper.blogspot.com","ZM","US",172131,"16.4945","0.0026"
"ukzambians.co.uk","ZM","NL",607243,"16.4945","0.0093"
"www.chikuniradiozm.org","ZM","US",118192,"16.4945","0.0018"
"www.daily-mail.co.zm","ZM","ZM",16561833,"16.4945","0.2544"
"www.dailynation.news","ZM","US",788034,"16.4945","0.0121"
"www.flavafm.co.zm","ZM","US",569648,"16.4945","0.0088"
"www.kitwetimes.com","ZM","US",1032219,"16.4945","0.0159"
"www.lusakatimes.com","ZM","US",1027638,"16.4945","0.0158"
"www.miningnewszambia.com","ZM","ZA",1771019,"16.4945","0.0272"
"www.muvitv.com","ZM","US",1986203,"16.4945","0.0305"
"www.mwebantu.news","ZM","US",421295,"16.4945","0.0065"
"www.openzambia.com","ZM","US",1380335,"16.4945","0.0212"
"www.pgzambia.com","ZM","GB",532388,"16.4945","0.0082"
"www.qfmzambia.com","ZM","US",856378,"16.4945","0.0132"
"www.radiomaria.org.zm","ZM","IT",5899751,"16.4945","0.0906"
"www.talk90point5.co.zm","ZM","ZM",3969377,"16.4945","0.0610"
"www.techtrends.co.zm","ZM","GB",12675479,"16.4945","0.1947"
"www.themastonline.com","ZM","ZA",1852774,"16.4945","0.0285"
"www.times.co.zm","ZM","ZA",1370069,"16.4945","0.0210"
"www.tumfweko.com","ZM","US",818942,"16.4945","0.0126"
"www.zambiainvest.com","ZM","IT",920967,"16.4945","0.0141"
"www.zambian-economist.com","ZM","US",177256,"16.4945","0.0027"
"www.zambian.com","ZM","US",206117,"16.4945","0.0032"
"www.zambianews.net","ZM","US",1019661,"16.4945","0.0157"
"www.zambianewsonline.com","ZM","DE",1445426,"16.4945","0.0222"
"www.zambianintelligencenews.com","ZM","US",686758,"16.4945","0.0105"
"www.zambianobserver.com","ZM","US",1436932,"16.4945","0.0221"
"www.zambianpolitics.com","ZM","GB",1890180,"16.4945","0.0290"
"www.zambiawatchdog.com","ZM","US",227360,"16.4945","0.0035"
"www.znbc.co.zm","ZM","US",6790679,"16.4945","0.1043"
"zambia-times.com","ZM","GB",423228,"16.4945","0.0065"
"zambia24.com","ZM","US",289594,"16.4945","0.0044"
"zambiabusinesstimes.com","ZM","ZA",7167678,"16.4945","0.1101"
"zambianewsnetwork.com","ZM","US",1351389,"16.4945","0.0208"
"zambianeye.com","ZM","US",736952,"16.4945","0.0113"
"zambiareports.com","ZM","GB",738886,"16.4945","0.0114"
"263chat.com","ZW","US",1227235,"31.6667","0.0362"
"bulawayo24.com","ZW","GB",499599,"31.6667","0.0147"
"hmetro.co.zw","ZW","US",779196,"31.6667","0.0230"
"iharare.com","ZW","US",1253042,"31.6667","0.0370"
"kwekwebiz.com","ZW","US",2241287,"31.6667","0.0661"
"manicapost.co.zw","ZW","US",1068473,"31.6667","0.0315"
"nehandaradio.com","ZW","US",1524020,"31.6667","0.0449"
"nehandatv.com","ZW","US",443610,"31.6667","0.0131"
"news.google.com","ZW","US",602914,"31.6667","0.0178"
"newsofthesouth.com","ZW","GB",618706,"31.6667","0.0182"
"newsvyb.com","ZW","US",134822,"31.6667","0.0040"
"newzimbabwevision.com","ZW","DE",1389506,"31.6667","0.0410"
"nhasimugweru.blogspot.com","ZW","US",209515,"31.6667","0.0062"
"patsakacommunityradio.org","ZW","US",1392362,"31.6667","0.0411"
"source.co.zw","ZW","US",1619681,"31.6667","0.0478"
"sportbrief.co.zw","ZW","GB",1728621,"31.6667","0.0510"
"thepeoplesvoice.org.zw","ZW","GB",553410,"31.6667","0.0163"
"thesoutherndaily.co.zw","ZW","US",810763,"31.6667","0.0239"
"thezimbabwemail.com","ZW","US",1984799,"31.6667","0.0585"
"victoriafalls24.com","ZW","ZA",4123456,"31.6667","0.1216"
"www.3-mob.com","ZW","US",842786,"31.6667","0.0249"
"www.b-metro.co.zw","ZW","ZA",1180480,"31.6667","0.0348"
"www.bh24.co.zw","ZW","US",1358230,"31.6667","0.0401"
"www.bizday.co.zw","ZW","",121692,"31.6667","0.0036"
"www.businessdaily.co.zw","ZW","GB",727448,"31.6667","0.0215"
"www.chronicle.co.zw","ZW","US",4686082,"31.6667","0.1382"
"www.financialgazette.co.zw","ZW","ZA",5197867,"31.6667","0.1533"
"www.harare24.com","ZW","GB",266919,"31.6667","0.0079"
"www.hararenews.co.zw","ZW","GB",847453,"31.6667","0.0250"
"www.herald.co.zw","ZW","US",1427630,"31.6667","0.0421"
"www.insiderzim.com","ZW","CA",150564,"31.6667","0.0044"
"www.kwayedza.co.zw","ZW","US",804198,"31.6667","0.0237"
"www.masvingomirror.com","ZW","US",308297,"31.6667","0.0091"
"www.mybulawayo.com","ZW","NL",685532,"31.6667","0.0202"
"www.myzimbabwe.co.zw","ZW","US",1080757,"31.6667","0.0319"
"www.newsday.co.zw","ZW","BG",2258819,"31.6667","0.0666"
"www.newsdzezimbabwe.co.uk","ZW","US",215441,"31.6667","0.0064"
"www.newzimbabwe.com","ZW","GB",214253,"31.6667","0.0063"
"www.radiovop.com","ZW","ZA",229583,"31.6667","0.0068"
"www.soccer24.co.zw","ZW","GB",1729692,"31.6667","0.0510"
"www.southerneye.co.zw","ZW","BG",259985,"31.6667","0.0077"
"www.sundaymail.co.zw","ZW","US",2110233,"31.6667","0.0622"
"www.sundaynews.co.zw","ZW","ZA",1190696,"31.6667","0.0351"
"www.technomag.co.zw","ZW","US",2172865,"31.6667","0.0641"
"www.techzim.co.zw","ZW","GB",1833426,"31.6667","0.0541"
"www.tellzim.com","ZW","US",1458548,"31.6667","0.0430"
"www.thebusinessconnect.co.zw","ZW","US",3310589,"31.6667","0.0976"
"www.theindependent.co.zw","ZW","BG",1777469,"31.6667","0.0524"
"www.thepatriot.co.zw","ZW","ZA",3436138,"31.6667","0.1013"
"www.thestandard.co.zw","ZW","BG",693988,"31.6667","0.0205"
"www.thezimbabwean.co","ZW","US",759004,"31.6667","0.0224"
"www.thezimbabwedaily.com","ZW","GB",707489,"31.6667","0.0209"
"www.thezimbabwenewslive.com","ZW","US",567697,"31.6667","0.0167"
"www.umthunywa.co.zw","ZW","ZA",1155899,"31.6667","0.0341"
"www.voandebele.com","ZW","NL",121032,"31.6667","0.0036"
"www.voashona.com","ZW","NL",58374,"31.6667","0.0017"
"www.voazimbabwe.com","ZW","NL",56258,"31.6667","0.0017"
"www.zbc.co.zw","ZW","US",3588031,"31.6667","0.1058"
"www.zimbabwebusinessnews.com","ZW","US",1770,"31.6667","0.0001"
"www.zimbabwelatestnews.net","ZW","US",1489651,"31.6667","0.0439"
"www.zimbabwenews.net","ZW","US",1017931,"31.6667","0.0300"
"www.zimbabwenews.today","ZW","US",303007,"31.6667","0.0089"
"www.zimbabwenewsonline.com","ZW","US",1034194,"31.6667","0.0305"
"www.zimbabweonlinenews.com","ZW","US",366968,"31.6667","0.0108"
"www.zimbabwesituation.com","ZW","NL",264006,"31.6667","0.0078"
"www.zimbabwestar.com","ZW","US",998336,"31.6667","0.0294"
"www.zimbojam.com","ZW","GB",1279523,"31.6667","0.0377"
"www.zimdaily.com","ZW","BG",1939303,"31.6667","0.0572"
"www.zimeye.net","ZW","US",1905596,"31.6667","0.0562"
"www.zimmetro.com","ZW","DE",779945,"31.6667","0.0230"
"zifmstereo.co.zw","ZW","US",701134,"31.6667","0.0207"
"zimbabwe-today.com","ZW","US",2486991,"31.6667","0.0733"
"zimbabwedigitalnews.com","ZW","ZA",34130259,"31.6667","1.0066"
"zimbabweelection.com","ZW","US",1293402,"31.6667","0.0381"
"zimbabwehub.com","ZW","US",3127058,"31.6667","0.0922"
"zimbabwenews.co.uk","ZW","US",1348089,"31.6667","0.0398"
"zimbuzz.co.zw","ZW","US",692871,"31.6667","0.0204"
"zimmetro.net","ZW","GB",372502,"31.6667","0.0110"
"zimnews.net","ZW","US",1231562,"31.6667","0.0363"
"zimonlinenews.com","ZW","CA",2205437,"31.6667","0.0650"
