domain|cc|ProbeInfo|TestDateTime|StatusCode|StatusText|DNSLookupTime|Destination|HTTPStatus|InitialConnection|NumberOfRequests|PageLoadTime|SSLNegotiationTime|TTFB|TotalDownloadedBytes
www.voazimbabwe.com|ZW|{'ASN': 37183, 'ConnectionType': 'Ethernet', 'CountryCode': 'ZW', 'DNSResolver': '196.29.32.254', 'GeolocationAccuracy': 25000, 'IPAddress': '196.43.105.34', 'Latitude': -17.8178, 'Longitude': 31.0447, 'Network': 'AfOL-Zw-NET8_B', 'NetworkID': 65920, 'Platform': 'PC', 'ProbeID': 'ee9579c4-65b0-4022-a765-a5105b208137', 'Version': '1.0.44.0'}|2018-07-08|200|OK|0|http://www.voazimbabwe.com//a/trump-officials-we-know-where-all-the-children-are/4452468.html|200|122|92|12362|108|2958|1386955
www.southerneye.co.zw|ZW|{'ASN': 37183, 'ConnectionType': 'Ethernet', 'CountryCode': 'ZW', 'DNSResolver': '196.29.32.254', 'GeolocationAccuracy': 25000, 'IPAddress': '196.43.105.34', 'Latitude': -17.8178, 'Longitude': 31.0447, 'Network': 'AfOL-Zw-NET8_B', 'NetworkID': 65920, 'Platform': 'PC', 'ProbeID': 'ee9579c4-65b0-4022-a765-a5105b208137', 'Version': '1.0.44.0'}|2018-07-08|200|OK|10|https://www.southerneye.co.zw/2017/06/01/residents-threaten-take-local-authority-head-rates/|200|471|126|5840|259|1232|1237820
www.voandebele.com|ZW|{'ASN': 37183, 'ConnectionType': 'Ethernet', 'CountryCode': 'ZW', 'DNSResolver': '196.29.32.254', 'GeolocationAccuracy': 25000, 'IPAddress': '196.43.105.34', 'Latitude': -17.8178, 'Longitude': 31.0447, 'Network': 'AfOL-Zw-NET8_B', 'NetworkID': 65920, 'Platform': 'PC', 'ProbeID': 'ee9579c4-65b0-4022-a765-a5105b208137', 'Version': '1.0.44.0'}|2018-07-08|200|OK|0|http://www.voandebele.com//a/imizamo-kamnangagwa-eyokuhuga-abalimi-abaxotshwa-ngumugabe-iphelela-eboyeni-njengezithukuthuku-zenja/4461619.html|200|93|78|6298|78|1908|1960527
www.bizday.co.zw|ZW|{'ASN': 37183, 'ConnectionType': 'Ethernet', 'CountryCode': 'ZW', 'DNSResolver': '196.29.32.254', 'GeolocationAccuracy': 25000, 'IPAddress': '196.43.105.34', 'Latitude': -17.8178, 'Longitude': 31.0447, 'Network': 'AfOL-Zw-NET8_B', 'NetworkID': 65920, 'Platform': 'PC', 'ProbeID': 'ee9579c4-65b0-4022-a765-a5105b208137', 'Version': '1.0.44.0'}|2018-07-08|200|OK|0|http://www.bizday.co.zw//mandiwanzira-says-netone-telecel-also-requested-for-data-tariff-hike/|200|109|19|5928|93|2318|222960
www.techzim.co.zw|ZW|{'ASN': 37183, 'ConnectionType': 'Ethernet', 'CountryCode': 'ZW', 'DNSResolver': '196.29.32.254', 'GeolocationAccuracy': 25000, 'IPAddress': '196.43.105.34', 'Latitude': -17.8178, 'Longitude': 31.0447, 'Network': 'AfOL-Zw-NET8_B', 'NetworkID': 65920, 'Platform': 'PC', 'ProbeID': 'ee9579c4-65b0-4022-a765-a5105b208137', 'Version': '1.0.44.0'}|2018-07-08|200|OK|8|https://www.techzim.co.zw/2018/06/heres-a-list-of-the-updates-telone-area-codes/#comments|200|674|89|4867|469|1378|1041881
www.southerneye.co.zw|ZW|{'ASN': 37183, 'ConnectionType': 'Ethernet', 'CountryCode': 'ZW', 'DNSResolver': '196.29.32.254', 'GeolocationAccuracy': 25000, 'IPAddress': '196.43.105.34', 'Latitude': -17.8178, 'Longitude': 31.0447, 'Network': 'AfOL-Zw-NET8_B', 'NetworkID': 65920, 'Platform': 'PC', 'ProbeID': 'ee9579c4-65b0-4022-a765-a5105b208137', 'Version': '1.0.44.0'}|2018-07-08|200|OK|1|https://www.southerneye.co.zw/2016/02/25/pay-attention-to-clear-red-flags-during-dating/|200|442|125|5511|250|1190|1236571
www.southerneye.co.zw|ZW|{'ASN': 37183, 'ConnectionType': 'Ethernet', 'CountryCode': 'ZW', 'DNSResolver': '196.29.32.254', 'GeolocationAccuracy': 25000, 'IPAddress': '196.43.105.34', 'Latitude': -17.8178, 'Longitude': 31.0447, 'Network': 'AfOL-Zw-NET8_B', 'NetworkID': 65920, 'Platform': 'PC', 'ProbeID': 'ee9579c4-65b0-4022-a765-a5105b208137', 'Version': '1.0.44.0'}|2018-07-08|200|OK|2|https://www.southerneye.co.zw/2017/07/25/opposition-raises-red-flag-zanu-pf-rigging-threats/|200|460|141|6341|256|1254|1368659
www.herald.co.zw|ZW|{'ASN': 37183, 'ConnectionType': 'Ethernet', 'CountryCode': 'ZW', 'DNSResolver': '196.29.32.254', 'GeolocationAccuracy': 25000, 'IPAddress': '196.43.105.34', 'Latitude': -17.8178, 'Longitude': 31.0447, 'Network': 'AfOL-Zw-NET8_B', 'NetworkID': 65920, 'Platform': 'PC', 'ProbeID': 'ee9579c4-65b0-4022-a765-a5105b208137', 'Version': '1.0.44.0'}|2018-07-08|200|OK|192|https://www.herald.co.zw/under-the-eaves-with-igomombe-opposition-trapped-in-own-argument-actions/|200|97|383|21510|75|730|2896574
www.southerneye.co.zw|ZW|{'ASN': 37183, 'ConnectionType': 'Ethernet', 'CountryCode': 'ZW', 'DNSResolver': '196.29.32.254', 'GeolocationAccuracy': 25000, 'IPAddress': '196.43.105.34', 'Latitude': -17.8178, 'Longitude': 31.0447, 'Network': 'AfOL-Zw-NET8_B', 'NetworkID': 65920, 'Platform': 'PC', 'ProbeID': 'ee9579c4-65b0-4022-a765-a5105b208137', 'Version': '1.0.44.0'}|2018-07-08|200|OK|6|https://www.southerneye.co.zw/2016/01/28/your-heart-is-where-your-treasure-is/|200|478|125|5817|266|1401|1235418
www.zimbabwesituation.com|ZW|{'ASN': 37183, 'ConnectionType': 'Ethernet', 'CountryCode': 'ZW', 'DNSResolver': '196.29.32.254', 'GeolocationAccuracy': 25000, 'IPAddress': '196.43.105.34', 'Latitude': -17.8178, 'Longitude': 31.0447, 'Network': 'AfOL-Zw-NET8_B', 'NetworkID': 65920, 'Platform': 'PC', 'ProbeID': 'ee9579c4-65b0-4022-a765-a5105b208137', 'Version': '1.0.44.0'}|2018-07-08|200|OK|26|https://www.zimbabwesituation.com/news/khupe-claims-chamisa-is-out-to-derail-her-campaign/|200|478|233|15148|271|1561|5259315
www.bizday.co.zw|ZW|{'ASN': 37183, 'ConnectionType': 'Ethernet', 'CountryCode': 'ZW', 'DNSResolver': '196.29.32.254', 'GeolocationAccuracy': 25000, 'IPAddress': '196.43.105.34', 'Latitude': -17.8178, 'Longitude': 31.0447, 'Network': 'AfOL-Zw-NET8_B', 'NetworkID': 65920, 'Platform': 'PC', 'ProbeID': 'ee9579c4-65b0-4022-a765-a5105b208137', 'Version': '1.0.44.0'}|2018-07-08|200|OK|0|http://www.bizday.co.zw//armyworm-threatens-a-tenth-of-zimbabwes-maize-crop-fao/|200|101|19|3059|84|1151|222779
www.technomag.co.zw|ZW|{'ASN': 37183, 'ConnectionType': 'Ethernet', 'CountryCode': 'ZW', 'DNSResolver': '196.29.32.254', 'GeolocationAccuracy': 25000, 'IPAddress': '196.43.105.34', 'Latitude': -17.8178, 'Longitude': 31.0447, 'Network': 'AfOL-Zw-NET8_B', 'NetworkID': 65920, 'Platform': 'PC', 'ProbeID': 'ee9579c4-65b0-4022-a765-a5105b208137', 'Version': '1.0.44.0'}|2018-07-08|200|OK|269|https://www.technomag.co.zw/2018/06/27/facebook-lets-some-group-admins-charge-members-for-access/|200|1116|78|14287|762|3023|2377194
www.herald.co.zw|ZW|{'ASN': 37183, 'ConnectionType': 'Ethernet', 'CountryCode': 'ZW', 'DNSResolver': '196.29.32.254', 'GeolocationAccuracy': 25000, 'IPAddress': '196.43.105.34', 'Latitude': -17.8178, 'Longitude': 31.0447, 'Network': 'AfOL-Zw-NET8_B', 'NetworkID': 65920, 'Platform': 'PC', 'ProbeID': 'ee9579c4-65b0-4022-a765-a5105b208137', 'Version': '1.0.44.0'}|2018-07-08|200|OK|2|https://www.herald.co.zw/editorial-comment-aussies-pakistan-tour-deals-detractors-a-body-blow/|200|61|300|18937|42|485|3175630
www.herald.co.zw|ZW|{'ASN': 37183, 'ConnectionType': 'Ethernet', 'CountryCode': 'ZW', 'DNSResolver': '196.29.32.254', 'GeolocationAccuracy': 25000, 'IPAddress': '196.43.105.34', 'Latitude': -17.8178, 'Longitude': 31.0447, 'Network': 'AfOL-Zw-NET8_B', 'NetworkID': 65920, 'Platform': 'PC', 'ProbeID': 'ee9579c4-65b0-4022-a765-a5105b208137', 'Version': '1.0.44.0'}|2018-07-08|200|OK|3|https://www.herald.co.zw/under-the-eaves-with-igomombe-opposition-trapped-in-own-argument-actions/#disqus_thread|200|107|384|22228|83|503|2639670
randburgsun.co.za|ZA|{'ASN': 37105, 'CityName': 'Johannesburg', 'ConnectionType': 'Wireless80211', 'CountryCode': 'ZA', 'DNSResolver': '41.73.58.66', 'GeolocationAccuracy': 25000, 'IPAddress': '197.184.52.182', 'Latitude': -26.2309, 'Longitude': 28.0583, 'Network': 'rain', 'NetworkID': 96730, 'Platform': 'PC', 'ProbeID': '6f8b6b5e-cf6b-4a1d-b05c-f8e0b8dbce4d', 'Version': '1.0.45.0'}|2018-07-08|200|OK|38|https://randburgsun.co.za/218145/petrolpricehike-call-complete-shutdown-across-south-africa-circulates-social-media/|200|252|320|15356|96|2334|4589969
randburgsun.co.za|ZA|{'ASN': 37358, 'CityName': 'Johannesburg', 'ConnectionType': 'Wireless80211', 'CountryCode': 'ZA', 'DNSResolver': '154.117.166.0', 'GeolocationAccuracy': 10000, 'IPAddress': '154.117.166.182', 'Latitude': -26.2309, 'Longitude': 28.0583, 'Network': 'BitCo', 'NetworkID': 63476, 'Platform': 'PC', 'ProbeID': '68ab3024-dc10-43eb-8b07-e9d0d80a7d3e', 'Version': '1.0.45.0'}|2018-07-08|200|OK|190|https://randburgsun.co.za/218145/petrolpricehike-call-complete-shutdown-across-south-africa-circulates-social-media/|200|137|337|29986|130|2164|4725725
germistoncitynews.co.za|ZA|{'ASN': 37105, 'CityName': 'Johannesburg', 'ConnectionType': 'Wireless80211', 'CountryCode': 'ZA', 'DNSResolver': '41.73.58.66', 'GeolocationAccuracy': 25000, 'IPAddress': '197.184.52.182', 'Latitude': -26.2309, 'Longitude': 28.0583, 'Network': 'rain', 'NetworkID': 96730, 'Platform': 'PC', 'ProbeID': '6f8b6b5e-cf6b-4a1d-b05c-f8e0b8dbce4d', 'Version': '1.0.45.0'}|2018-07-08|200|OK|40|https://germistoncitynews.co.za/181509/mandatory-recycling-to-be-enforced-in-july/|200|324|302|14420|126|2741|4357399
germistoncitynews.co.za|ZA|{'ASN': 37358, 'CityName': 'Johannesburg', 'ConnectionType': 'Wireless80211', 'CountryCode': 'ZA', 'DNSResolver': '154.117.166.0', 'GeolocationAccuracy': 10000, 'IPAddress': '154.117.166.182', 'Latitude': -26.2309, 'Longitude': 28.0583, 'Network': 'BitCo', 'NetworkID': 63476, 'Platform': 'PC', 'ProbeID': '68ab3024-dc10-43eb-8b07-e9d0d80a7d3e', 'Version': '1.0.45.0'}|2018-07-08|200|OK|186|https://germistoncitynews.co.za/181509/mandatory-recycling-to-be-enforced-in-july/|200|133|301|24582|124|2612|4276756
www.heraldlive.co.za|ZA|{'ASN': 37105, 'CityName': 'Johannesburg', 'ConnectionType': 'Wireless80211', 'CountryCode': 'ZA', 'DNSResolver': '41.73.58.66', 'GeolocationAccuracy': 25000, 'IPAddress': '197.184.52.182', 'Latitude': -26.2309, 'Longitude': 28.0583, 'Network': 'rain', 'NetworkID': 96730, 'Platform': 'PC', 'ProbeID': '6f8b6b5e-cf6b-4a1d-b05c-f8e0b8dbce4d', 'Version': '1.0.45.0'}|2018-07-08|200|OK|0|http://www.heraldlive.co.za//news/2018-06-30-negligent-driver-to-be-jailed/|200|272|139|15506|246|3404|1684194
www.heraldlive.co.za|ZA|{'ASN': 37358, 'CityName': 'Johannesburg', 'ConnectionType': 'Wireless80211', 'CountryCode': 'ZA', 'DNSResolver': '154.117.166.0', 'GeolocationAccuracy': 10000, 'IPAddress': '154.117.166.182', 'Latitude': -26.2309, 'Longitude': 28.0583, 'Network': 'BitCo', 'NetworkID': 63476, 'Platform': 'PC', 'ProbeID': '68ab3024-dc10-43eb-8b07-e9d0d80a7d3e', 'Version': '1.0.45.0'}|2018-07-08|200|OK|0|http://www.heraldlive.co.za//news/2018-06-30-negligent-driver-to-be-jailed/|200|273|155|19843|253|2979|1802816
highwaymail.co.za|ZA|{'ASN': 37105, 'CityName': 'Johannesburg', 'ConnectionType': 'Wireless80211', 'CountryCode': 'ZA', 'DNSResolver': '41.73.58.66', 'GeolocationAccuracy': 25000, 'IPAddress': '197.184.52.182', 'Latitude': -26.2309, 'Longitude': 28.0583, 'Network': 'rain', 'NetworkID': 96730, 'Platform': 'PC', 'ProbeID': '6f8b6b5e-cf6b-4a1d-b05c-f8e0b8dbce4d', 'Version': '1.0.45.0'}|2018-07-08|200|OK|52|https://highwaymail.co.za/296591/watch-fridayfoodie-go-show-today-youre-sure-big-surprise/|200|368|314|14959|256|2423|8621718
highwaymail.co.za|ZA|{'ASN': 37358, 'CityName': 'Johannesburg', 'ConnectionType': 'Wireless80211', 'CountryCode': 'ZA', 'DNSResolver': '154.117.166.0', 'GeolocationAccuracy': 10000, 'IPAddress': '154.117.166.182', 'Latitude': -26.2309, 'Longitude': 28.0583, 'Network': 'BitCo', 'NetworkID': 63476, 'Platform': 'PC', 'ProbeID': '68ab3024-dc10-43eb-8b07-e9d0d80a7d3e', 'Version': '1.0.45.0'}|2018-07-08|200|OK|182|https://highwaymail.co.za/296591/watch-fridayfoodie-go-show-today-youre-sure-big-surprise/|200|135|303|42360|127|2293|8569300
randburgsun.co.za|ZA|{'ASN': 37105, 'CityName': 'Johannesburg', 'ConnectionType': 'Wireless80211', 'CountryCode': 'ZA', 'DNSResolver': '41.73.58.66', 'GeolocationAccuracy': 25000, 'IPAddress': '197.184.52.182', 'Latitude': -26.2309, 'Longitude': 28.0583, 'Network': 'rain', 'NetworkID': 96730, 'Platform': 'PC', 'ProbeID': '6f8b6b5e-cf6b-4a1d-b05c-f8e0b8dbce4d', 'Version': '1.0.45.0'}|2018-07-08|200|OK|6|https://randburgsun.co.za/347816/take-note-licensing-centres-throughout-joburg-will-closed-tomorrow/|200|340|308|17214|153|2367|4475140
randburgsun.co.za|ZA|{'ASN': 37358, 'CityName': 'Johannesburg', 'ConnectionType': 'Wireless80211', 'CountryCode': 'ZA', 'DNSResolver': '154.117.166.0', 'GeolocationAccuracy': 10000, 'IPAddress': '154.117.166.182', 'Latitude': -26.2309, 'Longitude': 28.0583, 'Network': 'BitCo', 'NetworkID': 63476, 'Platform': 'PC', 'ProbeID': '68ab3024-dc10-43eb-8b07-e9d0d80a7d3e', 'Version': '1.0.45.0'}|2018-07-08|200|OK|4|https://randburgsun.co.za/347816/take-note-licensing-centres-throughout-joburg-will-closed-tomorrow/|200|141|301|27565|135|1952|5783139
lowvelder.co.za|ZA|{'ASN': 37105, 'CityName': 'Johannesburg', 'ConnectionType': 'Wireless80211', 'CountryCode': 'ZA', 'DNSResolver': '41.73.58.66', 'GeolocationAccuracy': 25000, 'IPAddress': '197.184.52.182', 'Latitude': -26.2309, 'Longitude': 28.0583, 'Network': 'rain', 'NetworkID': 96730, 'Platform': 'PC', 'ProbeID': '6f8b6b5e-cf6b-4a1d-b05c-f8e0b8dbce4d', 'Version': '1.0.45.0'}|2018-07-08|200|OK|143|https://lowvelder.co.za/439684/songs-praise-gaan-laeveld-weer-augustus-verlig/|200|330|319|17522|154|2364|4419150
lowvelder.co.za|ZA|{'ASN': 37358, 'CityName': 'Johannesburg', 'ConnectionType': 'Wireless80211', 'CountryCode': 'ZA', 'DNSResolver': '154.117.166.0', 'GeolocationAccuracy': 10000, 'IPAddress': '154.117.166.182', 'Latitude': -26.2309, 'Longitude': 28.0583, 'Network': 'BitCo', 'NetworkID': 63476, 'Platform': 'PC', 'ProbeID': '68ab3024-dc10-43eb-8b07-e9d0d80a7d3e', 'Version': '1.0.45.0'}|2018-07-08|200|OK|253|https://lowvelder.co.za/439684/songs-praise-gaan-laeveld-weer-augustus-verlig/|200|137|315|31538|123|2195|4568185
ladysmithgazette.co.za|ZA|{'ASN': 37105, 'CityName': 'Johannesburg', 'ConnectionType': 'Wireless80211', 'CountryCode': 'ZA', 'DNSResolver': '41.73.58.66', 'GeolocationAccuracy': 25000, 'IPAddress': '197.184.52.182', 'Latitude': -26.2309, 'Longitude': 28.0583, 'Network': 'rain', 'NetworkID': 96730, 'Platform': 'PC', 'ProbeID': '6f8b6b5e-cf6b-4a1d-b05c-f8e0b8dbce4d', 'Version': '1.0.45.0'}|2018-07-08|200|OK|61|https://ladysmithgazette.co.za/111011/water-strike-update-political-leaders-management-discuss-way-forward/|200|256|304|22035|129|3674|5261092
ladysmithgazette.co.za|ZA|{'ASN': 37358, 'CityName': 'Johannesburg', 'ConnectionType': 'Wireless80211', 'CountryCode': 'ZA', 'DNSResolver': '154.117.166.0', 'GeolocationAccuracy': 10000, 'IPAddress': '154.117.166.182', 'Latitude': -26.2309, 'Longitude': 28.0583, 'Network': 'BitCo', 'NetworkID': 63476, 'Platform': 'PC', 'ProbeID': '68ab3024-dc10-43eb-8b07-e9d0d80a7d3e', 'Version': '1.0.45.0'}|2018-07-08|200|OK|187|https://ladysmithgazette.co.za/111011/water-strike-update-political-leaders-management-discuss-way-forward/|200|145|260|35140|128|2210|4722494
www.dailymaverick.co.za|ZA|{'ASN': 37105, 'CityName': 'Johannesburg', 'ConnectionType': 'Wireless80211', 'CountryCode': 'ZA', 'DNSResolver': '41.73.58.66', 'GeolocationAccuracy': 25000, 'IPAddress': '197.184.52.182', 'Latitude': -26.2309, 'Longitude': 28.0583, 'Network': 'rain', 'NetworkID': 96730, 'Platform': 'PC', 'ProbeID': '6f8b6b5e-cf6b-4a1d-b05c-f8e0b8dbce4d', 'Version': '1.0.45.0'}|2018-07-08|200|OK|38|https://www.dailymaverick.co.za/article/2018-06-29-this-weekend-were-watching-hannah-gadbsy-survivor-sa-and-ballers/|200|624|201|16478|305|2961|4436038
www.dailymaverick.co.za|ZA|{'ASN': 37358, 'CityName': 'Johannesburg', 'ConnectionType': 'Wireless80211', 'CountryCode': 'ZA', 'DNSResolver': '154.117.166.0', 'GeolocationAccuracy': 10000, 'IPAddress': '154.117.166.182', 'Latitude': -26.2309, 'Longitude': 28.0583, 'Network': 'BitCo', 'NetworkID': 63476, 'Platform': 'PC', 'ProbeID': '68ab3024-dc10-43eb-8b07-e9d0d80a7d3e', 'Version': '1.0.45.0'}|2018-07-08|408|Test timeout|0|https://www.dailymaverick.co.za/article/2018-06-29-this-weekend-were-watching-hannah-gadbsy-survivor-sa-and-ballers/|200|0|204|0|0|0|4783908
northcliffmelvilletimes.co.za|ZA|{'ASN': 37105, 'CityName': 'Johannesburg', 'ConnectionType': 'Wireless80211', 'CountryCode': 'ZA', 'DNSResolver': '41.73.58.66', 'GeolocationAccuracy': 25000, 'IPAddress': '197.184.52.182', 'Latitude': -26.2309, 'Longitude': 28.0583, 'Network': 'rain', 'NetworkID': 96730, 'Platform': 'PC', 'ProbeID': '6f8b6b5e-cf6b-4a1d-b05c-f8e0b8dbce4d', 'Version': '1.0.45.0'}|2018-07-08|200|OK|54|https://northcliffmelvilletimes.co.za/274460/state-slammed-for-not-executing-warrants-of-arrests/|200|344|299|13812|168|2424|4414094
northcliffmelvilletimes.co.za|ZA|{'ASN': 37358, 'CityName': 'Johannesburg', 'ConnectionType': 'Wireless80211', 'CountryCode': 'ZA', 'DNSResolver': '154.117.166.0', 'GeolocationAccuracy': 10000, 'IPAddress': '154.117.166.182', 'Latitude': -26.2309, 'Longitude': 28.0583, 'Network': 'BitCo', 'NetworkID': 63476, 'Platform': 'PC', 'ProbeID': '68ab3024-dc10-43eb-8b07-e9d0d80a7d3e', 'Version': '1.0.45.0'}|2018-07-08|200|OK|184|https://northcliffmelvilletimes.co.za/274460/state-slammed-for-not-executing-warrants-of-arrests/|200|129|299|37063|122|2109|4453751
kemptonexpress.co.za|ZA|{'ASN': 37105, 'CityName': 'Johannesburg', 'ConnectionType': 'Wireless80211', 'CountryCode': 'ZA', 'DNSResolver': '41.73.58.66', 'GeolocationAccuracy': 25000, 'IPAddress': '197.184.52.182', 'Latitude': -26.2309, 'Longitude': 28.0583, 'Network': 'rain', 'NetworkID': 96730, 'Platform': 'PC', 'ProbeID': '6f8b6b5e-cf6b-4a1d-b05c-f8e0b8dbce4d', 'Version': '1.0.45.0'}|2018-07-08|200|OK|52|https://kemptonexpress.co.za/177013/connect-east-rand-south-classifieds-facebook-page/|200|461|320|14566|241|2384|5052046
kemptonexpress.co.za|ZA|{'ASN': 37358, 'CityName': 'Johannesburg', 'ConnectionType': 'Wireless80211', 'CountryCode': 'ZA', 'DNSResolver': '154.117.166.0', 'GeolocationAccuracy': 10000, 'IPAddress': '154.117.166.182', 'Latitude': -26.2309, 'Longitude': 28.0583, 'Network': 'BitCo', 'NetworkID': 63476, 'Platform': 'PC', 'ProbeID': '68ab3024-dc10-43eb-8b07-e9d0d80a7d3e', 'Version': '1.0.45.0'}|2018-07-08|200|OK|186|https://kemptonexpress.co.za/177013/connect-east-rand-south-classifieds-facebook-page/|200|129|306|23141|122|2149|4843630
www.kwevoel.co.za|ZA|{'ASN': 37105, 'CityName': 'Johannesburg', 'ConnectionType': 'Wireless80211', 'CountryCode': 'ZA', 'DNSResolver': '41.73.58.66', 'GeolocationAccuracy': 25000, 'IPAddress': '197.184.52.182', 'Latitude': -26.2309, 'Longitude': 28.0583, 'Network': 'rain', 'NetworkID': 96730, 'Platform': 'PC', 'ProbeID': '6f8b6b5e-cf6b-4a1d-b05c-f8e0b8dbce4d', 'Version': '1.0.45.0'}|2018-07-08|200|OK|74|http://www.kwevoel.co.za/2018/04/29/nuwe-wetgewing-voorsien-dat-selfoon-data-oorgedra-kan-word/|200|146|45|5892|0|3588|345996
www.kwevoel.co.za|ZA|{'ASN': 37358, 'CityName': 'Johannesburg', 'ConnectionType': 'Wireless80211', 'CountryCode': 'ZA', 'DNSResolver': '154.117.166.0', 'GeolocationAccuracy': 10000, 'IPAddress': '154.117.166.182', 'Latitude': -26.2309, 'Longitude': 28.0583, 'Network': 'BitCo', 'NetworkID': 63476, 'Platform': 'PC', 'ProbeID': '68ab3024-dc10-43eb-8b07-e9d0d80a7d3e', 'Version': '1.0.45.0'}|2018-07-08|200|OK|17|http://www.kwevoel.co.za/2018/04/29/nuwe-wetgewing-voorsien-dat-selfoon-data-oorgedra-kan-word/|200|17|45|5592|0|2533|345991
kemptonexpress.co.za|ZA|{'ASN': 37105, 'CityName': 'Johannesburg', 'ConnectionType': 'Wireless80211', 'CountryCode': 'ZA', 'DNSResolver': '41.73.58.66', 'GeolocationAccuracy': 25000, 'IPAddress': '197.184.52.182', 'Latitude': -26.2309, 'Longitude': 28.0583, 'Network': 'rain', 'NetworkID': 96730, 'Platform': 'PC', 'ProbeID': '6f8b6b5e-cf6b-4a1d-b05c-f8e0b8dbce4d', 'Version': '1.0.45.0'}|2018-07-08|200|OK|4|https://kemptonexpress.co.za/176946/a-successful-first-sir-pierre-alumni-soccer-tournament/|200|341|310|14027|153|2771|4686102
kemptonexpress.co.za|ZA|{'ASN': 37358, 'CityName': 'Johannesburg', 'ConnectionType': 'Wireless80211', 'CountryCode': 'ZA', 'DNSResolver': '154.117.166.0', 'GeolocationAccuracy': 10000, 'IPAddress': '154.117.166.182', 'Latitude': -26.2309, 'Longitude': 28.0583, 'Network': 'BitCo', 'NetworkID': 63476, 'Platform': 'PC', 'ProbeID': '68ab3024-dc10-43eb-8b07-e9d0d80a7d3e', 'Version': '1.0.45.0'}|2018-07-08|200|OK|4|https://kemptonexpress.co.za/176946/a-successful-first-sir-pierre-alumni-soccer-tournament/|200|134|299|22750|123|1980|4638131
northeasterntribune.co.za|ZA|{'ASN': 37105, 'CityName': 'Johannesburg', 'ConnectionType': 'Wireless80211', 'CountryCode': 'ZA', 'DNSResolver': '41.73.58.66', 'GeolocationAccuracy': 25000, 'IPAddress': '197.184.52.182', 'Latitude': -26.2309, 'Longitude': 28.0583, 'Network': 'rain', 'NetworkID': 96730, 'Platform': 'PC', 'ProbeID': '6f8b6b5e-cf6b-4a1d-b05c-f8e0b8dbce4d', 'Version': '1.0.45.0'}|2018-07-08|200|OK|108|https://northeasterntribune.co.za/218145/petrolpricehike-call-complete-shutdown-across-south-africa-circulates-social-media/|200|362|328|18721|166|3847|4826758
northeasterntribune.co.za|ZA|{'ASN': 37358, 'CityName': 'Johannesburg', 'ConnectionType': 'Wireless80211', 'CountryCode': 'ZA', 'DNSResolver': '154.117.166.0', 'GeolocationAccuracy': 10000, 'IPAddress': '154.117.166.182', 'Latitude': -26.2309, 'Longitude': 28.0583, 'Network': 'BitCo', 'NetworkID': 63476, 'Platform': 'PC', 'ProbeID': '68ab3024-dc10-43eb-8b07-e9d0d80a7d3e', 'Version': '1.0.45.0'}|2018-07-08|200|OK|225|https://northeasterntribune.co.za/218145/petrolpricehike-call-complete-shutdown-across-south-africa-circulates-social-media/|200|139|329|28513|129|2210|4790684
southcoastsun.co.za|ZA|{'ASN': 37105, 'CityName': 'Johannesburg', 'ConnectionType': 'Wireless80211', 'CountryCode': 'ZA', 'DNSResolver': '41.73.58.66', 'GeolocationAccuracy': 25000, 'IPAddress': '197.184.52.182', 'Latitude': -26.2309, 'Longitude': 28.0583, 'Network': 'rain', 'NetworkID': 96730, 'Platform': 'PC', 'ProbeID': '6f8b6b5e-cf6b-4a1d-b05c-f8e0b8dbce4d', 'Version': '1.0.45.0'}|2018-07-08|200|OK|95|https://southcoastsun.co.za/123237/colour-run-fun-comes-toti-fathers-day/|200|470|288|42610|230|31008|4478731
southcoastsun.co.za|ZA|{'ASN': 37358, 'CityName': 'Johannesburg', 'ConnectionType': 'Wireless80211', 'CountryCode': 'ZA', 'DNSResolver': '154.117.166.0', 'GeolocationAccuracy': 10000, 'IPAddress': '154.117.166.182', 'Latitude': -26.2309, 'Longitude': 28.0583, 'Network': 'BitCo', 'NetworkID': 63476, 'Platform': 'PC', 'ProbeID': '68ab3024-dc10-43eb-8b07-e9d0d80a7d3e', 'Version': '1.0.45.0'}|2018-07-08|200|OK|181|https://southcoastsun.co.za/123237/colour-run-fun-comes-toti-fathers-day/|200|137|291|24712|125|2135|4374148
risingsunchatsworth.co.za|ZA|{'ASN': 37105, 'CityName': 'Johannesburg', 'ConnectionType': 'Wireless80211', 'CountryCode': 'ZA', 'DNSResolver': '41.73.58.66', 'GeolocationAccuracy': 25000, 'IPAddress': '197.184.52.182', 'Latitude': -26.2309, 'Longitude': 28.0583, 'Network': 'rain', 'NetworkID': 96730, 'Platform': 'PC', 'ProbeID': '6f8b6b5e-cf6b-4a1d-b05c-f8e0b8dbce4d', 'Version': '1.0.45.0'}|2018-07-08|200|OK|40|https://risingsunchatsworth.co.za/115763/kzn-woman-trounces-global-competition-win-chance-study-oxford/|200|296|299|15051|171|3090|5758257
risingsunchatsworth.co.za|ZA|{'ASN': 37358, 'CityName': 'Johannesburg', 'ConnectionType': 'Wireless80211', 'CountryCode': 'ZA', 'DNSResolver': '154.117.166.0', 'GeolocationAccuracy': 10000, 'IPAddress': '154.117.166.182', 'Latitude': -26.2309, 'Longitude': 28.0583, 'Network': 'BitCo', 'NetworkID': 63476, 'Platform': 'PC', 'ProbeID': '68ab3024-dc10-43eb-8b07-e9d0d80a7d3e', 'Version': '1.0.45.0'}|2018-07-08|200|OK|186|https://risingsunchatsworth.co.za/115763/kzn-woman-trounces-global-competition-win-chance-study-oxford/|200|136|293|51353|129|2149|5725368
www.ondoevents.com|NG|{'ASN': 29465, 'CityName': 'Lagos', 'ConnectionType': 'Wireless80211', 'CountryCode': 'NG', 'DNSResolver': '83.143.8.0', 'GeolocationAccuracy': 25000, 'IPAddress': '197.210.10.3', 'Latitude': 6.4531, 'Longitude': 3.3958, 'Network': 'MTN-Nigeria', 'NetworkID': 63274, 'Platform': 'PC', 'ProbeID': '50bc7a5f-6f9a-4666-8e47-8903863f5fdc', 'Version': '1.0.44.0'}|2018-07-08|200|OK|274|http://www.ondoevents.com/2018/06/28/experts-laud-mrs-akeredolu-on-strategy-development-planning-workshop/|200|282|92|12040|0|4033|1444769
www.ondoevents.com|NG|{'ASN': 37340, 'CityName': 'Lagos', 'ConnectionType': 'Wireless80211', 'CountryCode': 'NG', 'DNSResolver': '197.255.160.101', 'GeolocationAccuracy': 20000, 'IPAddress': '197.242.114.204', 'Latitude': 6.4531, 'Longitude': 3.3958, 'Network': 'SPECTRANET-INET-LG-LTE_DYN_ALLOC', 'NetworkID': 61457, 'Platform': 'PC', 'ProbeID': '9f46d35d-7ad9-4b0f-84e1-1c0115de210e', 'Version': '1.0.44.0'}|2018-07-08|200|OK|273|http://www.ondoevents.com/2018/06/28/experts-laud-mrs-akeredolu-on-strategy-development-planning-workshop/|200|35|124|10902|0|3108|1669706
www.nan.ng|NG|{'ASN': 29465, 'CityName': 'Lagos', 'ConnectionType': 'Wireless80211', 'CountryCode': 'NG', 'DNSResolver': '83.143.8.0', 'GeolocationAccuracy': 25000, 'IPAddress': '197.210.10.3', 'Latitude': 6.4531, 'Longitude': 3.3958, 'Network': 'MTN-Nigeria', 'NetworkID': 63274, 'Platform': 'PC', 'ProbeID': '50bc7a5f-6f9a-4666-8e47-8903863f5fdc', 'Version': '1.0.44.0'}|2018-07-08|200|OK|270|http://www.nan.ng/environment-2/unesco-lists-as-world-heritage-korean-temples-mumbai-art-deco-japans-xtian-sites/|200|220|259|30727|0|2965|3615788
www.nan.ng|NG|{'ASN': 37340, 'CityName': 'Lagos', 'ConnectionType': 'Wireless80211', 'CountryCode': 'NG', 'DNSResolver': '197.255.160.101', 'GeolocationAccuracy': 20000, 'IPAddress': '197.242.114.204', 'Latitude': 6.4531, 'Longitude': 3.3958, 'Network': 'SPECTRANET-INET-LG-LTE_DYN_ALLOC', 'NetworkID': 61457, 'Platform': 'PC', 'ProbeID': '9f46d35d-7ad9-4b0f-84e1-1c0115de210e', 'Version': '1.0.44.0'}|2018-07-08|200|OK|354|http://www.nan.ng/environment-2/unesco-lists-as-world-heritage-korean-temples-mumbai-art-deco-japans-xtian-sites/|200|39|257|21470|0|3556|3575221
flashpointnews.wordpress.com|NG|{'ASN': 29465, 'CityName': 'Lagos', 'ConnectionType': 'Wireless80211', 'CountryCode': 'NG', 'DNSResolver': '83.143.8.0', 'GeolocationAccuracy': 25000, 'IPAddress': '197.210.10.3', 'Latitude': 6.4531, 'Longitude': 3.3958, 'Network': 'MTN-Nigeria', 'NetworkID': 63274, 'Platform': 'PC', 'ProbeID': '50bc7a5f-6f9a-4666-8e47-8903863f5fdc', 'Version': '1.0.44.0'}|2018-07-08|200|OK|162|https://flashpointnews.com/2018/06/27/2019-i-am-not-supporting-atiku-anyone-else-okowa-warns-oshiomole-others-over-inflamatory-statements/|200|369|107|14551|211|2378|3514914
flashpointnews.wordpress.com|NG|{'ASN': 37340, 'CityName': 'Lagos', 'ConnectionType': 'Wireless80211', 'CountryCode': 'NG', 'DNSResolver': '197.255.160.101', 'GeolocationAccuracy': 20000, 'IPAddress': '197.242.114.204', 'Latitude': 6.4531, 'Longitude': 3.3958, 'Network': 'SPECTRANET-INET-LG-LTE_DYN_ALLOC', 'NetworkID': 61457, 'Platform': 'PC', 'ProbeID': '9f46d35d-7ad9-4b0f-84e1-1c0115de210e', 'Version': '1.0.44.0'}|2018-07-08|200|OK|265|https://flashpointnews.com/2018/06/27/2019-i-am-not-supporting-atiku-anyone-else-okowa-warns-oshiomole-others-over-inflamatory-statements/|200|397|107|13411|238|2709|3513791
worldstagegroup.com|NG|{'ASN': 37340, 'CityName': 'Lagos', 'ConnectionType': 'Wireless80211', 'CountryCode': 'NG', 'DNSResolver': '197.255.160.101', 'GeolocationAccuracy': 20000, 'IPAddress': '197.242.114.204', 'Latitude': 6.4531, 'Longitude': 3.3958, 'Network': 'SPECTRANET-INET-LG-LTE_DYN_ALLOC', 'NetworkID': 61457, 'Platform': 'PC', 'ProbeID': '9f46d35d-7ad9-4b0f-84e1-1c0115de210e', 'Version': '1.0.44.0'}|2018-07-08|200|OK|164|https://www.worldstagegroup.com/envoy-confirms-switzerland-as-first-to-repatriate-nigerias-looted-funds/#respond|200|927|163|36853|648|7962|19521109
worldstagegroup.com|NG|{'ASN': 29465, 'CityName': 'Lagos', 'ConnectionType': 'Wireless80211', 'CountryCode': 'NG', 'DNSResolver': '83.143.8.0', 'GeolocationAccuracy': 25000, 'IPAddress': '197.210.10.3', 'Latitude': 6.4531, 'Longitude': 3.3958, 'Network': 'MTN-Nigeria', 'NetworkID': 63274, 'Platform': 'PC', 'ProbeID': '50bc7a5f-6f9a-4666-8e47-8903863f5fdc', 'Version': '1.0.44.0'}|2018-07-08|200|OK|1|https://www.worldstagegroup.com/envoy-confirms-switzerland-as-first-to-repatriate-nigerias-looted-funds/#respond|200|852|158|40603|579|5377|19484707
dailystar.com.ng|NG|{'ASN': 29465, 'CityName': 'Lagos', 'ConnectionType': 'Wireless80211', 'CountryCode': 'NG', 'DNSResolver': '83.143.8.0', 'GeolocationAccuracy': 25000, 'IPAddress': '197.210.10.3', 'Latitude': 6.4531, 'Longitude': 3.3958, 'Network': 'MTN-Nigeria', 'NetworkID': 63274, 'Platform': 'PC', 'ProbeID': '50bc7a5f-6f9a-4666-8e47-8903863f5fdc', 'Version': '1.0.44.0'}|2018-07-08|200|OK|53|http://dailypost.ng/2018/06/29/freeze-attacks-prophet-foresaw-fatal-tanker-accident-lagos/|200|168|138|8062|0|2119|2376647
dailystar.com.ng|NG|{'ASN': 37340, 'CityName': 'Lagos', 'ConnectionType': 'Wireless80211', 'CountryCode': 'NG', 'DNSResolver': '197.255.160.101', 'GeolocationAccuracy': 20000, 'IPAddress': '197.242.114.204', 'Latitude': 6.4531, 'Longitude': 3.3958, 'Network': 'SPECTRANET-INET-LG-LTE_DYN_ALLOC', 'NetworkID': 61457, 'Platform': 'PC', 'ProbeID': '9f46d35d-7ad9-4b0f-84e1-1c0115de210e', 'Version': '1.0.44.0'}|2018-07-08|200|OK|76|http://dailypost.ng/2018/06/29/freeze-attacks-prophet-foresaw-fatal-tanker-accident-lagos/|200|41|139|5832|0|2131|2152249
worldstagegroup.com|NG|{'ASN': 29465, 'CityName': 'Lagos', 'ConnectionType': 'Wireless80211', 'CountryCode': 'NG', 'DNSResolver': '83.143.8.0', 'GeolocationAccuracy': 25000, 'IPAddress': '197.210.10.3', 'Latitude': 6.4531, 'Longitude': 3.3958, 'Network': 'MTN-Nigeria', 'NetworkID': 63274, 'Platform': 'PC', 'ProbeID': '50bc7a5f-6f9a-4666-8e47-8903863f5fdc', 'Version': '1.0.44.0'}|2018-07-08|200|OK|235|https://www.worldstagegroup.com/cbn-directs-banks-to-resolve-disputes-from-unstructured-supplementary-service-data-channel-in-three-days/|200|916|160|46589|629|6385|19763257
worldstagegroup.com|NG|{'ASN': 37340, 'CityName': 'Lagos', 'ConnectionType': 'Wireless80211', 'CountryCode': 'NG', 'DNSResolver': '197.255.160.101', 'GeolocationAccuracy': 20000, 'IPAddress': '197.242.114.204', 'Latitude': 6.4531, 'Longitude': 3.3958, 'Network': 'SPECTRANET-INET-LG-LTE_DYN_ALLOC', 'NetworkID': 61457, 'Platform': 'PC', 'ProbeID': '9f46d35d-7ad9-4b0f-84e1-1c0115de210e', 'Version': '1.0.44.0'}|2018-07-08|200|OK|5|https://www.worldstagegroup.com/cbn-directs-banks-to-resolve-disputes-from-unstructured-supplementary-service-data-channel-in-three-days/|200|986|162|37817|678|6624|19854108
dailypost.ng|NG|{'ASN': 29465, 'CityName': 'Lagos', 'ConnectionType': 'Wireless80211', 'CountryCode': 'NG', 'DNSResolver': '83.143.8.0', 'GeolocationAccuracy': 25000, 'IPAddress': '197.210.10.3', 'Latitude': 6.4531, 'Longitude': 3.3958, 'Network': 'MTN-Nigeria', 'NetworkID': 63274, 'Platform': 'PC', 'ProbeID': '50bc7a5f-6f9a-4666-8e47-8903863f5fdc', 'Version': '1.0.44.0'}|2018-07-08|200|OK|47|http://dailypost.ng/2018/06/30/plateau-killings-nigerians-prayed-enough-dankwambo-tells-buhari/|200|159|218|5333|0|1873|3250324
dailypost.ng|NG|{'ASN': 37340, 'CityName': 'Lagos', 'ConnectionType': 'Wireless80211', 'CountryCode': 'NG', 'DNSResolver': '197.255.160.101', 'GeolocationAccuracy': 20000, 'IPAddress': '197.242.114.204', 'Latitude': 6.4531, 'Longitude': 3.3958, 'Network': 'SPECTRANET-INET-LG-LTE_DYN_ALLOC', 'NetworkID': 61457, 'Platform': 'PC', 'ProbeID': '9f46d35d-7ad9-4b0f-84e1-1c0115de210e', 'Version': '1.0.44.0'}|2018-07-08|200|OK|4|http://dailypost.ng/2018/06/30/plateau-killings-nigerians-prayed-enough-dankwambo-tells-buhari/|200|41|210|5170|0|1891|2728136
thenationonlineng.net|NG|{'ASN': 29465, 'CityName': 'Lagos', 'ConnectionType': 'Wireless80211', 'CountryCode': 'NG', 'DNSResolver': '83.143.8.0', 'GeolocationAccuracy': 25000, 'IPAddress': '197.210.10.3', 'Latitude': 6.4531, 'Longitude': 3.3958, 'Network': 'MTN-Nigeria', 'NetworkID': 63274, 'Platform': 'PC', 'ProbeID': '50bc7a5f-6f9a-4666-8e47-8903863f5fdc', 'Version': '1.0.44.0'}|2018-07-08|200|OK|154|http://thenationonlineng.net/mbappe-to-donate-world-cup-match-fees-to-charity/|200|177|363|28507|0|2583|14901985
thenationonlineng.net|NG|{'ASN': 37340, 'CityName': 'Lagos', 'ConnectionType': 'Wireless80211', 'CountryCode': 'NG', 'DNSResolver': '197.255.160.101', 'GeolocationAccuracy': 20000, 'IPAddress': '197.242.114.204', 'Latitude': 6.4531, 'Longitude': 3.3958, 'Network': 'SPECTRANET-INET-LG-LTE_DYN_ALLOC', 'NetworkID': 61457, 'Platform': 'PC', 'ProbeID': '9f46d35d-7ad9-4b0f-84e1-1c0115de210e', 'Version': '1.0.44.0'}|2018-07-08|200|OK|73|http://thenationonlineng.net/mbappe-to-donate-world-cup-match-fees-to-charity/|200|32|372|33422|0|1782|8100869
worldstagegroup.com|NG|{'ASN': 29465, 'CityName': 'Lagos', 'ConnectionType': 'Wireless80211', 'CountryCode': 'NG', 'DNSResolver': '83.143.8.0', 'GeolocationAccuracy': 25000, 'IPAddress': '197.210.10.3', 'Latitude': 6.4531, 'Longitude': 3.3958, 'Network': 'MTN-Nigeria', 'NetworkID': 63274, 'Platform': 'PC', 'ProbeID': '50bc7a5f-6f9a-4666-8e47-8903863f5fdc', 'Version': '1.0.44.0'}|2018-07-08|200|OK|2|https://www.worldstagegroup.com/nigerians-warned-to-stop-taking-malaria-treatment-before-laboratory-test/|200|1821|157|44970|787|8073|19619788
worldstagegroup.com|NG|{'ASN': 37340, 'CityName': 'Lagos', 'ConnectionType': 'Wireless80211', 'CountryCode': 'NG', 'DNSResolver': '197.255.160.101', 'GeolocationAccuracy': 20000, 'IPAddress': '197.242.114.204', 'Latitude': 6.4531, 'Longitude': 3.3958, 'Network': 'SPECTRANET-INET-LG-LTE_DYN_ALLOC', 'NetworkID': 61457, 'Platform': 'PC', 'ProbeID': '9f46d35d-7ad9-4b0f-84e1-1c0115de210e', 'Version': '1.0.44.0'}|2018-07-08|200|OK|5|https://www.worldstagegroup.com/nigerians-warned-to-stop-taking-malaria-treatment-before-laboratory-test/|200|951|171|40793|644|4402|19604512
www.peoplesdailyng.com|NG|{'ASN': 29465, 'CityName': 'Lagos', 'ConnectionType': 'Wireless80211', 'CountryCode': 'NG', 'DNSResolver': '83.143.8.0', 'GeolocationAccuracy': 25000, 'IPAddress': '197.210.10.3', 'Latitude': 6.4531, 'Longitude': 3.3958, 'Network': 'MTN-Nigeria', 'NetworkID': 63274, 'Platform': 'PC', 'ProbeID': '50bc7a5f-6f9a-4666-8e47-8903863f5fdc', 'Version': '1.0.44.0'}|2018-07-08|200|OK|41|http://www.peoplesdailyng.com/codeine-addicts-now-use-lacasera-tomtom-to-form-gigabyte-solution-ndlea/|200|237|124|9174|0|2576|1449583
www.peoplesdailyng.com|NG|{'ASN': 37340, 'CityName': 'Lagos', 'ConnectionType': 'Wireless80211', 'CountryCode': 'NG', 'DNSResolver': '197.255.160.101', 'GeolocationAccuracy': 20000, 'IPAddress': '197.242.114.204', 'Latitude': 6.4531, 'Longitude': 3.3958, 'Network': 'SPECTRANET-INET-LG-LTE_DYN_ALLOC', 'NetworkID': 61457, 'Platform': 'PC', 'ProbeID': '9f46d35d-7ad9-4b0f-84e1-1c0115de210e', 'Version': '1.0.44.0'}|2018-07-08|200|OK|38|http://www.peoplesdailyng.com/codeine-addicts-now-use-lacasera-tomtom-to-form-gigabyte-solution-ndlea/|200|41|142|10135|0|2503|1487928
thenationonlineng.net|NG|{'ASN': 37340, 'CityName': 'Lagos', 'ConnectionType': 'Wireless80211', 'CountryCode': 'NG', 'DNSResolver': '197.255.160.101', 'GeolocationAccuracy': 20000, 'IPAddress': '197.242.114.204', 'Latitude': 6.4531, 'Longitude': 3.3958, 'Network': 'SPECTRANET-INET-LG-LTE_DYN_ALLOC', 'NetworkID': 61457, 'Platform': 'PC', 'ProbeID': '9f46d35d-7ad9-4b0f-84e1-1c0115de210e', 'Version': '1.0.44.0'}|2018-07-08|200|OK|56|http://thenationonlineng.net/plateau-killings-south-east-miyetti-allah-preach-peace/|200|27|358|31348|0|2246|7426181
thenationonlineng.net|NG|{'ASN': 29465, 'CityName': 'Lagos', 'ConnectionType': 'Wireless80211', 'CountryCode': 'NG', 'DNSResolver': '83.143.8.0', 'GeolocationAccuracy': 25000, 'IPAddress': '197.210.10.3', 'Latitude': 6.4531, 'Longitude': 3.3958, 'Network': 'MTN-Nigeria', 'NetworkID': 63274, 'Platform': 'PC', 'ProbeID': '50bc7a5f-6f9a-4666-8e47-8903863f5fdc', 'Version': '1.0.44.0'}|2018-07-08|200|OK|45|http://thenationonlineng.net/plateau-killings-south-east-miyetti-allah-preach-peace/|200|185|353|15460|0|2004|14539034
www.latestnigeriannews.com|NG|{'ASN': 37340, 'CityName': 'Lagos', 'ConnectionType': 'Wireless80211', 'CountryCode': 'NG', 'DNSResolver': '197.255.160.101', 'GeolocationAccuracy': 20000, 'IPAddress': '197.242.114.204', 'Latitude': 6.4531, 'Longitude': 3.3958, 'Network': 'SPECTRANET-INET-LG-LTE_DYN_ALLOC', 'NetworkID': 61457, 'Platform': 'PC', 'ProbeID': '9f46d35d-7ad9-4b0f-84e1-1c0115de210e', 'Version': '1.0.44.0'}|2018-07-08|408|Test timeout|60|http://punchng.com/arsenals-cech-turns-down-offer-from-napoli/|200|35|476|41694|0|2108|19624827
www.latestnigeriannews.com|NG|{'ASN': 29465, 'CityName': 'Lagos', 'ConnectionType': 'Wireless80211', 'CountryCode': 'NG', 'DNSResolver': '83.143.8.0', 'GeolocationAccuracy': 25000, 'IPAddress': '197.210.10.3', 'Latitude': 6.4531, 'Longitude': 3.3958, 'Network': 'MTN-Nigeria', 'NetworkID': 63274, 'Platform': 'PC', 'ProbeID': '50bc7a5f-6f9a-4666-8e47-8903863f5fdc', 'Version': '1.0.44.0'}|2018-07-08|408|Test timeout|54|http://punchng.com/arsenals-cech-turns-down-offer-from-napoli/|200|189|473|34115|0|3456|55771945
www.thebreakingtimes.com|NG|{'ASN': 29465, 'CityName': 'Lagos', 'ConnectionType': 'Wireless80211', 'CountryCode': 'NG', 'DNSResolver': '83.143.8.0', 'GeolocationAccuracy': 25000, 'IPAddress': '197.210.10.3', 'Latitude': 6.4531, 'Longitude': 3.3958, 'Network': 'MTN-Nigeria', 'NetworkID': 63274, 'Platform': 'PC', 'ProbeID': '50bc7a5f-6f9a-4666-8e47-8903863f5fdc', 'Version': '1.0.44.0'}|2018-07-08|200|OK|303|https://www.thebreakingtimes.com/nnpc-says-new-power-plants-will-emerge-from-pipeline-projects/|200|868|155|13324|585|3306|3039239
www.thebreakingtimes.com|NG|{'ASN': 37340, 'CityName': 'Lagos', 'ConnectionType': 'Wireless80211', 'CountryCode': 'NG', 'DNSResolver': '197.255.160.101', 'GeolocationAccuracy': 20000, 'IPAddress': '197.242.114.204', 'Latitude': 6.4531, 'Longitude': 3.3958, 'Network': 'SPECTRANET-INET-LG-LTE_DYN_ALLOC', 'NetworkID': 61457, 'Platform': 'PC', 'ProbeID': '9f46d35d-7ad9-4b0f-84e1-1c0115de210e', 'Version': '1.0.44.0'}|2018-07-08|200|OK|251|https://www.thebreakingtimes.com/nnpc-says-new-power-plants-will-emerge-from-pipeline-projects/|200|860|115|12861|594|3243|2572899
www.peoplesdailyng.com|NG|{'ASN': 29465, 'CityName': 'Lagos', 'ConnectionType': 'Wireless80211', 'CountryCode': 'NG', 'DNSResolver': '83.143.8.0', 'GeolocationAccuracy': 25000, 'IPAddress': '197.210.10.3', 'Latitude': 6.4531, 'Longitude': 3.3958, 'Network': 'MTN-Nigeria', 'NetworkID': 63274, 'Platform': 'PC', 'ProbeID': '50bc7a5f-6f9a-4666-8e47-8903863f5fdc', 'Version': '1.0.44.0'}|2018-07-08|200|OK|1|http://www.peoplesdailyng.com/morocco-trip-when-buhari-gets-unmatched-honour-abroad/|200|256|126|8773|0|2594|1556957
www.peoplesdailyng.com|NG|{'ASN': 37340, 'CityName': 'Lagos', 'ConnectionType': 'Wireless80211', 'CountryCode': 'NG', 'DNSResolver': '197.255.160.101', 'GeolocationAccuracy': 20000, 'IPAddress': '197.242.114.204', 'Latitude': 6.4531, 'Longitude': 3.3958, 'Network': 'SPECTRANET-INET-LG-LTE_DYN_ALLOC', 'NetworkID': 61457, 'Platform': 'PC', 'ProbeID': '9f46d35d-7ad9-4b0f-84e1-1c0115de210e', 'Version': '1.0.44.0'}|2018-07-08|200|OK|5|http://www.peoplesdailyng.com/morocco-trip-when-buhari-gets-unmatched-honour-abroad/|200|34|170|13844|0|2453|2176387
www.dailytrust.com.ng|NG|{'ASN': 29465, 'CityName': 'Lagos', 'ConnectionType': 'Wireless80211', 'CountryCode': 'NG', 'DNSResolver': '83.143.8.0', 'GeolocationAccuracy': 25000, 'IPAddress': '197.210.10.3', 'Latitude': 6.4531, 'Longitude': 3.3958, 'Network': 'MTN-Nigeria', 'NetworkID': 63274, 'Platform': 'PC', 'ProbeID': '50bc7a5f-6f9a-4666-8e47-8903863f5fdc', 'Version': '1.0.44.0'}|2018-07-08|408|Test timeout|0|https://www.dailytrust.com.ng/russia-2018-kylian-mbappe-hits-double-to-fire-france-into-quarter-finals-258772.html|200|1631|578|38098|1008|4444|16578945
www.dailytrust.com.ng|NG|{'ASN': 37340, 'CityName': 'Lagos', 'ConnectionType': 'Wireless80211', 'CountryCode': 'NG', 'DNSResolver': '197.255.160.101', 'GeolocationAccuracy': 20000, 'IPAddress': '197.242.114.204', 'Latitude': 6.4531, 'Longitude': 3.3958, 'Network': 'SPECTRANET-INET-LG-LTE_DYN_ALLOC', 'NetworkID': 61457, 'Platform': 'PC', 'ProbeID': '9f46d35d-7ad9-4b0f-84e1-1c0115de210e', 'Version': '1.0.44.0'}|2018-07-08|408|Test timeout|0|https://www.dailytrust.com.ng/russia-2018-kylian-mbappe-hits-double-to-fire-france-into-quarter-finals-258772.html|200|1177|590|48052|901|4583|11409003
www.cameroononline.org|CM|{'ASN': 30992, 'ConnectionType': 'Wireless80211', 'CountryCode': 'CM', 'DNSResolver': '213.130.49.209', 'GeolocationAccuracy': 25000, 'IPAddress': '41.205.27.168', 'Latitude': 5.9333, 'Longitude': 10.1667, 'Network': 'Wimax', 'NetworkID': 64915, 'Platform': 'PC', 'ProbeID': '1ebc4dd3-da8a-4d6e-ab66-c49518532876', 'Version': '1.0.44.0'}|2018-07-08|408|Test timeout|0|http://www.cameroononline.org/cameroun-utilisation-des-reseaux-sociaux-les-gendarmes-recadres/|200|0|144|0|0|0|2208968
www.cameroononline.org|CM|{'ASN': 30992, 'ConnectionType': 'Wireless80211', 'CountryCode': 'CM', 'DNSResolver': '213.130.49.209', 'GeolocationAccuracy': 25000, 'IPAddress': '41.205.27.168', 'Latitude': 5.9333, 'Longitude': 10.1667, 'Network': 'Wimax', 'NetworkID': 64915, 'Platform': 'PC', 'ProbeID': '1ebc4dd3-da8a-4d6e-ab66-c49518532876', 'Version': '1.0.44.0'}|2018-07-08|408|Test timeout|0|http://www.cameroononline.org/huit-membres-dune-famille-meurent-dans-un-incendie-au-cameroun/|200|0|155|0|0|0|2269829
www.cameroononline.org|CM|{'ASN': 30992, 'ConnectionType': 'Wireless80211', 'CountryCode': 'CM', 'DNSResolver': '213.130.49.209', 'GeolocationAccuracy': 25000, 'IPAddress': '41.205.27.168', 'Latitude': 5.9333, 'Longitude': 10.1667, 'Network': 'Wimax', 'NetworkID': 64915, 'Platform': 'PC', 'ProbeID': '1ebc4dd3-da8a-4d6e-ab66-c49518532876', 'Version': '1.0.44.0'}|2018-07-08|200|OK|73|http://www.cameroononline.org/guerre-dheritage-muna-contre-muna-le-proces-est-lance/|200|214|151|40842|0|4940|2312492
www.cameroononline.org|CM|{'ASN': 30992, 'ConnectionType': 'Wireless80211', 'CountryCode': 'CM', 'DNSResolver': '213.130.49.209', 'GeolocationAccuracy': 25000, 'IPAddress': '41.205.27.168', 'Latitude': 5.9333, 'Longitude': 10.1667, 'Network': 'Wimax', 'NetworkID': 64915, 'Platform': 'PC', 'ProbeID': '1ebc4dd3-da8a-4d6e-ab66-c49518532876', 'Version': '1.0.44.0'}|2018-07-08|408|Test timeout|178|http://www.cameroononline.org/world-cup-2018-what-went-wrong-for-african-teams-in-russia/|200|225|184|55787|0|5909|2647843
www.cameroononline.org|CM|{'ASN': 30992, 'ConnectionType': 'Wireless80211', 'CountryCode': 'CM', 'DNSResolver': '213.130.49.209', 'GeolocationAccuracy': 25000, 'IPAddress': '41.205.27.168', 'Latitude': 5.9333, 'Longitude': 10.1667, 'Network': 'Wimax', 'NetworkID': 64915, 'Platform': 'PC', 'ProbeID': '1ebc4dd3-da8a-4d6e-ab66-c49518532876', 'Version': '1.0.44.0'}|2018-07-08|200|OK|408|http://www.cameroononline.org/belgique-ostende-fabrice-ondoa-signe-quatre-ans/|200|417|177|45944|0|6332|2467724
www.cameroononline.org|CM|{'ASN': 30992, 'ConnectionType': 'Wireless80211', 'CountryCode': 'CM', 'DNSResolver': '213.130.49.209', 'GeolocationAccuracy': 25000, 'IPAddress': '41.205.27.168', 'Latitude': 5.9333, 'Longitude': 10.1667, 'Network': 'Wimax', 'NetworkID': 64915, 'Platform': 'PC', 'ProbeID': '1ebc4dd3-da8a-4d6e-ab66-c49518532876', 'Version': '1.0.44.0'}|2018-07-08|200|OK|237|http://www.cameroononline.org/jean-alain-boumsong-prend-du-galon-a-la-federation/|200|426|171|47018|0|6754|2520946
www.cameroononline.org|CM|{'ASN': 30992, 'ConnectionType': 'Wireless80211', 'CountryCode': 'CM', 'DNSResolver': '213.130.49.209', 'GeolocationAccuracy': 25000, 'IPAddress': '41.205.27.168', 'Latitude': 5.9333, 'Longitude': 10.1667, 'Network': 'Wimax', 'NetworkID': 64915, 'Platform': 'PC', 'ProbeID': '1ebc4dd3-da8a-4d6e-ab66-c49518532876', 'Version': '1.0.44.0'}|2018-07-08|200|OK|370|http://www.cameroononline.org/lassemblee-generale-de-la-fecafoot-renvoyee-a-une-date-ulterieure/|200|270|166|47263|0|6904|2303028
www.cameroononline.org|CM|{'ASN': 30992, 'ConnectionType': 'Wireless80211', 'CountryCode': 'CM', 'DNSResolver': '213.130.49.209', 'GeolocationAccuracy': 25000, 'IPAddress': '41.205.27.168', 'Latitude': 5.9333, 'Longitude': 10.1667, 'Network': 'Wimax', 'NetworkID': 64915, 'Platform': 'PC', 'ProbeID': '1ebc4dd3-da8a-4d6e-ab66-c49518532876', 'Version': '1.0.44.0'}|2018-07-08|200|OK|510|http://www.cameroononline.org/lentreprise-agricole-cdc-victime-de-la-crise-anglophone/|200|270|176|45832|0|6463|2439709
www.cameroononline.org|CM|{'ASN': 30992, 'ConnectionType': 'Wireless80211', 'CountryCode': 'CM', 'DNSResolver': '213.130.49.209', 'GeolocationAccuracy': 25000, 'IPAddress': '41.205.27.168', 'Latitude': 5.9333, 'Longitude': 10.1667, 'Network': 'Wimax', 'NetworkID': 64915, 'Platform': 'PC', 'ProbeID': '1ebc4dd3-da8a-4d6e-ab66-c49518532876', 'Version': '1.0.44.0'}|2018-07-08|200|OK|138|http://www.cameroononline.org/pascal-miny-nouveau-directeur-general-de-camrail-communique/|200|236|172|49681|0|7106|2351035
www.cameroononline.org|CM|{'ASN': 30992, 'ConnectionType': 'Wireless80211', 'CountryCode': 'CM', 'DNSResolver': '213.130.49.209', 'GeolocationAccuracy': 25000, 'IPAddress': '41.205.27.168', 'Latitude': 5.9333, 'Longitude': 10.1667, 'Network': 'Wimax', 'NetworkID': 64915, 'Platform': 'PC', 'ProbeID': '1ebc4dd3-da8a-4d6e-ab66-c49518532876', 'Version': '1.0.44.0'}|2018-07-08|200|OK|0|http://www.cameroononline.org/microfinance-institutions-operating-within-cemac-should-comply-with-the-new-regulations-by-january-2020-cobac-says/|200|212|168|53828|0|10699|2348854
www.youm7.com|EG|{'ASN': 24835, 'CityName': 'Cairo', 'ConnectionType': 'Ethernet', 'CountryCode': 'EG', 'DNSResolver': '82.129.196.180', 'GeolocationAccuracy': 1000, 'IPAddress': '41.68.100.53', 'Latitude': 29.9965505, 'Longitude': 31.152927, 'Network': 'vodafone-Data-Routes', 'NetworkID': 59079, 'Platform': 'PC', 'ProbeID': 'eb578898-f417-46bb-8f70-0c41f6edf2d7', 'Version': '1.0.44.0'}|2018-07-08|200|OK|0|http://www.youm7.com//story/2018/7/1/فيديو-عرائس-روسيات-يلعبن-كرة-القدم-بالتزامن-مع-مباراة-فرنسا/3854743|200|169|415|31783|111|2212|4186022
www.youm7.com|EG|{'ASN': 24835, 'CityName': 'Cairo', 'ConnectionType': 'Ethernet', 'CountryCode': 'EG', 'DNSResolver': '82.129.196.180', 'GeolocationAccuracy': 1000, 'IPAddress': '41.68.100.53', 'Latitude': 29.9965505, 'Longitude': 31.152927, 'Network': 'vodafone-Data-Routes', 'NetworkID': 59079, 'Platform': 'PC', 'ProbeID': 'eb578898-f417-46bb-8f70-0c41f6edf2d7', 'Version': '1.0.44.0'}|2018-07-08|200|OK|0|http://www.youm7.com//story/2018/7/1/بيراميدز-يعلن-عدم-التفاوض-مع-النادى-الأهلى-لضم-أى-لاعب/3854749|200|168|354|30012|111|2148|2999293
www.youm7.com|EG|{'ASN': 24835, 'CityName': 'Cairo', 'ConnectionType': 'Ethernet', 'CountryCode': 'EG', 'DNSResolver': '82.129.196.180', 'GeolocationAccuracy': 1000, 'IPAddress': '41.68.100.53', 'Latitude': 29.9965505, 'Longitude': 31.152927, 'Network': 'vodafone-Data-Routes', 'NetworkID': 59079, 'Platform': 'PC', 'ProbeID': 'eb578898-f417-46bb-8f70-0c41f6edf2d7', 'Version': '1.0.44.0'}|2018-07-08|200|OK|0|http://www.youm7.com//story/2018/7/1/رئيس-حزب-التجمع-حزبنا-أول-الثائرين-ضد-الإخوان-قبل-30/3854094|200|194|346|29894|137|2259|2937858
www.masralarabia.com|EG|{'ASN': 24835, 'CityName': 'Cairo', 'ConnectionType': 'Ethernet', 'CountryCode': 'EG', 'DNSResolver': '82.129.196.180', 'GeolocationAccuracy': 1000, 'IPAddress': '41.68.100.53', 'Latitude': 29.9965505, 'Longitude': 31.152927, 'Network': 'vodafone-Data-Routes', 'NetworkID': 59079, 'Platform': 'PC', 'ProbeID': 'eb578898-f417-46bb-8f70-0c41f6edf2d7', 'Version': '1.0.44.0'}|2018-07-08|200|OK|0|http://www.masralarabia.com//توك-شو/1480161-بالفيديو--وزير-المالية--الشريحة-الرابعة-من--النقد-الدولي--ستدخل-في-ميزانية-الدولة|0|0|1|1|0|0|329
www.youm7.com|EG|{'ASN': 24835, 'CityName': 'Cairo', 'ConnectionType': 'Ethernet', 'CountryCode': 'EG', 'DNSResolver': '82.129.196.180', 'GeolocationAccuracy': 1000, 'IPAddress': '41.68.100.53', 'Latitude': 29.9965505, 'Longitude': 31.152927, 'Network': 'vodafone-Data-Routes', 'NetworkID': 59079, 'Platform': 'PC', 'ProbeID': 'eb578898-f417-46bb-8f70-0c41f6edf2d7', 'Version': '1.0.44.0'}|2018-07-08|200|OK|0|http://www.youm7.com//story/2018/7/1/وكيل-مجلس-النواب-سنوافق-على-برنامج-الحكومة-بهدف-الاستقرار/3853929|200|188|347|32032|130|2467|3160534
www.youm7.com|EG|{'ASN': 24835, 'CityName': 'Cairo', 'ConnectionType': 'Ethernet', 'CountryCode': 'EG', 'DNSResolver': '82.129.196.180', 'GeolocationAccuracy': 1000, 'IPAddress': '41.68.100.53', 'Latitude': 29.9965505, 'Longitude': 31.152927, 'Network': 'vodafone-Data-Routes', 'NetworkID': 59079, 'Platform': 'PC', 'ProbeID': 'eb578898-f417-46bb-8f70-0c41f6edf2d7', 'Version': '1.0.44.0'}|2018-07-08|200|OK|0|http://www.youm7.com//story/2018/7/1/السفارة-المصرية-بالأردن-تكرم-عمر-العبداللات-على-أغنيته-الوطنية-لمصر/3854790|200|0|374|30481|0|2247|3631583
www.masralarabia.com|EG|{'ASN': 24835, 'CityName': 'Cairo', 'ConnectionType': 'Ethernet', 'CountryCode': 'EG', 'DNSResolver': '82.129.196.180', 'GeolocationAccuracy': 1000, 'IPAddress': '41.68.100.53', 'Latitude': 29.9965505, 'Longitude': 31.152927, 'Network': 'vodafone-Data-Routes', 'NetworkID': 59079, 'Platform': 'PC', 'ProbeID': 'eb578898-f417-46bb-8f70-0c41f6edf2d7', 'Version': '1.0.44.0'}|2018-07-08|200|OK|0|http://www.masralarabia.com/sports/تحقيقات-وحوارات/1480157-فيديو--مونديال-روسيا-2018--مبابي-يقود-فرنسا-لدور-الثمانية-بالتغلب-على-الأرجنتين|0|0|1|1|0|0|329
www.masralarabia.com|EG|{'ASN': 24835, 'CityName': 'Cairo', 'ConnectionType': 'Ethernet', 'CountryCode': 'EG', 'DNSResolver': '82.129.196.180', 'GeolocationAccuracy': 1000, 'IPAddress': '41.68.100.53', 'Latitude': 29.9965505, 'Longitude': 31.152927, 'Network': 'vodafone-Data-Routes', 'NetworkID': 59079, 'Platform': 'PC', 'ProbeID': 'eb578898-f417-46bb-8f70-0c41f6edf2d7', 'Version': '1.0.44.0'}|2018-07-08|200|OK|0|http://www.masralarabia.com//الحياة-السياسية/1480158-التحالف-الاشتراكي-مشروع-قوانين-الصحافة-والاعلام-مخالف-للدستور-وانتكاسة|0|0|1|2|0|0|329
www.youm7.com|EG|{'ASN': 24835, 'CityName': 'Cairo', 'ConnectionType': 'Ethernet', 'CountryCode': 'EG', 'DNSResolver': '82.129.196.180', 'GeolocationAccuracy': 1000, 'IPAddress': '41.68.100.53', 'Latitude': 29.9965505, 'Longitude': 31.152927, 'Network': 'vodafone-Data-Routes', 'NetworkID': 59079, 'Platform': 'PC', 'ProbeID': 'eb578898-f417-46bb-8f70-0c41f6edf2d7', 'Version': '1.0.44.0'}|2018-07-08|200|OK|0|http://www.youm7.com//story/2018/7/1/محكمة-اﻷسرة-تلزم-كهربا-بدفع-185-ألف-جنيه-نفقة-عدة/3854544|200|166|368|30969|108|2537|3175808
www.youm7.com|EG|{'ASN': 24835, 'CityName': 'Cairo', 'ConnectionType': 'Ethernet', 'CountryCode': 'EG', 'DNSResolver': '82.129.196.180', 'GeolocationAccuracy': 1000, 'IPAddress': '41.68.100.53', 'Latitude': 29.9965505, 'Longitude': 31.152927, 'Network': 'vodafone-Data-Routes', 'NetworkID': 59079, 'Platform': 'PC', 'ProbeID': 'eb578898-f417-46bb-8f70-0c41f6edf2d7', 'Version': '1.0.44.0'}|2018-07-08|200|OK|0|http://www.youm7.com//story/2018/7/1/الداخلية-تضبط-15-بلطجيا-يفرضون-السيطرة-بالشوارع-ويروعون-الآمنيين/3854523|200|180|363|29956|122|2148|3090809
www.masralarabia.com|EG|{'ASN': 24835, 'CityName': 'Cairo', 'ConnectionType': 'Ethernet', 'CountryCode': 'EG', 'DNSResolver': '82.129.196.180', 'GeolocationAccuracy': 1000, 'IPAddress': '41.68.100.53', 'Latitude': 29.9965505, 'Longitude': 31.152927, 'Network': 'vodafone-Data-Routes', 'NetworkID': 59079, 'Platform': 'PC', 'ProbeID': 'eb578898-f417-46bb-8f70-0c41f6edf2d7', 'Version': '1.0.44.0'}|2018-07-08|200|OK|0|http://www.masralarabia.com//العرب-والعالم/1480159-لـ-مواجهة-إيران--كيف-يتعامل-ترامب-مع-الأزمة-الخليجية؟|0|0|1|1|0|0|329
www.youm7.com|EG|{'ASN': 24835, 'CityName': 'Cairo', 'ConnectionType': 'Ethernet', 'CountryCode': 'EG', 'DNSResolver': '82.129.196.180', 'GeolocationAccuracy': 1000, 'IPAddress': '41.68.100.53', 'Latitude': 29.9965505, 'Longitude': 31.152927, 'Network': 'vodafone-Data-Routes', 'NetworkID': 59079, 'Platform': 'PC', 'ProbeID': 'eb578898-f417-46bb-8f70-0c41f6edf2d7', 'Version': '1.0.44.0'}|2018-07-08|200|OK|0|http://www.youm7.com//story/2018/7/1/التضامن-بدء-صرف-المعاشات-بزيادة-15-وحد-أدنى-150-جنيهًا/3853940|200|173|348|30987|116|2175|3155539
www.masralarabia.com|EG|{'ASN': 24835, 'CityName': 'Cairo', 'ConnectionType': 'Ethernet', 'CountryCode': 'EG', 'DNSResolver': '82.129.196.180', 'GeolocationAccuracy': 1000, 'IPAddress': '41.68.100.53', 'Latitude': 29.9965505, 'Longitude': 31.152927, 'Network': 'vodafone-Data-Routes', 'NetworkID': 59079, 'Platform': 'PC', 'ProbeID': 'eb578898-f417-46bb-8f70-0c41f6edf2d7', 'Version': '1.0.44.0'}|2018-07-08|200|OK|0|http://www.masralarabia.com/صحافة-أجنبية/1480152-إندبندنت--هذا-ما-سيحدث-لو-انسحبت-أمريكا-من-منظمة-التجارة-العالمية|0|0|1|2|0|0|329
